file_name,transcription
COD_02589.wav,"Kama diidine waxay Feysbuug ku sameysatay Magaca oo ah Gabar Shidan oo Qanciye deris ahan jireen, "
COD_01215.wav," sidaas ayaana dad badan loo dhacay, oo waxaa ilaa shalay i soo wacayay dad sidaas lacag looga qaatay "
COD_02846.wav,"markaa ayuu ku yidhi seedi xaalka ka waran, maxaad maanta u socotay?. "
COD_05214.wav,Rajadu raasaamaalka nolosha weeyi 
COD_00890.wav,"halkaas oo ay cusbo ka soo rartaan; halka ay ragguna u sii jarmaadayaan koonfurta magaalada, "
COD_01987.wav,Wiilka curashadiisa fool ayaa ka horreyso. 
COD_00752.wav,Waa seddax war oo waaweyn oo ay ahayd in warbaahinta qabsadaan iyo horumarro dhab ah oo ay Soomaaliya ku tallaabsatay.
COD_05857.wav,Sawirka hoos ka muuqda waxaan ka soo xigtay barta Gety images 
COD_00733.wav,"loona yaqaanno buundada iloowshiyaha, maadaama ay ku hilmaamsiineyso wax kaste oo aad xusuusneyd."
COD_00633.wav,"Miyaadan arag sida erayada carabiga ahi ay ugu badan yihiin Afafka Amxaariga, Sawaaxiliga iyo Oromada khubaradooda afkuna aysan u cargaageyn sida qaarkeen oo kale? "
COD_02697.wav,"Galabkii Qanciye oo Guriga soo gelayo waxay iridka ku kulmeen Maamo Malyuun oo sii bexeysa, "
COD_03286.wav,Waxaan ku sameynaynaa tiro koob ciidanka aan haysano
COD_05252.wav, Maankaaga iyo jirkaagaba ha firfircoonaadaan.
COD_00296.wav,"Habar hooyaddii dhashay cidlo uga dhaqaaday, oo meydka hooyadeed laga dhex helay gurigii ay degganeed kaligeed,"
COD_06523.wav,"ayaa sheegay in dowladda Federaalka Soomaaliya ay ka gacan-siinayaan arrimaha hortebinta u leh oo ay ugu horreeyaan la wareegidda amniga guud ee dalka,"
COD_00554.wav,"Ma xasuusataa inta jeer ee aad khalad samaysay ee macallinkaaga, waalidkaa, deriskaaga, ama dad kale ay iska kaa cafiyeen? "
COD_03944.wav,"kuna yiri : Waxana kugula talinayaa inaad niyadaada ka dhaadhicisid inaadan xanuusanayn,"
COD_04764.wav,laakiin quburadan ku taqasuustay dilalka qorsheysan waxay isticmalaan waxyaabo kale duwan.
COD_05097.wav,Mar walba waxaan ku fikiri jiray in ay Khasab tahay inaan booqdo qabriga aabeheey
COD_00528.wav,Qoraagu ma dareemi karin maadaama uu yaraa isbeddel-ka degdegga ah ee ka muuqday wejiga Mr. Jones. 
COD_01464.wav,"Markii aan joognay TikTok wuxuu ahaa meel lagu qaraaxeysto, "
COD_00128.wav,"Markaas ayey go’aansatay inay wax ka badasho sheekooyinka qaldan ee laga sheego wadanka, dadkana la wadaagto sheekooyin wanaagsan iyadoo isticmaalaysa gabayga. "
COD_04730.wav,"Sidoo kale, waxay filayaan qaab u dhigma in ay raacaan kuwa kale."
COD_06268.wav,"oo ka mid ah siyaasiyiinta Koofur Galbeed kasoo jeeda, wuxuuna siiyay wareysi uu arrintaan kaga hadlayo warbaahinta Risaala."
COD_03169.wav,"in midi uu ka shaqeeyo sidii ay neef lagiisa iyo badhidiisaba ku cuni lahaayeen, "
COD_02963.wav,sido kale uu dareen sanaa haduu toos u dabaasho inuu sida biyiha usoo shiiri doono oo ay oogadiisa iyo dharkaba hallaabi doonaan 
COD_01064.wav,"tabankaas sano waxaan nasiib u helay in aan wax ka dhigo dugsi hoose, dhexe, sare iyo jaamacad. "
COD_02743.wav,dhib iyo rafaad badan kaddib ayuu keenay isaga oo neefkii sida.
COD_02215.wav,"Bidaar sibiq ayay kugu gashaa, shacab iyo dowladba aan ku baraarugno khatarta ka dhalan karta bannaanbaxyadaas iyo falcelinta gurracan ee dowladdu sameysay. "
COD_03728.wav,"Markii ay boqortooyadii Roomaanka qabsatay halkaas, Hegra waxay noqotay magaalo ka tirsan xukunkii Roma."
COD_02286.wav,Guddoomiyaha Xisbiga Midnimo iyo Dimuqraadiyada Salaad Cali Jeelle oo maanta Khudbad qiimo leh ka jeediyay daah furka Garoonka diyaaradaha magaalada Garowe 
COD_01177.wav,"Tiro iyo xisaabna ma leh inta jeer ee Itoobiyaanku aag ka galeen agagaarka iskuulka, ee sidaas go'doon ku galnay. "
COD_04624.wav,Waa maxay guushu sideese aad ku gaari kartaa?
COD_04682.wav,haddii kale waxaa ku mashquulin doona cida adiga kugu heeraarsan sida asxaabtaada iyo hawlo kale oo hadafkaaga dib-u-dhac u keeni kara. 
COD_02865.wav,Odayaashii ayaa faraskii markay eegeen waxay arkeen in uu farasku waxba qabin oo labada indhoodba caadi yihiin. 
COD_04758.wav,in qofka bishii loo soo diro lacagti mushaarka ayaa haddana la barayaa sidda uu qofka uu u maamuli lahaa qarashaadka soo gala.
COD_04381.wav,cigaal shudaal waxa uu ahaa nin nin dhalay oo geesi ah
COD_02568.wav,"Abul-Caas wuu aqbalay, wuxuuna ku laabtay magaalada Makka. "
COD_02798.wav,Sidaas darteed waxay isku dayaan inay dhexdhexaadiyeyaal ama nabadoonno u noqdaan kan weyn iyo kan yar.
COD_03332.wav,haddii ninka madaxweynuhu ah uu Raiisulwasaaraha uu ku keeno dan guud  waa inoo keenaa qof fiican  
COD_03258.wav,"awoodda baarlamaanka ayaa iska leh, hay’adda ugu sarreyso sharci dajinta waa baarlamaanka  kaalintoodana marna  kama bixi karaan ."
COD_04566.wav,laakiin taasi macnaheeda ma ahan inaad ku guuldarreysanayso.
COD_05719.wav,Waxse kuu dhiman Adoo Waaroo An wedba lahayn
COD_01632.wav,Iridda isbitaalkana waxaa taagan carruur iyo haween fasemask ka iibinaya dadka soo gelaya. 
COD_02122.wav,Saaxiibkey Cabdullaahi Baazi Cabdullaahi waa wiil fariid ah oo aan deris nahay.
COD_05626.wav,"Waxaa la yidhi seddex tuug ayaa maalin soo xaday hanti ku filan inta nolashooda ka dhiman, "
COD_03044.wav,"Waxa jiray nin wadaad ah oo la odhan jiray fiqishinni, waxana uu wadaad u ahaa dadka gayiga ku nool iyo boqorkaba. "
COD_01212.wav,laakiin lambarka kale ayaan kaaga soo baaqaa ee iigu soo dir.
COD_03266.wav,"marka halsano see  wax loogu qabanayaa, marka waxaa loo baahanyahay in arrintaasi  wax badan laga badalo ."
COD_00993.wav,Sidaas waxaa kaaga maqan lix iyo taban dollar. Magac kale uma haayo ee lacagtaas qaraabasalaan u aqoonso.
COD_07253.wav,nolosha farxadda ah in cid kasta ay yeelan karto laakiin lagu kala duwan yahay marka xaaladaha qaar yimaadaan. 
COD_01842.wav,Macallinka iyo ciyaartoyda Wartanabadda waxaan u rajaynayaa in ay wax fiican soo sameeyaan.
COD_03574.wav,"Nimankii hubeysanaa oo aad u careysnaa waxey ninkeyga waydiiyeen inuu sheego meesha uu geeyey jaadkii, "
COD_05132.wav,Markan Maraykanka waxa uu damacsan yahay inuu kor u qaado maalgelinta ganacsiyada gaarka ah
COD_02008.wav,"Dacwada baddu waxay afar sano taagan tahay meeshii aan uga tagnay, saddex jeer ayaa dacwada dib loo dhigay, "
COD_05445.wav,Sida laga soo xigtay xarunta Goldman Sachs 
COD_02301.wav,"Markaan fiiriyay, hadalkiisana gudaha usii galay ma ahan wax isaga kasoo maaxday, waxaanan fahmay in hadalkiisa uu yahay minguuris"
COD_04825.wav,Qasri uu xaaskiisa ugu talo galay ayuu gees ka dejiyey wiilkii.    
COD_05421.wav,Iibka guryaha ee Shiinaha ayaa hoos u dhacayay 11 bil oo xiriir ah
COD_05535.wav,sababtoo ah ma uusan dooneyn in uu quusto  oo ay xilligaas guusha raacdo shirkadaha kale ee tartan kula jira.
COD_02050.wav,"Maadaama aan irmaan ahay waxaa naasahayga ka buuxo caano, waxaana galaa musqusha si aan isaga liso. "
COD_00732.wav,"Waxaan rajeynayaa in aad igula raaxeysatay safarkaan, oo aan ka xumahay in aanan ku xusin meelo badan oo aan tegay, "
COD_01733.wav,"Ummad ku dhammaatey badaha iyo saxarayaasha adduunka iyagoo raadinaya nolol, "
COD_04252.wav,Waa socdaal haddana waa tamashle. 
COD_05693.wav,"saa waynaga maqallay: Geelle, Geeljire, Geeldoon, Geelxoor, Caanogeel iyo kuwo kale."
COD_05230.wav,Akhrinta buugaagta waxa ay noqotay mid sahlan marka ay tignoolajiyadu sii socoto.
COD_04657.wav,Waxaad noqonaysaa qof nool. 
COD_05180.wav,Sidaad hankaaga kor ugu qaadi lahayd iyo sidaad u heli lahayd dhiirigelin joogta ah.
COD_05349.wav,Waddamada qaar waxaa laga helaa dad xannaaneeya dhirta kana badbaadiya wixii cadaw ku ah.
COD_05610.wav,"Howshaas wuxuu ku jiray muddo toban sano ah, markii ugu dambeysayna wuxuu kusoo gabagabeeyay magaalada Birmingham, ee gobolka Alabama."
COD_01923.wav,"Balse Baarlamaankii ayaa difaaacay go'aankii Nuur Cadde, oo waxay Sep labo iyo tabankii sebtember, labo kun iyo sideed cod aqlabiyad ah ku diideen in xilalkii lagu soo celiyo Wasiirradii is casilay."
COD_06217.wav,"Dowladda Federaalka Soomaaliya, ayaa wado qorshe ay ku dardargelinayso inay xubin ka noqoto Urur Goboleedka Iskaashiga Dhaqaalaha Bulshada Bariga Afrika EAC."
COD_05464.wav,wax kasta waxaa baddalay dunida casriga ah.
COD_04126.wav,"Fadhiista idinkoo mahadsan nin walbana shaaca ha ka qaado cadka uu soo saaray, ayuu si gaaban u ogeysiiyey."
COD_04330.wav,"kuwaasi oo ka gilgishay gabboodfalladii 15 jirsaday ee Somaliland ku haysay dadka reer Sool, Saanag iyo Cayn."
COD_04857.wav,"Mindi ayuu inta u soo soofaystay, "
COD_04301.wav,Wuxuu arkay geed jiridii oo ka muuqata meel ku beegan hortiisa. 
COD_00384.wav,"Markii labadii wiil midba mar weeseystay ayuu odaygii is gartay wuxuuna yiri isagoo qoslaayaaya Wiilasheydiiyow waa idin gartey, "
COD_03081.wav,"Labadii nin ee is hayay markay arkeen ninkii oo subagiisii dhulka ku qubay ayay caqli xumadiisa la yaabeen, "
COD_04701.wav,"sidaas awgeed, maareynta wanaagsan waa laf dhabarta ururada guuleysta. "
COD_06177.wav," Ireland waxay si aan kala joogsi laheyn oo xooggan u waxyeeleyneysay Itoobiya labadii sano ee tegay,  "
COD_00522.wav,ilaa uu maalintii dambe soo helay wax ku filan oo uu ku iibsado sidii ay isaga la eheyd. 
COD_00811.wav,Qoys hebel BM ayaa gurigooda ku soo dhacay oo waxaa ka nool hebel iyo heblaayo kaliya. 
COD_01649.wav,Waa dareen iyo xaalad culus. 
COD_00009.wav,"Dhaqanku waxa uu leeyahay wax yaabo uu ka askumo ama uu ka abuurmo, "
COD_01283.wav,"Jirkeyga ayaa la qabsaday kofeega, oo maalinka aanan cabin waxba ma qabsan karo."
COD_04359.wav,cigaal ayaa maalin asagoo gurigiisa joogo loo sheegay inay col usoo socdaan
COD_01575.wav,Dowladdeyda waxaa lagu la xisaabtami doonaa waxqabad.
COD_06168.wav,kaas oo soo wacay Taliye Xamdi oo haysata ciidanka NISA ee garoonka diyaaradaha jooga.
COD_02554.wav,Wuuna u idmay in ay Makko la joogto ninkeeda iyo carruurteeda.
COD_04026.wav,Mustafa oo la yaaban halka ay ka dhacdey gabadha iyo waxa xilligaa meesha keeney oo is weydiinaya aayaa gurigoodii tagey.
COD_06341.wav,"oo ku saabsan walxaha duula ee aan la aqoonsan, kuwaas oo intooda badan lagu arkay iyaga oo duulaya "
COD_06138.wav,"Xarardheere, waa Magaalo Kulmisa, Xoolo dhaqato, Beeraleey iyo Kaluumaysato "
COD_00411.wav,laakiin waxaa dhici karta in dhaqanka dhulkaas Somaliland ka jira uu arrinku caadi iska yahay.
COD_07257.wav,Ka sokow noloshaas adag waxaa weli sii xoogeystay jeceylka dhexyaallo lamaanahan.
COD_00731.wav,waxaase ka sii daran magaalada Rio-de-Janeiro ee dalka Braziil oo tuugadu joogto darteed ayba adagtahay in aad bannaanka ula soo baxdo moobeelkaada.
COD_01436.wav,"Gabadhii in taleefan loo gado, kii madaxeeda lagu dhacay lacagtiisana laga dhiibo ayay noqotay."
COD_02946.wav,"Wabigaan ayaa ah gabi ahaanba mid aad u wasakhaysan uurkiisuna naftu aysan ku dareemayn raaxo, "
COD_03260.wav,waxaa ogahay hadda inay mushaaro  badan idin kama qanyihiin.
COD_00737.wav,"safaaraduhuna aysan diidi karin, una baahneyn in fiiso la iigu dhufto, aana ku mari karo dalalka caalamka aniga oo joogo gurigeyga iyo dalkeyga hooyo."
COD_01737.wav,"Waddamada khaliijku waa gobol ay usoo shaqo tagaan ummado badan oo sideennoo kale dan yar ah, "
COD_06353.wav,"Nuqulka sirta ah ee warbixintan ayaa faahfaahinaya, tirada walxaha aan duuliyaha lahayn "
COD_03588.wav,marna waan murugooday oo meel aan u ciirsi doonto ma aqaano oo xitaa deris ii garaabayo ma jirro 
COD_06842.wav,"iyo inay si joogto ah u diidan tahay dhammaan noocyada rabshadaha iyo argagixisada ee looga gol leeyahay in lagu waxyeeleeyo amniga iyo xasilloonida,"
COD_06179.wav, Codsigii dowladda ay sameysay markii ugu dambeysay waa la diiday oo dhegaha laga fureystay.
COD_01051.wav,waxaana sidan jiray ul aan ku cabsigeliyo.  
COD_05288.wav,Jirka dadka qeybtiisa kore oo wasakhda looga meyro.
COD_06231.wav,Cabdi raxman Cirro  Gacmo shisheeye ayaa hurinaayo colaada Laascaanood.
COD_04181.wav,"Shanta qaaradood waxa ka riday, qayladiyo buuqa Waa quud nin haystiyo mid raba, inuu ka qaataaye "
COD_03393.wav,"Markiiba Faraskiba intuu kooraystay ayuu waddada cagta saaray, "
COD_06617.wav,ciidamada xoogga dalka oo garabsanaya dabley hubeysan oo u abaabulan hab beeleed.
COD_00129.wav,Waligey waan jeclaa gabayga balse waligay banaaka lama imaanin oo aniga kaliya ayuu igu ekaa.
COD_01439.wav,"Waan ku kalsoonahay in aad in ay xogogaal u tahay xaaladda waxbarashada dalka, lexajeclo badanna kaa hayso. "
COD_01859.wav,"Taliyihii Nabadsugidda ayaa Muqdisho ku xiray Mucallimuu, "
COD_02807.wav,Maadaama aysan carruur kale la dhalanin waxay qaataan mid ka mid ah dabeecadaha curadka ama gura-dambeyska.
COD_01296.wav,Soomaalida iyo dadka qoro sheekooyinka mala-awaalka ah dhibaato weyn ayaa kala haysata. 
COD_02295.wav,Waxaase iyana dhanka kale jirtey dood ah in khayre uu mararka qaar soo min guuriyay khudbado ay jeediyeen madax kale oo dunida ah sida Obama.
COD_00807.wav,Deriskaygii ayaan sanado kadib dib u kulannay.
COD_01563.wav,"Subax kasta markii aan suuqa soo galo ayaan soo mari jiray, wuxuuna i siin jiray koob shaah ah. "
COD_03315.wav,waxyaabaha ay qarxiyeen haddii ay yihiin hoteelo  iyo guryo inaan dhisno annaga  
COD_01373.wav,"Mar kasta waxaan xusuustaa dadkii aan ka soo tegay, "
COD_04817.wav,"Kolkii uu tacliintii sare ka baxay, ayaa inta uu fekeray, waxa u sawirantay in uu ka dhabeeyo aqoontiisii ganacsi ee uu bartay. "
COD_06584.wav,"Soomaaliya, Kenya, Itoobiya iyo Jabuuti."
COD_02227.wav,"Waxaan arki jiray rag miisaankaas wato oo ay macaamiil la'aan heyso, "
COD_06957.wav,Afar arrimood oo laga ogaaday dilalka qarsoodiga ah ee ay fuliso dowladda Sucuudiga
COD_00283.wav,waxna laga weydiiyo sababta shaqo tan oo kale ah ay intaas u qaadatey iyadoo lacagtii wax looga qaban lahaa ay ku jirto khasnaddooda.
COD_01854.wav,waayo waa Agaasime ka faalloonaya shakhsiyadda iyo anshaxa shaqo ee uu ku bartay nin dhalinyaro ah oo uu xilli adag madax u soo noqday.
COD_01900.wav,"Arigii ayaan raadiyay, badankiis waan helay, waxaana iga maqnaatay labo iyo taban 12 neef, maqribkii ayaana guriga keenay. "
COD_03659.wav,"ka dibna Mombasa ayaan kasii aaday si aan doon uga raaco oo aan ku tagaayo Yaman, "
COD_02289.wav,Taageerada aad muujiseen midaa idiinka rabay ayey aheyd qalbigeena isla socda ayuu yiri Salaad Cali Jeelle.
COD_02856.wav,Waagii hadduu baryay ayaa ninkii faraska laahaa tuugii intuu u tagay  
COD_06006.wav,"waxaana lagu soo waramayaa inuu heshiis shaqsi ah la gaaray maalintii ugu dambeysay, "
COD_06289.wav,"Al-Shabaab ayaa sheegatay mas uuliyadda weerarkan, waxana shaacisay inay khasaare ku gaarsiisay askar ka tirsanaa ciidamada dowladda, "
COD_06563.wav,Ciidamada booliska deegeenka Ceelashada-biyaha ayaa iyaguna gacanta ku dhigay rag ka ganacsanaya maandooriyaha
COD_00226.wav,Ma diyaaradahaa tirada badanne oo  ajaanibtu sidii tagaasidii ugu xiimaayaan ayaa wax iska beddelaayaan?
COD_04415.wav,Maadaama Ingriisku aanuu aad u danaynayn Koonfurta Soomaaliya. 
COD_05452.wav,Dowladda Jarmalka waxay bilowday inay taageerto mashruucan isla markaana waxay daneysay qorshaha ku aadan baabuurta sida iskood ah isku kaxeynayo.
COD_01247.wav,"Sidii hore uma adka in kutub la raacdo maanta oo ardaygu maqal iyo muuqaal u heli karo kutubka uu rabo, "
COD_06826.wav,Maamulka Dawladda Hoose ee Hargeysa ayaa sheegay in mas uuliyiin gudoomiyeyaal degmo iyo shaqale isugu jira oo ka badan 60 qof
COD_02827.wav,Nin ayaa bari faras fiican lahaa. 
COD_02034.wav,Mana u maleynayo in uu xusuusanayay taariikhdaas ay Maryan ka sheekeynayso.
COD_06342.wav,goobaha xasaasiga ah ee ay ciidamada milaterigu kor-joogteeyaan'. 
COD_03686.wav,"Waxaan Shaqaale Weynaha Soomaaliyeed ugu hambalyeynayaa, "
COD_01434.wav,Taleefankii in lagaa dhacay waa fahmay ee kan laguu haystana muxuu ahaa? 
COD_04554.wav,Bilaabida ganacsiga marna ma fududa. 
COD_01881.wav,Taasi inqilaabkii ma baajin oo waxaa April 1978dii dalka ka dhacay afgembi dhicisoobay.
COD_03975.wav,Noqoto Mid Naxariis Leh
COD_05169.wav,"balse waxay saameyn ku yeelan karaan guud ahaan caafimaadka, xitaa mararka qaar dhimasho ayay sababi karaan."
COD_06273.wav,"Qaar ka mid ah xubnaha Baarlamanka UK ka tirsan, ayaa warbaahinta ugu waramay welwelka ay ka qabaan nidaamka ammaankooda loo sugayo,"
COD_01896.wav,"Anigoo yar ayay hooyadey iyo aabbahey kala tageen, kaddibna eeddo ayuu aabbe ii geeyay, ariga ayaana u raaci jiray. "
COD_00889.wav,"Haween jawaanno wato ayaa u sii kallahaya Wishaaqo oo ku taalla Waqooyiga Ceelbuur, "
COD_03438.wav,Qadar waa dal kaalin mug leh ka qaatay dib u dhiska Soomaaliya.
COD_05968.wav,"waxaana ay sabab uga dhigayaan in sare kaca ku yimid qiimaha Sokorta ay tahay,"
COD_03122.wav,Riyuhu waxay lo’da uga eegyihiin kaabtiga iyo kamiinta
COD_02704.wav,"Haben hore waxay ka qaaday labaatan dollar oo ay sheegtay in ku dareyso Casho Sharaf loo sameynayo Ciyaartoyda Maamul-Goboledka ay kasoo jeeddo, "
COD_00946.wav,"iyagoo leh Buuggaan ayaan todobaadkan akhrinayaa, ee adna maxaad akhrinaysaa jaalle? "
COD_06946.wav,Inkastoo Ciidanka Mariinisku ay xiriir dhow la leeyihiin Ciidamada Badda 
COD_03242.wav,"Iduhuna xaqluun waa yihiin oo xaqluun ka fiicani ma jiro; ee dooxo la ogaw, dayr dhalna ka ogaw. "
COD_05956.wav,"Faaiza waxaa ay carrabka ku dhufatay in carruurteeda mid ka mid ah uu waxbarasho Jaamacadeed uu ku jiro, "
COD_04270.wav,Biyaha balliga iyo doogga waxaa ku kala lingaxan diillin bacaad ah oo nadiif ah oo diirran oo ay biyuhu ka durkeen. 
COD_04176.wav,Waxse ka weyn oo kale oo rag walaaleeya bal ii sheega? Kalmado noocaa oo kale ah ayuu ku canaantay. 
COD_04695.wav,Maareynta wanaagsan waa laf dhabarta ururada guuleysta. 
COD_06813.wav,laguna beegsanayo meelaha muhiimka ah ee Al-Shabaab ay kaga sugan yihiin koonfurta iyo bartamaha Soomaaliya.
COD_01349.wav,"waxaana doortay in aan shaqeysto, maadaama ay qoyskeygii nolol iga sugayeen. "
COD_02497.wav,oo haddaba laga sii fikiro sidii loo dhisi lahaa dowlad kale. 
COD_02709.wav,"Shalayto Falis waxay Qaraabo Salaan u aaday Guriga Walalked, "
COD_02836.wav,"Wuxu ku jawaabay waan la fiicanyahay, laakiin faraskii ayaa la iga xaday, "
COD_01767.wav,"Meel qof kasta uu cuno dhidid-kiisa, oo aan laysku dul-noolayn,"
COD_00441.wav,maxaa yeelay dhegihiisa dhaadheer ayuu u malayn jirey geeso. Sidaa darteed dhurwaagu waa iska ilaalin jirey umana soo dhawaan jirin dameerka. 
COD_05216.wav,waa laba mid uun in aad guuleysatay ama in aad waxbaratay.
COD_05923.wav,"Waxa ay sheegeen in wasiirada ay odayaashu la kulmeen ay ugu tageen si ay ugala hadlaan,"
COD_03324.wav,"waxaa la soo saaray inaan nahay waddanka ugu musuq maasuqa badan  aduunka  boqol toddobantan iyo lix baan uga jirnaa, "
COD_06015.wav,"Sidaa darteed, kiiskan, Chelsea waxay ahayd mid aad u culus oo caddaalad ah dhibcaha qaar. "
COD_00831.wav,Xariif kale wuxuu soo qoray Adigii aqoonyahanka ahaa miyaa sidaan u hadlaayo? Sidaan waa igala rooneed ee barasho wanaagsan.
COD_02517.wav,"Waa abwaan Cabdi Muxumed Amiin, Gabiley ayuu 1935-tii ku dhashay, "
COD_05479.wav,Akhri xogta ku saabsan sida aan u abaarno bogagga dibadda.
COD_07341.wav,taasoo fursad wayn siisay in argagexisada Alshabaab ay canshuur iyo baad maalin cad Shacabka ka gurtaan.
COD_03760.wav,"haddii lagu qabto isagoo si dhuumasho ah ku socda, waa la xirayaa isla markaana waxa uu waajahayaa xukun dil ah."
COD_01224.wav,"Ehel iyo asxaab badan ayaa ifka nooga tegay iyaga oo adduunyo racdaynaya, sideenna oo kale."
COD_04465.wav,"waxay xornimada qaadatay 26-kii June 1960kii, "
COD_00401.wav,"In kii isagoo aan hubaysnayn wax kufsada isagana si daran loo xanuunjiyo, ifkana laga qariyo "
COD_05153.wav,"Lacagtaas meesha ay ku socoto annaga nalooma sheegin, ma gafe ayaa qaata,"
COD_00683.wav,"Gacmaha ayay isdhaafsanayeen iyaga oo isi salaamaya, waxaana ka muuqday isjaceyl walaaltinnimo."
COD_02982.wav,"naagtii oo qof been badan ahayd ayaa iska oohisay iyadoo leh miyaadan ilaahay ka baqayn, ma shimbirtan ayaad aaminaysaa. "
COD_06124.wav,kuwaas oo u sahlan in laga dhoofo lagana soo dago kuna furan Bad waynta India iyo Badda Cas Labadaba.
COD_04273.wav,Geed carmo ah oo humbulan ayuu hoostiisa sida diinka isku xabaalay labada indhoodna meel u bannaystay. 
COD_00974.wav,Mowduuca aad ka hadlayso iyo comment-giisu shaqo iyo shuqul iskuma leh
COD_03948.wav,"kuna jiro kan dhaqtar talo heynin waaye, ayuu kursigii ka sara kacay dhanka erida sii aaday, si uu u baxo."
COD_01242.wav,Dersiga oo saacad ah wuxuu habeen kasta naga idlaadaa oo salaadda cishaha loo istaagaa annaga oo xiiseynayna in uu sii socdo. 
COD_06192.wav," ay Ireland sii waddo inay Itoobiya weerarto ayada oo adeegsaneysa xubinnimadeeda Golaha Ammaanka QM, Midowga Yurub iyo meelo kale. "
COD_06297.wav,Waxay sidoo kale sheegtay Hay adda inay diiwaangelisay intii uu socday mudaharaadka dhinashada toddoba qof dhaawacana
COD_02920.wav,"mana kaa baxaysoo ilaa qofka ku ilaystay uu geeriyoodo, dhinto ama aad qofkii la kulantid oo ogaatid qofka uu yahay"
COD_00791.wav,"Waxaan dhagaysanayaa warka aroornimo ee idaacadda Shabeelle, oo aan subaxaas ka maqlay warkii iigu farxadda badnaa ee aan idaacadda ka dhagaystay, "
COD_00489.wav,Markaan waqtigaas soo xasuusto waxaa igu soo dhaca xaddiiskii Nabiga suubban Sallallahu Calayhi Wasallam
COD_03116.wav,"Aniga ayaaba dadka ku dhib qaba, oo marka ay indhaha i saaraan ayay dagaal igu soo qaadan."
COD_04094.wav,Garaadka ayaa na faray in nin walba shirka la yimaado cadka rag walaaleeya
COD_07293.wav,"Zelensky wuxuu ahaa mid aad iyo aad u deggan, Johnson ayaa xusuustay waqtiyadaas."
COD_02392.wav,Mudanayaal iyo marwooyin  intaana aan wax idin kaga sheegin barnaamijkeyga siyaasadeed 
COD_06472.wav,"Waraaq kasoo baxday Wasiirka Cadaaladda Puntland, Maxamed Cabdiwahaab Axmed ayaa lagu faray xabsiga afar qodob, kuwaas oo kala ah:"
COD_05935.wav,Saameynta Abaaraha ee Ku Yeesheen Ka Ganacsiga Shaaxa
COD_04970.wav,Sidii uu noo daba socday oo uu sheellare iyo hoon isugu darayey.
COD_05219.wav,Kuuma suurragal aha in aad ka cabsatid guuldarrada waayo waa jidka kaliya ee kugu ridaya guusha
COD_06359.wav,ama walxo u eg buufin ayaa lagu yidhi warbixinta.
COD_05571.wav,"Marka ay howshan billaabeysay waxay ahayd sanadkii 2008-dii,"
COD_00158.wav,"Waxaan guuleysanay kulankii labaad oo xiriir ah kaddib Koobka Adduunka, waxaan ka shaqeyn doonaa inaan sii wadno guusha."
COD_05454.wav,Waa arrin wareerkeeda leh maadama bukaanada ay ku tiirsan yihiin dhakhaatiirta.
COD_06484.wav,"War kasoo baxay Guddoomiyaha gobalka Mudug, Feysal Sheekh Cali ayaa kaga tacsiyeeyay geerida labada qof,"
COD_02421.wav,maxaa yeelay waxaa larabaa in diinteena muqadaska ah la xumeeyo oo naloo tuso inaan nahay dad xun.
COD_06295.wav,ayaa marka hore sheegtay inay aad uga xun tahay dhibaatada halkaas ka dhacday 
COD_02304.wav,Waxaan halkan idin kula wadaageynaa qaar ka mid ah khubadihii Xassan Cali Kheyre ee dhowrkii sano ee la soo dhaafay uu jeediyay.
COD_01600.wav,Soomaali oo dhan ayaana ku tiirsan adeegyada ay bixiyaan. 
COD_03550.wav,noloshaasna waxey aheyd mid aan la qabsaday oo aan ku dulqaatay in badan 
COD_00353.wav,"Waxaa si fudud uga lumay jihadii, waxaa shaki hareeyey diintiisii iyo wax kasta oo uu horay u maqli jirey "
COD_03440.wav,iyada oo Madaxweyne Farmaajo iyo Amiir Tamiim ay ka wadahadli doonaan xaaladihii ugu dambeeyay ee Gobolka 
COD_01479.wav,"Dadka ugu indhaha furan, uguna waxtarka badan ee aan arkay waa dhalinyarada wax ku soo baratay dalka Suudaan. "
COD_05577.wav,waayo waxay taban sano oo xilligaas ka horreysay ku ganacsan jireen meherad qaxwada lagu iibiyo.
COD_04400.wav,"Soomaaliya waa dal ku yaala Geeska Afrika, "
COD_02890.wav,"waxayna ku tidhi ninkii dariska ahaa war wax ma nagu dhaantaa caawa, odaygii i dhalay ayaa noo martiyee, anagana guriga waxba nooma yaalaane?. "
COD_02308.wav,"ka madax-bannaanay qabyaaladda iyo nin jecelaysiga, ka madax-bannaahay in shisheeye na iibsan karaan, "
COD_00739.wav,Soomaaliya marba mashruuc ayaa ka furmo oo lagu qaraabtaa. 
COD_00838.wav,"Iyo dad badan oo kula talinaya in uu raalligelin bixiyo, oo sumcaddiisa ilaashado. "
COD_01827.wav,"iyo sida ay danta guud ugala weyn tahay danteeda gaarka ah,"
COD_02863.wav,Ninkii ayaa yidhi  ma hubtaa. Tuugii ayaa yidhi haa waan hubaa..
COD_02676.wav,Wuxuu u sheegay in Farxadda iyo Dhoolaceyntu ay astaan u noqdeen tan iyo Maalinkuu Falis la aqal-galay.
COD_02750.wav,Gurigii markuu yimid ayaa hooyadiis aragtay digaaggii oo bakhtiyay 
COD_07114.wav,maadaama iftiinka walaxdaas aan lagu arki karin isha bini aadamka oo mutuxan.
COD_03272.wav,maahan in madaxweynah uu bishiiba seddax jeer baxo  sidaas darteed  waa in la joojiyaa dhaqankaas.
COD_03288.wav,"waxaan siinaynaa tobabar  ciidanka marka kii layaqaanay maahan, "
COD_00662.wav,"Waxaan asxaabteyda ku wargelinayaa in ciwaanka la iga jabsaday, oo uu gacanteyda ka maqnaa 24kii saac ee la soo dhaafay."
COD_02397.wav,"waana waddanka ugu hodsan magaalada marka loo fiiriyo ilaha dabiiciga ah , barnaamijkaasna waa idin horyaalaa ."
COD_03208.wav,Maalin ayaa gorayooyinkii la illaaway in la sii daayo oo ay dhulka u calaf doontaan. 
COD_07209.wav,"oo ah inay jirtay wax isdabamarin dhanka doorashada ah, "
COD_00197.wav,kaas oo socon doona ilaa xagaaga 2025.
COD_06415.wav,ee ka soconaya qeybo kamid ah goballada koonfurta iyo bartamaha Soomaaliya.
COD_00595.wav,Waxaa laga yaabaa hawl uu hadda dhammayn karo inuu dhawr jeer dib u dhigo 
COD_03859.wav,"Deegaanku wuxuu ku noqday sun meelaha qaarkood taasoo horseeday inay sare u kacdo heerka kansarka,  "
COD_03965.wav,"sidi ayan sameeyey buug jaceyl ayaan soo gatay, "
COD_05631.wav,"Midki kalena wuxuu yidhi,  Anigu waan guursan "
COD_01664.wav,Bal ka warran qofka inta noloshiisa ka dhimman asbuuciiba 2 ama 3 jeer isbitaal u tegaya in kilyaha loo dhaqo?
COD_05755.wav,Anaa ku ogoo Ayro kuma samid
COD_02969.wav,"Sida ku xusan sheekooyinkan, carruurtu sida ay qoyska ugu kala dhashaan waxay saameyn ku leedahay hab-dhaqanka shakhsiyaddooda."
COD_00542.wav,"Markay wexeedii aruursatay ayey miiska waxay soo saartay dhawr gabal oo macmacaan ah oo ay jeebka ku haystatay,"
COD_04976.wav,"Ninkii shaatiga ku dhegganaa ee mar quriga ku dhuftayna, mid baa inta ku soo haaday oo gacanta ka qabtay."
COD_00487.wav,"Yaa Allaah qaraabo, xigto iyo xigaalo badnaayaa Laabteydu waasacsnaydaa "
COD_00937.wav,Nin saaxiibkey ah oo dekadda ka shaqeeyo ayaan ku iri: dadkaan xay ahaayeen? 
COD_02778.wav,"Oo wuxuu u keenay cunto, iyo biyo. Markay cuntadii dhameeyeen wuxuu geeyey guri quruxbadan oo uu ka sameeyey caleenta muuska. "
COD_07043.wav,Tababarahaas oo lagu magacaabo Omondi. 
COD_05593.wav,waxay billabeen inay ku iibiyaan meherad ay ka sameeyeen isla magaalada Melbourne.
COD_00746.wav,"oo ah barnaamij horumarineed oo uu Bangiga Adduunku ku maalgelinayo todobaatan milyan oo doollar, "
COD_05922.wav,oo dhawaan ciidamada millaterigu ku toogteen magaalada Laascaanood.
COD_03718.wav,Halkan waxa ku yaalla qabuuro aad u badan oo lagu sameeyay dhagaxyo la qoday. 
COD_01379.wav,Waa la hadlaana looma hadlo ee maxaa haray baa loo hadlaa.
COD_00429.wav,Waxaan xasuustaa subaxdii lay geeyey sidaan indha baqaaq u ahaa. 
COD_01905.wav,"Eeddo oo maqan ayaan subixii guriga imid, wiilkii ayaana geed igu xiray. "
COD_05406.wav,Hadal-heynta ku saabsan Ronaldo ayaa cirka ku shareerneyd dhowrkii isbuuc ee lasoo dhaafay
COD_03391.wav,"Hase yeeshee wuxuu go’aan ku gaaray inuu Warkaas Hubsado, "
COD_03370.wav,"Qaramada Midoobay ayaa kulanka maanta ku tilmaantay mid xushmad ah, oo ma ay jiri doonin wax dood ah iyo go’aanno ka soo bixi doona halkaasi."
COD_06130.wav,Khawaarijtu isla Magaaladaan waxeey u isticmaalijireen uruurinta iyo askaraynta Caruurta
COD_04535.wav,Jawaabta ugu fiicanna waa inaad had iyo jeer doorataa inaad diirada saarto meelaha aad gacanta ku hayso. 
COD_05242.wav,Welwelka ku salaysan wax jira: waa mid ku saleysan sidii dhib taagan xal loogu heli lahaa.
COD_01372.wav,Waxaan kaalmaysanayay iyo aan ku meelmaray dardaarankii iyo ducadii hooyadey.
COD_05782.wav,Cisbitaalka guud ee Hargeysa wuxuu ka mid yahay taariikhda guunka ah ee dalka ingiriisku kaga tagay 
COD_01474.wav,Anigu hadda waqtigaas ma heli karo. 
COD_04440.wav,"kowda January, 1973 xukuumadda Milatterigu waxay ku dhawaaqday in afkii Soomaaliga laqoro. "
COD_02775.wav,"Dabadeedna wey ka carareen gurigoodii. Waxay u tageen Daanyeer dhex jooga beer muus ah, "
COD_00146.wav,Qeybta hore ee ciyaarta ayaa lagu kala nastay eber iyo hal ay ku hoggaamineysay kooxda Chelsea.
COD_03458.wav,Waa Wax lagu faani Karo in ay Somaliya ay Ka guuleysato cadowga
COD_01219.wav,Wuxuu ku jawaabay: Ma aniga jaamiciga ah ayaa bajaaj wadaya? 
COD_01519.wav,Waxaan degay agagaarka KM4. Mar kasta oo aan marayo isgoyska KM4 waxaan arki jiray carruur darbijiif ah oo koollo ku dhuuqeysa derbiyada.
COD_04485.wav,nin ayaa isaguna maalin soo kaxeeyay xaaskiisa si ay suuqa uga soo adeegtaan
COD_02916.wav,"Dadkii meesha joogay dhamaan way soo waysoqaateen,si ay u caawiyaan aroosada intii tabartooda ah"
COD_02855.wav,Laakiin tuugo war uma hayo in ninkii faraska uu kasoo xaday guriga joogo.
COD_01768.wav,meel muwaadinku uusan ka baqeyn muwaadin kale oo u sheegta xoog qabiil ama mid dowladeed 
COD_03124.wav,Waxaa jira laba tilmaamood oo ay riyuhu gaar u leeyihiin;
COD_00162.wav,Cristiano Ronaldo oo ka qeyb galaya semi-finalka Koobka UEFA Nations League 
COD_00256.wav,"Hubaal sammmaan iyo xummaan labadaba run iyo been waa lagaa sheegi doonaa, laakiin hubi inaad fasho wanaag aad Alle la hortagto iyo kheyr lagaa dhaxlo. "
COD_04593.wav,"Guushu maaha shay aad gaartay adigoon dadaal gelin, si kastaba ha ahaatee. "
COD_02723.wav,"Inta is-xanaajisay ayay ku tiri: hadde Maanta Jiifkeenni waa gadee, Caawa meeshaad jiifan lahed ayaa leeska rabaa."
COD_07263.wav,Raysal wasaarihii hore ee UK oo sheegay in uu Putin u hanjabay
COD_03328.wav,"dad islaam ah ayaan nahay, maxaa nagaarsiiyay inuu aduunka nala yaabo  ay yiraahadaan dadkaan  bani aadam maahaan."
COD_04152.wav,Cabbaar ayaa shib la yidhi. 
COD_05931.wav,"Isku soo baxa ayaa ka dhici doona garoonka ciyaaraha ee Eng. Yariisow ex- Koonis,"
COD_06701.wav,Maamulka boocbooca ah ee SNM waxaa ku dhici doonta khalkhal iyo fawdo. 
COD_03357.wav,Dumarka Soomaaliyeed haweenka Soomaaliyeed  oo iyaguna qeyb weyn ka qaatay  baarlamaankaan 
COD_05834.wav,"Wuxuu ii sheegay askarigaasi in dhakhtarka qalliinka samaynaayay uu u sheegay inuu yahay qofkii ugu horeeyey ee uu noloshiisa qallo,"
COD_05666.wav,waxayse soo gashay nolol cusub oo aad isu baddashay qarnigii 18aad 
COD_02626.wav,"Mar ay Saacaddu xilli dambe tahay, Shanqartuna yaraatay waxa Qosolkooda kusoo kacday Maamo Ashkiro oo Guriga wax ka degan, "
COD_02138.wav,Ustaad Jimcaale wuxuu masjidka ugu tegay ardaygii oo tukanaya. 
COD_00705.wav,"caqligeyguna wuxuu isweydiinayay sababta Singabuur oo nus qarni ka hor aheed magaalo qashinqub ah ay maanta heerkaan ku gaartay, "
COD_02452.wav,"Farriinta nabadeed ee Cabdiqeybdiid waxay leedahay miisaan gaar ah, "
COD_00556.wav,"Sida kubbad, waraf oo qofkii iska kaa cafiyey? "
COD_04059.wav,marki u jifanaa in uu yasiinka aqristo habeen habeenada ka. 
COD_00845.wav,"Haddii aad sheekada horay u akhrisay, oo aadan u baahneyn in aad ku ceshato, adiga kuguma socoto ee gab ka dheh oo ka sii soco, saaxiib."
COD_04681.wav,Waxaad u baahan tahay inaad yeelato feejignaan dheeraad ah.
COD_06142.wav,"waxaana ka xirmaya Marinkii ugu waynaa ee kala gudbinta Hubka iyo Dambiilayaasha,"
COD_03624.wav,nimanka aan la taaganahay oo uu ogyahay wixii ay nagu dhigeen ayuuba igaga xanaaqsan yahay.
COD_03972.wav,"Aniga naxdin ileen waan fashilmay wax kale aan kuhadlo mahayo,"
COD_01274.wav,"Waxaad is dhahee, bal ka wardoon meeshaan shidan. "
COD_07060.wav,Inkastoo Khalifa uu yahay ciyaartoy ka tirsan xiriirka feerka Soomaaliya hadana wuxuu tababar ahaan uga ciyaaraa kulammo ka dhaca gudaha Kenya.
COD_03551.wav,go’aansadayna in aan isaga jiro inta uu Ilaah faraj qeyr leh iiga furaayo.
COD_00404.wav,"Dadka uu Ilaahay masuuliyadda saaray waa yaqaannaan sida dhibkaas wax looga qaban karo, haddii ay daacad ka leeyihiin."
COD_02111.wav,Waa warqad ay gabar u soo dhiibtay wiil ay meelahaan ku ballameen. 
COD_00126.wav,Safarkeeda ay Soomaaliya ku imaatay waxaa ku dhiiro-galiyay rabitaanka iyo raadinta inay soo aragto Soomaaliyada wanaagsan oo ay warbaahintu sheegin.
COD_05982.wav,71 daqiiqo marka a dheesha mareysay Martinelli oo caawin ka helay saaxiibkiis Odegaard ayaa wuxuu ciyaarta ka dhigay hal iyo afar
COD_06829.wav,VOA - Xuquuqdu way dhowran tahay
COD_04155.wav,"Laba ma aha, oo saddax ma aha, waa uun hal nin oo kaliya. "
COD_01422.wav,"Dukaan moobeellada lagu gado ayay tageen, wuxuuna ku yiri: gabadhaan siiya taleefanka ay rabto. "
COD_02477.wav,"Markii ay bilaawdeen ololihii doorashada ee 1967-dii, wuxuu curiyay maansada Kuwii horay noo gubay, haddana ha u gargaarina"
COD_06152.wav,iyadoo tilmaantay in Midawga Yurub uu diyaar u yahay in uu dowladda Soomaaliya ka gacan siiyo xasilinta dalka.
COD_00437.wav,"Mudane Wasiir, waxaan rejeynaa inuu farriinteyda kuu akhriyo qof aamin ah"
COD_00450.wav,waxaa sii xoogeystay khaladaadkii ka jirey waxbarashada hoose iyo tan sare
COD_00682.wav,Dhowr milyan oo xujeey ah ayaa banka buurta isugu timid. 
COD_01806.wav,"Haddaan fahmay sababtii aad subax kasta u degdegsanaan jirtey, habeenkiina aad goor dambe usoo noqon jirtay"
COD_05140.wav,"Waan akhriyey farriintaadii, mar baan dhoolla caddeeyey, laba goorna waan murugooday."
COD_00397.wav,Waxba yaan indhaha candhuuf naloo marmarsan  ee ujeeddooyinka la leeyahay hala sheego. 
COD_06407.wav,"Shirka ayaa maalmaha uu socdo looga hadli doonaa xaalada maamulka Koonfur Galbeed, "
COD_01634.wav,Taas oo muujinaysa in isbitaalka looga yimaado ilaa Puntland iyo Somaliland.
COD_07008.wav,Waxyaabaha sannadkan dhacay Soomaaliya waxaa ka mid ah 
COD_02936.wav,"Hadda ka hor ayaa waxaa jiray Nin Boqor ah kasoo caruur ka lahaa Gabadh, "
COD_05804.wav,"oo iskugu jiray dhakhaatiir, macalimiin, dhaqalayahano iyo aqoonyahano kala duwani"
COD_00387.wav,"Mid yaroo 'laqan' ah oo dadka ka weyn xagxaganaaya haddii aad aragto,  wuxuu garab marsan yahay barbaarintii toosneed."
COD_02545.wav,maadaama ay wabiyadu yihiin isha koobaad ee cunnada iyo biyaha Soomaaliya. Soomaaliyeey toos.
COD_01391.wav,Maalin hore ayaan xeebta Liido u waday wiil yar oo ila dhashay oo iskuulka loo fasaxay. 
COD_01093.wav,"kaddib, ayuu Madaxweyne Farmaajo magacaabay maareerayaha hay'adda,iyo maareeye-ku-xigeenka oo uu Caydaruus u magacaabay."
COD_01013.wav,"waa ismoodsiin, qeyrumasuulnimo iyo dayac ku talagal ah."
COD_03083.wav,Saddexdii garaadka xumaa halkaa ayay ku kala tageen.
COD_07162.wav,"Xoogaa dhaqdhaqaaq yar ah ayey sameeyeen kooxaha Chelsea uga sarreeya kala horreynta dhibcaha horyaalka Ingiriiska ee sanadkan,"
COD_05978.wav,iyagoo sameeyay fursado badan ee goolal loo filan karay.
COD_00903.wav,"Shirkii waan ka soo baxay oo bagaaliyaha gaariga ayaan soo koray, si aan wax badan u arko. "
COD_07140.wav,halka Scotland ay tahay labaatan seddax khonton iyo sagaal.
COD_04488.wav,"gabadhii la yidhi dookhaaga cug oo ciyaar, "
COD_00874.wav,"Khibrad ku filan ayay u leeyihiin Madaxda Maamulka Somaliland, oo looga sheekeyn maayo halka uu ku dambeyn doono "
COD_00895.wav,"Waxaan ka baxnay dhulkii aan aqoonnay, waxaana galay deegaanno igu cusub. "
COD_00660.wav,Koox qalbi xabxab ah ayuu sidaas ku dhacayaa. 
COD_00761.wav,uu 24kii saac ee la soo dhaafay ka ka hadalheyn badnaa barnaamijka Guurdoon ee xarunta Guryasamo.
COD_05476.wav,Mustaqbalka waxaa dhici kartaa in bangiyada qaar ay iska xiraan xarumahooda maadama adeegyada ay ku fulin doonaan Online-ka.
COD_02616.wav,"Qanciye oo ah Nin Naxariis iyo Dulqaad kulansaday si degan ayuu ula hadlay Xaaskiisa, "
COD_01302.wav,Maqaalkii maba dhammeysan ee wuxuu comment iigu soo qoray: Xaa beenta kugu xaqsahaa Xuseenow? 
COD_01139.wav,Bal muu isagu duceysto haddiiba ducadiisa wax lagu helayo.
COD_03618.wav,"aniga waxaan u heystay wax caadi ah, laakiin maalin baa anoo lacagtii meesha ku sugaaya waxaa arkay odey adeerkey ah oo jidka maraaya, "
COD_03150.wav,Sida la ogyahay soomaalida iyo Timirta sheekooyin badan ayaa dhexmaray.
COD_01458.wav,Hooyo iyo walaalo ayaa ii joogo. 
COD_06169.wav,Sidoo kale wuxuu sheegay in mudadii saacadaha ahayd ee lagu haystay gudaha garoonka Aadan Cadde 
COD_00094.wav,marka ay heeseyso iyada keligeed ayaa heesi jirtay oo way ka xishoon jirtay inay maansadeeda la wadaagto dadka kale marka laga reebo qoyskeeda.
COD_02873.wav,kadib faraskii waa laga fogeeyay meeshii la isku haystay. 
COD_00301.wav,iyadoon waalidkood raalli ka ahayn ayaa wuxuu kaala hadlayaa anshax iyo akhlaaq.  
COD_00017.wav,"tiirarkaas waxa kamida; caadooyinka, diinta, lebiska, cuntadda, luuqada, suuggaanta iwm."
COD_00969.wav,Shirkadihii iyo shakhsiyaadkii ayaa Faysbuug soo dhigaya abaalmarinnadii ay soo iibsadeen. 
COD_04634.wav,Farxaddu waa furaha guusha. 
COD_01812.wav,Hadda ayaan fahmay sababta wax aan u baahannahay u siin jirtey markay noo yimaadaan dad nooga baahi badan 
COD_04242.wav,"Laba sano iyo dheeraad baa dhacdadaas laga joogaa, laakiin dilku ma aha waxyaalaha sida fudud ku duugooba. "
COD_01609.wav,"Waxay dhiirrigeliyaan waxbarashada, diini iyo maaddiba. "
COD_04690.wav,waadna noqon kartaa haddii aad go'aansato.
COD_06567.wav,"Howlgalkaas waxaa lagu soo qabtay naag majeerteen ah oo shabaab hubka u keydin jirtay,"
COD_06467.wav,"Min mudug ilaa iyo jubada hoose oo dhul hawiye ah, "
COD_02434.wav,"codkiina i siisaan  inaan halkaasi ka bilaabo dadkaas walaalaheen inaan la fariisano wax allaale waxay tabanayaan sidaacada oo ilaahay dartiisa inaan ugala xaajoono,"
COD_02977.wav,Goorta ninu uu safarka u baxo ayaa naagtiisii iyo wiilka quruxda badanaa ay sheekaysan jireen. 
COD_05008.wav,"Beri hore, ayaa waxaa jiray tuulo yar oo ku taalla Soomaaliya, bariga Afrika."
COD_01714.wav,"Sidaas awgeed arrintu waxay tahay badaheena waxaa ka buuxa khayraad farabadan, "
COD_06261.wav,si halkaas ay ugu bilaabaan qaban qaabada shirkaas.
COD_01025.wav,"Haddii uu Faysbuug ku arko walaashiis oo soo dhigtay sawir aysan si fiican u asturneyn, inta is ciilo, oo waco ayuu ku amraa in ay degdeg uga saarto, "
COD_01910.wav,Alle mahaddiis gacmaheyga waan ku adeegtaa. 
COD_05474.wav,"Bangiyo badan oo adduunka ku yaalla, waxay haatan yareynayaan shaqaalaha "
COD_02885.wav,"Markii uu odaygii xaafaddii soo galay ayaa qoyskii ilaahay naxdin iyo yaab u keenay, "
COD_04832.wav,"Muuse, in uu dacwo iyo dagaal galo iska daaye, xataa ma dareensiin in uu la socdo dhubuqdhubuqdooda."
COD_03232.wav,"Wiilwaal iyo wiilkii markay kulmeen ayaa kii yaraa yidhi abti iska waran, maxaad sheegtay?. "
COD_03469.wav,"dhinacyadana waxey u ridayeen xabado kale, "
COD_02727.wav,"Caawa Carawelo iyo Falis oo Jiif cusub keensatay ayaa Guriga bagaaxayo, "
COD_05419.wav,Shirkaduhu waxay xayaysiiyeen heshiisyo ay dadka ugu oggolaanayaan inay isticmaalaan wax-soo-saarka beeraha 
COD_03885.wav,Waxaa mudan in la xasuusto inay sidoo kale ahayd xilli na siiya dhiig daadanaya taariikh aan horay loo arag. 
COD_03040.wav,Bari dambe ayaa deegaankii waxa u dhashay wiil aad u caqli badan oo raganimo ku dhammaatay. 
COD_01774.wav,Bilaash ku qaado wax qeyrkaa qiimo adag ugu kacay
COD_05243.wav,Welwelka ku saleysan male awaalka: waa ka lagu male awaalayo waxa ugu xun ee dhici kara
COD_04379.wav,waxuuna ku jawaabay war kuwaas madaxa madow waxay kasoo dideen baan kasoo diday. 
COD_06232.wav,"Msuaharax Madaxweyne ee xisbiga wadani Cabdiraxmaan Maxamed Cirro oo ka hadlay xiisadda Laascaanood,"
COD_02239.wav,41 furin ayayna isku farasaareen Ingiriiska oo uu midkood uga dilay Koofil oo ahaa taliyihii ciidanka Ingiriiska. 
COD_03405.wav,"Markiiba Wiilwaal Wuxuu bilbabay isagoo isu sheegin inuu garaadka Wiilka uu abtiga u yahay tijaabiyo, "
COD_00075.wav,Mursal wuxuu lahaa hibo gaar ah. Gabay marka uu idaacad ka maqlo wuu xifdin jirey markaas ayuu la waadaagi jiray asxaabtiisa.
COD_04947.wav,"Xataa kulankeeda waa ka fa'iidaa oo, xolihiisa waa u turtaa oo, wax kasta oo ku baxa iyada ayaa bixisa."
COD_01407.wav,Isagoo taleefankii haysta ayaan gaarnay laanta xalwo Boqolsoon ee suuqa Dahablaha. 
COD_01931.wav,"Waxaana dalka doorasho gaarsiiyay Raysulwasaare Nuur Cadde iyo siihayihii Madaxweynaha, Sheekh Aadan Madoobe."
COD_07029.wav,wuxuuna ka galay kaalinta labaad. 
COD_06422.wav,"Hoggaamiyaha Puntland ayaa intaa ku daray in Soomaaliya ay hada marayso marxalad soo kabasho ah,"
COD_07296.wav,"Ma uusan aqbalin dalabkan. geesinimo ayuu ka doortay,  ayuu yidhi."
COD_00327.wav,"Ha rumeysan wax kasta oo aad maqasho. Waxaa in badan nalaku ibtileeyey fudeyd iyo dhoohanaan, iyo in benaale kasta oo isu keen ooyiya aan la oyno,  "
COD_03554.wav,Haseyeeshee illaa in muddo ah uma aysan suuro galin in gawaarida dhacaan oo maleeshiyooyin jaadkaasi galbinayey ayaa iska difaacayey. 
COD_04109.wav,Kolkaa ayuu cabbaar qadariyey fikraddeeda. 
COD_00870.wav,Beesha Caalamka waxaan ka codsanaynaa in ay arrimaha Awards-ka Soomaaliya soo farageliso.
COD_02016.wav,Waxay isla garteen in ay qorshaha waxbarashada dib u dhigaan oo ay hadda wax ka qabtaan baahida nololeed ee kaamka ka taagan.
COD_00471.wav,ee aan u malaynaayo inay sii yaraanaayaan dadka yaqaanna 
COD_07079.wav,Muxuu yahay tartanka Mo Farah uu wadnaha farta ugu hayo?
COD_00814.wav,"Hebelna meydkiisa ayaa la qaadi waayay, kadibna eeyo ayaa meel heblaayo ku cunay, ayaa la is yiri."
COD_03777.wav,"amaba gurigaaga aad ku nadiifiso masaxaadda korntada ku shaqeysa, "
COD_03296.wav,markaas waxaan ka rabnaa inay anshax la yimaadaan  kii ku takri fala awooddiisa ama shacabka dhibaateeya 
COD_03058.wav,Balse wiilkii yaraa qardhaastii wuu calaliyay oo uu liqay. 
COD_00427.wav,Waxaa kale oo loo yaqaanna ushaas 'serbi ama sarbi'. 
COD_04806.wav,"Ka ambabax oo, kaxaysay dhawr rati oo korommo ah, xoogaa dibi ah iyo xeynta jar ah."
COD_05066.wav,"ooga salaada, bixiya sakada, lana rukuuca kuwa rukuuca"
COD_03829.wav,"Iyada oo leh shabakad kala durugsan oo saldhigyo iyo shabakado saadka ah, "
COD_03768.wav,"waxay u diidday sanadkii 2007, suufiyada Tibetan-ka iney wax isku soo ekaysiiyaan, "
COD_05941.wav,"taas oo ay sababtay sida ay noo sheegeen qaar ka mid ah oo aan la kulannay in ay tahay sare u kac ku yimid qiimaha la iibiyo Sokorta, "
COD_01736.wav,"Mudane Madaxweyne, Farriintaan haka illoobin Carabta"
COD_05521.wav,In guuldarada aanan ka cabsan waxay barbar socotaa in guuldarada aadan ka qoomameyn.
COD_05823.wav,"Sheekooyinka qaarkood aniga qayb ka mid ah markhaatiyo uga ahaa, qaarkoodna waxaa iiga sheekeeyey dad ay ku dhacday."
COD_02628.wav,"Kolley Qanciye oo Gabadhada ka qoslinaya ma arki jirine caawa muxuu ku aqriyay, Tolow ma sixraday ayay is weydiisay?"
COD_01333.wav,"Waxaa ii xigtay in aan darawal ka noqday gaari bas ah, oo aan taksiile uga sii dallacay. "
COD_04134.wav,Hadal afka ka weyn iyo talo haween raace tagoogtuu ka jabaa iyo maahmaahyo la midab ah ayuu xusay.
COD_06463.wav,mar dhow baana la xoreeyn doonaa  insha’allaah.
COD_02895.wav,Ninkii sidii ayuu ku siiyay gabadhii lugtii sagaarada isaga oo gabadhana wax ka sugaya.
COD_00398.wav,"Kufsi waa fal dambiyeed, in laga hortagana uma baahna waxaas oo iska daba wareeg ah. "
COD_00211.wav,"Wuxuu maalintaas noo yimid isagoo cantoobtiisa farihiisa oo laaban wax ku soo qariyey,  "
COD_01290.wav,Markaas ayay maamulka meesha hurdada ka kacayaan oo waagu u beryayaa. 
COD_04272.wav,Markii uu cid arki waayey sida askari dagaal ku jira ayuu suxullada iyo jilbaha ku gurguurtay oo hore u durkay ilaa uu dharkii u jirsaday toban tallaabo oo keliya. 
COD_04652.wav,Marka horeba u door mustaqbalkaaga waxa aad jeceshahay inaad noqoto. 
COD_07058.wav,"markii dambena tartankii feeryahannada dalka oo dhan loo dhigay ayuu kaalinta labaad ka galay, "
COD_03775.wav,"Magaalada Melbourne ee dalka Australia ayaa ka mid ah magaalooyinka ugu quruxda badan dunida, "
COD_05059.wav,"Adiga ubnaa ku caabudaynaa, adiga unbaana kaa kaalmo waydiisanaynaa"
COD_04751.wav,siddaa darteed lama dejin karo lamana joojin karo.
COD_04892.wav,Xoogaa markii ay dib u sii raaraacday ayaa waxa ay aragtay wax ay ka naxdo
COD_01700.wav,Bannaanka ayaan u baxay. Waa labo hooyo oo isla socoto oo iibinaya beer iyo killi ari oo fareesh ah.
COD_04371.wav,"waxaa kusoo facleeyey naylo ama ubad badan si xoog lehna ugu yaacaya dhinicii guriga, "
COD_02313.wav,"inta aan madaxda nahay, anigoo ku hadlaayo kayga iyo kan madaxweynaha, sharafta aan raadinayno kama raadinayno qabqableyaal, "
COD_07220.wav,"Mareykanku waa in uusan gabbaad u noqon ninkaasi,"
COD_01629.wav,Ciiddana waxaa Muqdisho laga daahfurayaa Masjid uu aabbihiis u waqfay. 
COD_01119.wav,Markii dambe waxaa ku soo biiray dhallinyaro kale oo uu ku jirey walaalkiis 
COD_00830.wav,"Mid kale ayaa yiri Qurux magaalo aa ka sheekeynee, welina kama soo hadlin arrinta Laasacaano. Qabyaalad ayaa kaa buuxdo ee Allaha ku caafiyo. "
COD_01504.wav,"Waxay ku guuleysteen in ay joogteeyaan qaaraankaas oo ay wadaan muddo ku dhow 20 sano, "
COD_05679.wav,Geelu waxa uu ka mid yahay afarta maal-adduunyo ee Soomaalidu haysashadooda ku hammi jireen.
COD_01789.wav,Baro inaad ka samirto kana maaranto wax aad jeclayd oo  aad gaari weyday 
COD_05886.wav,"oo ay barbar socdeen soo celinta adeegyadii dowliga ahaa iyo kuwa gaar ahaaba,"
COD_01578.wav,"Eeyaha ayaa dhalmo badan, waayo halkii mar eeygu wuxuu dhalaa ilaa todobo cunug, "
COD_02501.wav,"Markii uu labo sano Yaman joogay ayaa waxaa u cuntami weysay in uu dalkiisii dibadjoog ka ahaado, "
COD_00081.wav,"Soomaaliya, gabaygu waa sida aalad oo kale oo awood badan, loo isticmaali karo nabadda iyo colaadaha, waana sababta Soomaaliya loogu yeero umaddii Abwaannada,"
COD_02019.wav,kadibna waxay u tageen qaar ka mid ah hoteellada iyo maqaayadaha Muqdisho. 
COD_04788.wav,Haddaba hadii aad u baahan tahay barashada cilimiga password-ka waxaad u baahan tahay in aad barato maadada Cryptology 
COD_05876.wav,tallaabada noo xigta waa inaan u ololeynaa in sharciga la beddelo. 
COD_00396.wav,"oo madmadow badan oo aan kufsi shaqo ku lahdyn ka buuxo, dhiirrigelinaya dhilleysiga"
COD_06084.wav,"Shalay ayaa lagu waday in shirka dib u heshiisiinta Koofur uu ka qabsoomo magaalada Baydhabo,"
COD_02979.wav,balse waxa arrintaa la socday shimbirkii uu ninku guriga keentay. 
COD_00740.wav,Erayadaan micnaha adduunku u yaqaan iyo kan Soomaaliya looga yaqaan waa kaaf iyo kaladheeri.
COD_01028.wav,"Maalinkii uu arko meel gabadhaas looga sheekeynayana wuxuu dhahayaa War taas naf badan ma leh, oo waa qurux khasaartay."
COD_01081.wav,Wuxuu kaalin weyn ka qaatay baraarugga dad badan oo la indhasarcaadin jiray. Marnaba ma amban intii halgankaas lagu jiray. 
COD_04491.wav,"iyada oo laabta ka ogsoon in hadyadani meel kale u socoto, "
COD_05714.wav,"Isha geeljiruhu waxa ay ku doogsato, araggeeduna ku samaadaa waa hasha,"
COD_01897.wav,Aniga oo 9 jir ah ayaan subax ari raacay. 
COD_03569.wav,waxaan ogaaday in dhamaanba 14 istaafka ahaa ee guriga joogeen ee ninkeyga saaxiibadiisa ahaayeen intoodii badneydna la dilay 
COD_00525.wav,"laakiin qoraagu si kalsooni leh ugu jawaabay ‘ha welwelin, haa waa haystaa’. "
COD_02526.wav,"Wabiyada Jubba iyo Shabeelle oo ah isha koobaad ee biyaha Soomaaliya waxay ka soo burqadaan dhulka sare ee buuraleyda Itoobiya, "
COD_00333.wav,Waxaan is weydiiyay shahaadooyinkaas ma sahal ayaa markii hore lugu helay? 
COD_01015.wav,"iyaga oo og in aan wax natiijo ah laga soo saarin boqolaalkii ay horay bulshada ugu soo gudbiyeen in lagu sameyn doono baaris degdeg ah,"
COD_05498.wav,Haddii aad lacag sameysid wax badan ayaad qaban kartaa.
COD_03165.wav,Markay qorraxdii dhacday ayaa waxa soo xera galay xoolihii. 
COD_01944.wav,5 maalin ayaan asbuucii Jaamacadda dhiganayay. 
COD_02974.wav,"Ninku wuxu qabay xaas aad u qurux badan, carruurna aan u lahayn. "
COD_03059.wav,Boqorkii oo markii horeba cabsi ka haysay wiilka talo ayaa ku caddaatay oo wax uu sameeyay ayuu garan waayay.
COD_01689.wav,waxaana guriga tegay anigoo faraxsan oo ay iga muuqdaan daalkii iyo wasaqdii shaqada.
COD_04820.wav,"Maantiii uu ganacsigiisu tisqaaday, ayuu joogteeyey ka-warqabidda iyo taageerada adeerradi. "
COD_04358.wav,wuxuuna dhahay garo way i garan wayna i gaadin.
COD_04588.wav,Marwalbana ku dedaal sidii aad u arki lahayd sawirka guud ee horumarka leh. 
COD_05442.wav,Darawalnimada ayaa kamid ah shaqooyinka meesha ka bixi karo
COD_04095.wav,sidaa awgeed waa inaan bowdadan qaadaa aad bay iila buuran tahay 
COD_01236.wav,Waxaan dhexda soo dhigannaa rikoorka oo noo ah Shiikha wax aan wax ka baranno.
COD_03262.wav,waxaynu ognahay waa caado xumo  waxyaabaha dowladdaan  16 sano la dhaqaaqi waysay  
COD_00155.wav,ciyaar qeyb ka ahayd kulammada toddobaadkan ee horyaalka Premier League.
COD_03877.wav,Sida culeysyada dagaal ee aadka u xun ay ugu badnaayeen dalal shisheeye
COD_04008.wav,Iska Cafi Qof ku Dulmiya
COD_01257.wav,"Wareysi laga qaaday maalinkii uu xilka la wareegay oo uu uga warramay qorshihiisa boqolka maalin ee ugu horreysa, "
COD_04954.wav,"Markii ay aragtay in uu Faysbuuggeeda iska xayiray, ayey dhawr mar samaysaytay kuwo cusub oo ku darsatay."
COD_05517.wav,"uusan dan ka lahayn in uu gaaro go'aan uusan garaneyn meesha uu ku socdo iyo halka lagu gaari karo, waxaana tusaale u ah Teknolojiyadda Alexa."
COD_02486.wav,"rajadii laga qabayna god dheer ayay gashay, "
COD_01213.wav,Kaddibna waxaan wacay lambarkii aan saaxiibkey ku aqaannay. 
COD_06839.wav,Dhibanayaasha ayaa badankood ahaa saraakiil boolis.
COD_00893.wav,Iyagoo lacagtii gurubsanaya ayaan ka soo dhaqaajinnay. 
COD_02131.wav,"Astaan waxaan ku bogaadinayaa halabuurka ay ku soo kordhiyeen warbaahinteenna, "
COD_03419.wav,Hay’adaha sharciga ee ay khuseyso ayaa bilaabay baaritaan shakhsiyaadka ku lugta leh;
COD_05443.wav,xilli waaxyaha gaadiidka adduunka la casriyeeyay taas oo wax ka baddali karto dhammaan sida loo howlgeliyo.
COD_01304.wav,"Waxaad tusaale fiican ii ahayd waagii aan soo qaangaarayay, oo aan u fahamsanahay sannadaha ugu halista badan ee qofku soo maro,"
COD_05977.wav,"Qeybta labaad ee dheesha marka dib leysugu soo laabtay labada dhinac ayaa waxay soo bandhigeen qaab ciyaareed aad u wanaagsan,"
COD_04637.wav,Waa lama huraan in aad taqaano waxa aad nolosha ka rabto iyo waxa aad u aragto guul.
COD_04529.wav,Laakiin sidoo kale waxaynu arki karnaa dadka da’doodu tahay bartamaha soddonaad kuwaas oo wajigoodu u sawiran yahay jaangooyo aan is-waafaqsanayn.
COD_00632.wav,"Tusaale ahaan miyaysan arag sida Carabigu u dhexgalay luqadahya Hawsaha, Urdu iyo Bahasa?. "
COD_01406.wav,Annagu ciyaalxaafadeed ayaan iska ahayn oo tuhun nama galin. 
COD_05231.wav,La noolaanshaha welwelka iyo walaaca xili aduunka shaki iyo tuhun ku habsaday
COD_06921.wav,Saraakiishii hore ayaa samaynayay kulamo joogto ah iyo siminaaro
COD_01777.wav,Wax kastoo aad jeceshay lama helo. 
COD_01307.wav,"Waxaan xusuusanahay habdhaqankaadii wanaagsanaa. Waxaa ii sawiran dhoollacaddayntaadii, "
COD_00334.wav,"Ma 12 sano dugsi sare, dhexe, afar sano jaamacad heerka koowaad, labo sano master "
COD_03774.wav,Australia Nadaafadda oo xilliyada qaar aan laga ogoleyn magaalada Melbourne.
COD_00500.wav,"Meesha ku xanuunaysa ama aad ka nugushahay, ha u sheegin qofna. "
COD_05076.wav,"Qeybta labaad ee dheesha marka dib leysugu soo laabtay labada dhinac ayaa waxay soo bandhigeen qaab ciyaareed aad u wanaagsan,"
COD_00796.wav,Waxaan lug ku imid xarunta Gaashaandhigga. 
COD_01535.wav,"Asxaabteyda ayaan u kaashadaa socodsiinta xarunta, oo waxaan ku wadnaa qaaraan aan iyaga ka qaado."
COD_00913.wav,Casho hilib u badan ayaa na loo soo daadiyay. 
COD_04854.wav,Dabalgal iyo wiido aysan ogayn buu duldhigay. 
COD_03248.wav,"dalkaan beec maahan  dadkiisuna beec maahan  waalidiinteenii iyo aabiyaasheen ayaan ka dhaxalnay,  "
COD_05661.wav,"miyigase kuma aysan xididaysan. Dhaqan kale oo qoraal ahi, "
COD_05203.wav,Wada shaqayntu waxa ay yaraysaa hawsha waxa ayna badisaa guusha!
COD_01191.wav,"Wuxuu ka mid ahaa aasaasayaashii dugsiga hoose ee Jacfar binu abii Daalib ee tuulada Dac, oo uu ku dhashay."
COD_02758.wav,se intii kale ku jirto ayaa  cigaal oo ka mid ahaa laba nin oo geela dabada kaga jiray uu arkay wax xaggiisa dambe maray. 
COD_04890.wav,"Ilaahay amarki, tii inta xaajo qabatay oo kacday ayey moobeelkii oo sidii farrimihii u ballaqan yihiin meesha uga kacday oo ay is tiri u soo laabo."
COD_03252.wav,waxaan ku shaqeynaynaa rabitaanka shacabka  shacabka iyo dowladdu waa isku hal  
COD_06741.wav,"oo toddobaadyadii ugu dambeeyay dherbaaxo culus lagu gaarsiiyey goobaha dagaalka, dhul balaaranna looga xorreeyay."
COD_05032.wav,barxadaha magaalooyinka ku yaal waa in aad nadaafaddooda loo ilaaliyaa oo aan la wasakhayn
COD_01992.wav,"Waa sheekooyin kufkuf iyo halgan ah oo mudan in qalin dahab ah lagu qoro, dadkana looga sheekeeyo."
COD_05489.wav,"Waxaa uu xilliyada xagaaga, waqti la soo qaadan jiray awowgii oo ku nool tuula yar oo ku taalla gobolka Texas,"
COD_01808.wav,Hadda ayaan fahmay daalkii iyo culayskii nolosha wejigaaga ka muuqan jirtey
COD_04128.wav,nin walbana daboolka ka rogay cad aad loo soo habeeyey. 
COD_01317.wav,"Si ka duwan safarrada kale, safarka waxbarashadu wuxuu mar kasta ka billawdaa dhammaadka. "
COD_02790.wav,"Tan iyo xilligaas wixii ka dambeeyayna, cilmi baareyaashu waxay dadaal ugu jireen inay dabeecadahaas wax ka ogaadaan."
COD_05284.wav,Dhiiga jirkeenna oo ay biyuhu si fiican u shaqo geliyaan.
COD_03078.wav,Ninkii safarka ahaa markuu gartoodii dhagaystay ayuu garaad xumadoodii la yaabay. 
COD_05936.wav,"Xilli dalka ay ka jiraan abaaro iyo sidoo kale sicir barar saameeyay bulshada qeybaheeda kale duwan, "
COD_05913.wav,Gabadhan aabaheed waxaa uu ka mid ahaa aasaasayaashii Jamhuuriyadda Islaamiga ah ee Iran.
COD_06330.wav,"Haddii go'aankan la isku raaco, waxay noqonaysaa markii ugu horraysay ee dalalka Afrika la siiyo"
COD_04812.wav,"Sidii uu qiyaasayey, nooligiisii waa isku furdaamiyey sannadkii. "
COD_07080.wav,"Mo Farah ayaa isu diyaarinaya inuu si  qiira leh  u  macsalaameeyo  orodka dheer ee London Marathon,"
COD_00113.wav,"laakiin ka dib waxaan u maleeyay inaan fursad badan u leeyahay qaybta haweenka, maadaama aysan jirin dumar badan oo gabayaa ah."
COD_01518.wav,"25 sano oo Holland, Ingiriiska iyo Masar ku noolaa kaddib, ayaan Muqdisho ku soo laabtay 2016kii."
COD_00628.wav,"Waxaaba laga yaabaa erayada ay marmar leeyihiin halugu beddelo kuwa carabiga ka yimid  in qaarkood shaki la gelin karo inay laftooda af-soomaali dhab ah yihiin,"
COD_07000.wav,"Marka la eego dalalka Carabta waxaa kaalimihii hoose ee heerka musuqmaasuqa soo galay dalalka Imaraadka, Qadar, Liibiya iyo suuriya."
COD_03051.wav,Goortay salaaddii xidheen ayaa wiilkii inta uu qardhaastii qaaday afka galiyay. 
COD_01447.wav,Waan ku faraxsanahay in aannu is baranno. 
COD_01885.wav,Xubnahaas la xiray waxaa ka mid ahaa Madaxweyne-ku-xigeenkii dalka Ismaaciil Cali Obokor.
COD_02203.wav,"Waxaan u sheegay in daqiiqado kahor la dilay, wayna oysay. "
COD_01174.wav,"Waa i warsaday, waxaana u sheegay in aan macallinkeyga la socdo."
COD_02594.wav,balse hadda Guur umasoo jeedo oo waxaan qabaa Xaas fiican oo aan jeclahay
COD_04096.wav,una malaynmahayo in cid mid ka wanaagsan keeni karta ay jirto. 
COD_01118.wav,Dadkii xaafadda looga tira badnaa waxay billaabeen in waxa yar ee ay haysteen ay keensadaan gurigiisa ama dukaankiisa. 
COD_02742.wav,Wiilkii  intuu suuqii tegay ayuu soo gaday neefkii Adhiga ahaa kaddibna wuxuu isku dayay in uu soo qaado
COD_01385.wav,Waxaa hadda kuu billaabanaya safar kale oo kaa dalbanaya halgan iyo dadaal badan.
COD_01957.wav,"Odayaashuna geed weyn ayay galabkii ku sheekeysan jireen, oo BBC ku wada dhagaysanayeen. "
COD_02601.wav,"waxaa u caddaatay inuu Qanciye Daacad yahay balse iyadu Horor tahay, "
COD_00509.wav,Qofka xumaha fala waxaan ka dambi yareyn kan xumahaas faafiya oo dad badan gaarsiiya. 
COD_07346.wav,"weli waa jirnaa, qatarna waa ku nahay ciddi damacda in ay canshuurta ama baadda bixin weyso?"
COD_02274.wav,Waxay igu tiri: saaxiibow adinka ayaa halkii aan idinka filayay ka soo bixi waayay. 
COD_06284.wav,balse tiro koob rasmi ah aysan ka hayn.
COD_05628.wav,markay soo tooseen ayay isku warrameen. Markaas ka dib ayay ka tashadeen siday cadaabta aakhiro uga badbaadi lahaayeen.
COD_05841.wav,"Askarigaasi wuxuu ii sheegay in markii Addis Ababa la geeyay ee dhakhtar la dhigay, "
COD_00678.wav,"Nabi Muuse oo uga digaya, iyo hardankii adkaa ee dhex maray, "
COD_01415.wav,Aniga iyo walaalkey oo labo jawaan kala wadanna ayaan xalwo Boqolsoon ku soo laabannay. 
COD_04914.wav,Maalintaas bay darteed uga baxday jaamacaddii si ay araggeeda aysan dib dambe u arkin.
COD_03961.wav,"Anigoo is faaninayo, Habenki sedexaad waxaan ugu sheekeeyey dagaalo ka dhacay Muqdisho,"
COD_04606.wav,runtii isbeddelka ay igu sameyeen uguma sameynin shahaadooyinka kala duwanaa ee aan jaamacadaha Qaaradda Yurub ka qaatay.
COD_07309.wav,"Codsadayaashu waxay ahayd inay dhamaystiraan sahan ku saabsan xaalka ay marto caadadu, "
COD_03700.wav,Waxaan guud ahaan Saxaafadda Soomaaliyeed ugu hambalyeynayaa Maalinta Caalamiga ah ee Xorriyadda Saxaafadda Adduunka. 
COD_06692.wav,Iskeenada aad leedahay ciyaar bay kaa tahay.
COD_05159.wav,Ciidamadan ayaa intii ay tababarka u joogeen dalka Eritrea waxaa ka soo baxay warar kala duwan oo qaarkood walaac xambaarsanaa.
COD_01832.wav,Waa macdan iyo haldoor ka mid ah dadkeyga oo ku dheggan kuna faanto diinteeda iyo dhaqankeeda suubban.
COD_05373.wav,Cristiano Ronaldo ka hor dhammaadka sanadkan.
COD_01761.wav,"Haddii xaalka maanta lugu qiyaaso ‘Gagamooye’ dambi sidaas u weyn ma uusan gelin,"
COD_01020.wav,Reer koofurku haddii qofka sidaas ku dhaho isma dhibi jirin ee waxay ugu jawaabi jireen: waa joogay ee warka i sii saaxiib? 
COD_05725.wav,Habar baa tidhi Geelu hawl male
COD_02708.wav,wuxuna ii sheegay inuusan Falis sii qabi karin haddey sidaan kusii socoto.
COD_01204.wav,Lacag uu ganacsigiisii khudaarta ka aruursaday ayuu bajaaj ku iibsaday. 
COD_02611.wav,"markaasey Qoomamo iyo Shalaay ka gashaa Dooqeeda iyo halka uu Calafku dhigay maadaama aysan helin saaxiib u Ciyaarsiiya sidii Caruurta, Cadowgeedana ka jebiya."
COD_01869.wav,shakhsiyaddaada maanta iyo halganka aad hadda ku jirto waxay qaabeyn doonaan qofka aad berri noqon doontid 
COD_01267.wav,Maalin ayaad coffee shop isu raacaysaan. Markii la waydiiyo nuuca kofeega uu dalbanayo wuxuu kabalyeeriga ku leeyahay mid lee iska keen saaxiib. 
COD_05340.wav,"Shiribku waxa uu ka mid yahay suugaanta laga isticmaalo koonfurta dalka Soomaaliya,"
COD_00786.wav,Garaadkaada iyo damiirkaada ayayna gef iyo ceeb ku tahay in aad iska dhaadhiciso in guusha iyo horumarka laguu diiddan yahay. 
COD_05432.wav,"Waxaa naloo sheegay inaan tirtirno dhammaan boodhadhka xayaysiimaha ee baraha bulshada,"
COD_05136.wav,Warbixintan waxaa Baydhaba kasoo diray Mukhtar Maxamed.
COD_02851.wav,"Seedigii ayaa yidhi hadduu faraskani kaagii yahay, dee adiga iyo tuuga ayaa bari subaxa la idiin gar qaadi doona. "
COD_01088.wav,Afar maalin kaddibna naftu waa tey ka haadday. Cudurkaan qof ka kacdayba lama sheegin ee bal adeer wixii dardaaran hadda ha laga qoro.
COD_01388.wav,"Balse taas bedelkeeda waxaan maanta qabnaa baahiyo kale, oo u baahan dhallinyaro aqoonteeda leh. "
COD_01248.wav,halka aan waagaas ka dhegeysanaynay cajalado Xamar baabuur laga soo saaray. 
COD_01496.wav,balse hadda wuu qaameysan yahay oo shamiidadiiba dhiiqada ayay ku milantay. 
COD_05451.wav,xitaa dowldaha qaar waxay bilaabeen xoojinta xirfadaha la xiriira teknooljiyadda.
COD_01631.wav,Dadku fasemask ayay xiran yihiin oo isbitaalkaba sooma geli karo qof aanan wadannin. 
COD_05856.wav,waaxda xanuunka HIV/AIDS u qaabilsan cisbitaalka Hargeysa.
COD_00876.wav,"Somaliland waxay iibisaa in magaca Soomaaliya lagu xasuuqay, dooddaas ayayna gundhig uga dhigtay in Soomaaliya ka go’do."
COD_04943.wav,"Haddii uu arkay in isaga la danaynayo, waaba iska dhaafay wicitaankeeda oo keeda ayuu sugaa."
COD_06546.wav,"waxaana waddanku u kala qaybsamay kooxaha bariga iyo galbeedka sanadkii 2014,"
COD_03795.wav,Ninkan aya da'diisu waxa ay tahay 80-Sano jir  waxana lagu magacaba Amoo Hadij wuxuuna u dhashay Dalka Iran .
COD_01824.wav,"Mar ayaan aniga iyo koox ka mid ah haldoorka Soomaalida ee dalka Ingiriiska ku booqannay gurigeeda boqran, oo ay si fiican noogu soo dhoweysay. "
COD_00573.wav,"Inay Tusaale ahaan koox dhakhaatiir, sheybaar, kalkaaliyeyaan, umuliso, raagiste ay isku leexdaan oo xarumo caafimaad ka furtaan magaalooyika fog ee looga baahanyahay, "
COD_01925.wav,"Shir ka dhacay xafiiska Raysulwasaaraha ayay 23 Nofeember, 2008 waxay Guddoomiyaha Gobolka Banaadir ugu doorteen Maxamed Cusmaan Cali Dhagaxtuur."
COD_05639.wav,Markaasuu yidhi labadaydi saaxiib ayaa cadaabta igaga dambeeya. Sidi baa igana naarti lagaga soo saaray.
COD_02038.wav,ku cibaadayso in aad garab iyo gacal u noqoto dadka kuu baahan.
COD_05727.wav,Waanad horinoo Waanad hoos gelin
COD_01783.wav,Qof kasta oo wax kuu diida kuma necba. 
COD_03632.wav,"Anigana waxaan uga sheekeeyey xaalkeyga, ka dibna waxaan ku balanay in aan mar walba kulano, "
COD_00281.wav,"Arrintaani ma aha mid ay dadka badankoodu ama xitaa dowladdu ku baraarugsan yihiin, "
COD_02440.wav,"Furfurasho kadib, Cabdi Qeybdiid wuxuu sheegay in boqol sano ka hor ay Habargidir Hobyo ku shirtay si ay uga tashato aayaheeda, "
COD_03387.wav,sidaa awgeedna dadka geesiyaasha ee caqliga badan il gaara ah ayuu ku eegi jiray.
COD_02653.wav,"Nin baabkiisa iga xir. Kii Abshir ahaa waa ogeed siduu ii koolkoolinaayau inuu Naag kale ila Guursaday, Maantana waakan aniga Garoobeynaya ayay tiri."
COD_04361.wav,"markeey u yimaadaan iyadoo ku dul ooneeysa markaasey yiraahdeen maxaa ku dhacey, "
COD_07093.wav,"waxa uu ka hor istaagay inuu ka qeybqaato tartankii la qabtay sannadkii la soo dhaafay,"
COD_00585.wav,Waxaan ka codsanayaa inay farrimo dhiirrigelin ah usoo dhigaan kuwa weli  naftooda aamini la'.
COD_06088.wav,kadibna uu Guddoomiyaha Golaha Shacabka ee BFS Sheekh Aadan Madoobe uu iclaamiyay shirkaan inuu qabsoomo 5-ta bishaan Janaayo.
COD_05022.wav,"Sikastaba ha ahaatee, isbuucyo yar haddii aan lajoogey waxay indhahayga kudhaceen isagoo samaynayo xarakaat isu eg."
COD_05428.wav,Waxay ku qiimeysay in ay tahay wax-soo-saar u dhigma boqol kun yuan oo lacagta Shiinaha ah 
COD_05551.wav,Burco :Maqaayado la amray in la xiro ka dib markii ay Shaaxa qaali ka dhigeen
COD_05150.wav,Waxa uu intaas ku daray in lacagtaas ay ku wargeliyeen in ay bixyaan ragga iyo dumarka qaadka soo dhiibta ee Kenya jooga.
COD_01849.wav,Waxaan daawaday khudbad uu Yuusuf Garaad ka jeediyay xaflad uu isku sharraxayay Maxamed Ibraahim Macallimuu. 
COD_01865.wav,"Markii uu xabsiga ka soo baxay ayuu i soo wacay, wuxuuna igu yiri Meeshii waan ka soo baxay, waxaana wareysi kaaga sidaa arrintii la igu xiray."
COD_03267.wav,"Dhaqanka ugu xun oo siyaasaddeena ku jiro waxa uu yahay in la quusto oo la yiraahdo meeshaan waxaba lagama qaban karo, "
COD_04991.wav,"Marka tusaale xagga dhaqanka Soomaaliga ah la eego, waxaad ka helaysaa gabayga caanka ah ee kibirka uu ka tiriyay Ismaaciil Mire."
COD_02162.wav,"Haddii markii siyaasigu uu xaflad qabsanayo u yeeran jiray taageerayaal u sacbiya, "
COD_05287.wav,Jirka caafimaadkiisa oo ay qeyb weyn ka qaataan
COD_00049.wav,"22 October 2009: Habeennimo ay Jimce soo galayso, xilli uu roob badani da'ayay, waxa magaalada Gaalkacayo lagu dilay Sheekh Baabulkabiir"
COD_00673.wav,"Markii aad eegto horumarka iyo muuqaalka Kigaali, caqligaadu wuu diidayaa in ay labaatan sano ka hor ku jireen dagaallo-sokeeye, "
COD_06634.wav,Waa waxan marna dhacayn Inuu garto Xasan Meeqaamka Uu leeyahay  Ficil Qabiilna uu ka Daahiro
COD_01520.wav,Labo carruurtii ka mid ah ayaan maalin la sheekeystay.
COD_04935.wav,Marrooyin Qur'aan ah baa lagu dejiyey oo shifo looga ma helin. 
COD_05142.wav,"Waxaa soo saarta Wasaaradda Warfaafinta, Boostaha iyo Isgaarsiinta ee Soomaliya."
COD_04016.wav,Side ku hanan kartaa jaceylka dhabta ah?
COD_04170.wav,Ma gaajo iyo caydhnimo ayaad igu ogaydeen ama igu tuhmayseen? 
COD_06787.wav,waxa ay marti gelin jirtay xubnaha Daacish ee magaalada ku dhuumaalaysto ama kuwa ku cusub.
COD_00671.wav,waana sababta igu riixeysa in aan qormadaan kugula wadaago waxyaabihii iigu cajiibsanaa ee aan soo arkay.
COD_00420.wav,"Ma yareysanyo awoodda odayaasha iyo wax garadka Somaliland u leeyihiin inay arrimohooda wada hadal ku xallistaan, "
COD_03902.wav,Laba sano ka dib ayay hooyadii jaamacadda soo booqatay si ay u ogaato heerka uu wiilkeedu waxbarashada ka joogo. 
COD_03994.wav,Hanoqon Shaqsi Galad Sheegasho Badan
COD_05537.wav,"John Rosman ayaa farta ku fiiqay in Bezos uu doonayo, uuna dulqaadkeeda leeyahay, in taban sano uu sugo si uu lacag u sameeyo,"
COD_01437.wav,"Waxaan kuu arkaa wasiirka wasaaraddii uu ugu habboonaa loo magacaabay, "
COD_06080.wav,"si ay ugu qeyb galaan shirka dib u heshiisiinta Koofur Galbeed, kaas oo lagu wado inuu furmo halkaas."
COD_05006.wav,"Oday adeerkay ah oo weligiis iska daba socday magaca dawlad, ayaa taageeray"
COD_02705.wav,"Xalayna waxay u sheegtay inay rabto in Beri oo Jimco ah Booqato Guriga Walaalked, ayna rabto Lacag ay Caruurta ugu adeegto."
COD_00947.wav,markii uu sanadku sii dhammaanayana soo tixi jiray magacyada boqol buug oo ay sheegayaan in ay sanadkaan akhriyeen.
COD_02470.wav,wuxuuna taageere u ahaa cid kaste oo uu u arkayo in ay riyadaas rumeyn kartay. 
COD_03433.wav,sida lagu caddeeyay wareegtadii kasoo baxday Xafiiska Madaxweynaha 18kii Jannaayo 2018.  
COD_05614.wav,Waxaa kale oo aan niyadda ku hayay inaan dhiso wax aniga aan la imid.
COD_01776.wav,Wax kasta oo ku xanuunjiya lama sheegto. 
COD_06641.wav,iyadoo ay ka qeyb galeen Munaasabadda Masuuliyiin Heer Federaal iyo Heer dowlad goboleed ah.
COD_00381.wav,iyagoo yaryar ay arkeen nin oday ah oo si khaldan u weesa qaadanaaya. 
COD_01687.wav,"Waan ka qaatay, waana uga mahadceliyay."
COD_04208.wav,Ninkii ugu horeeyay basbaas buu watay durbadiiba intuu falay wixii lagu amray ayuu cagaha wax ka dayay. 
COD_02898.wav,Aabeheed ayaa yidhi aabo maxaan maanlaawe ku noqday?
COD_00356.wav,Wuxuu ku dhexbooday falsafadda oo ka xafiday in yar oo uusan wareer maahe wax kale ka kororsanin 
COD_03709.wav,Boqortooyadaasi waxay jirtay qarnigii ugu horreeyay ee taariikh xisaabiyaha BC.
COD_03386.wav,"inkasto u ka baqi jiray in xukunka u ka qaadi-doono nin geesi ah oo caqli badan, "
COD_03029.wav,"Wuxuu yidhi gabadhyahay soo dhawow, arrinkii guurka ahaa een aan ku ballanayna waan ogolahay, haddana diyaar ayaan ahay. "
COD_01782.wav,Qof kasta oo wax ku siiya kuma jecla. 
COD_07315.wav,isticmaaluhu wuxuu xidhanayaa dhar ay ku dhex jiraan qalab tignoolajiyadeed 
COD_04302.wav,Cigaal wuxuu u maleeyey Libaax wadada fadhiya oo isaga gaadaya. 
COD_04862.wav,Ninkii waa la qabtay. 
COD_02919.wav,"sheekhii ayaa u sheegay gabadha in ay hayso il wayn oo culus oo adag, "
COD_03640.wav,si aan u helo jaanis aan ku safri karo. 
COD_05063.wav,"Waa dhega la'aan, hadal la'aan, arag la'aan, xaqana uma soo noqdaan"
COD_03901.wav,waana laga oggolaaday in laga daayo lacagta waxbarashada. 
COD_03282.wav,"dagaalku waxa uu naqonayaa labo geesood,  "
COD_07129.wav,Waxa ay heerkii ugu dhawaa Arbacada usoo gaaraysaa dhulka oo ah qiyaastii 41 milyan oo kilomitir.
COD_06257.wav,Xasan Sheekh oo la filayo inuu ka qeyb galo shirka dib u heshiisiinta Koonfur Galbeed
COD_05587.wav,"Afar sano markii ay xirfaddeeda ku shaqeyneysay, laga soo billaabo 1994-kii, way iska dhaaftay"
COD_03671.wav,Xubno ka tirsan Beesha Caalamka oo dhowr jeer kulamo kala duwan la qaatay Beene Beene ayaa ku qanci wayaay hannaankiisa maamul 
COD_03793.wav,Inta aad ku nooshahay aduunyada waxaad maqleysa ama aadba la kulmeysa dhacdooyin ka yaabiya isla markaana Fajac kugu abuura 
COD_03028.wav,waxay tidhi inanyahaw hadda ayaan arrinkii guurka diyaar u ahaye maxay kula tahay?. 
COD_06850.wav,Wiil uu adeer u yahay Michael Jackson oo 26 jir ah ayaa xaqiijiyay inuu fannaanka ku sawiri doono muuqaal cusub oo bandhig shaashadeed ah. 
COD_02891.wav,"Ninkii dariska ahaa ayaa gabadhii ku yidhi lug sagaaro ayaan hayaa, laakiin shardi ayaan kugu siinayaa hadii aad ogolaanayso. "
COD_02765.wav,"laakiin dacawadii waxa ay kula talisay in ay saf galaan sagaalkooduba,laxna ay toban kaga dhigto."
COD_03707.wav,Meeshan oo ka tirsan waddanka Sacuudi Carabiya waxaa lagu arkaa waxyaabo iyo raadad ku taariikhyesan xilli aad u fog.
COD_01901.wav,Habeenkii ayay timid eeddo oo magaalada jirtay. 
COD_01383.wav,"Isagoo taban sano jir ah ayaan kula soo dadaalay in uu kitaabbo raacdo, si uusan ciyaar ugu mashquulin. "
COD_04966.wav,Annaga oo ay noo baxayso ayaa waxaa gadaal nooga yimid gaari Cabdibile ah oo ay ku dhoobnayeen askar hubaysan. 
COD_03490.wav,"waxeyna ii sheegeen in aanan hadli Karin, hadii aan ooyana ay i dilayaan,"
COD_02943.wav,"Intaas dabeed Boqorkii ayaa isugu yeeray dhamaan Dadkii wuxuuna ku amray Qof-kasta inuu ka qayb qaato raadinta silsiladda, "
COD_06240.wav,ayaa socday muddo laba maalmood ah.
COD_02677.wav,"Runtii daqiiqadna kuma fikirin inad iga tuhmi karto Naag kale, Abayo waxan aamisanaa in Kalsoonidenu dhaafsantahay halka aad ka fikireyso."
COD_01380.wav,"Wali ayuu hadlayaa ninkii sidaas hadalka ku billaabay,"
COD_00120.wav,"Mar walba waxay Soomaaliya ku sheegi jireen burcad-badeed iyo faqri, ceeb ayaana dareemi jiray."
COD_00849.wav,"Wuxu yidhi soo dhawow, arrinkiina diyaar ayaan u ahay oo inaan ku guursado ayaan rabaa. "
COD_02266.wav,"Malaheyga, ma jirin qof shaqaalaha ka mid ah oo ku dhiirraday in uu gabadhaas shukaansi iyo xiriir hoose la sameeyo,"
COD_02652.wav,"Saxiibey wax badan baa kaa dambeeyay, Qanciye Ninkaad oged maaha ayay ugusoo koobtay."
COD_00002.wav,"Sida labada erey ka muuqato ereyga Horumar waxa uu tilmaamayaa qof ama bulsho meel taagnayd ka dibna ka aag bedelatay,  "
COD_01747.wav,Waxaa isoo gaartey inay jiri jirtey Ayeeyo abooto aad loo ixtiraamo oo la dhihi Jirey Faay Muudde 
COD_06562.wav,oo ay ku sheegeen inay dhac u geysteen dadka xaafadaha degmada.
COD_06238.wav,xili dowladda Federaalka aysan wax mas'uuliyad sidaa u buuran iskaga saarin.
COD_04259.wav,waayo weynaan inta uu ka qabo waxaa la darsadaa weelkii la doono. 
COD_02436.wav,"Arrintaasi waxaa sal u ah nabad iyo nolosha aan sheegay  dowlad wanaag  iyo sarreynta sharciga,  "
COD_03518.wav,"hase yeeshee wax walba amar Ilaaheey ayey ku dhacaane, "
COD_01927.wav,wuxuuna sheegay in uu xilka ka qaaday Nuur Cadde. 
COD_01238.wav,"Anigu kutub ma haysto ee waxaan la fiirsadaa xerta kale, oo aan u qaabilsanahay maareynta rikoorka. "
COD_05774.wav,"mana aha dhaliil si gaar ah, cid gaar ah goor gaar ah u bartilmaameedsanaysa eh,"
COD_02004.wav,"Xasan Shiikh wuxuu muujiyay in uu madaxda maanta uga lexajeclo badan yahay badda Soomaaliya, "
COD_00216.wav,Maxaad ka xasuusataa saaxiibbadaadii ciyaalnimada kuwoodii dhibka badnaa iyo ficilladoodi? 
COD_06939.wav,laakiin waxay geysan doonaan dharbaaxo aad u weyn iyada oo la adeegsan doono qalab iyo hub kala duwan.
COD_03157.wav,"Dabadeed ninkii wuxu ku jawaabay Timir wali ma cunin, laakiin aabbahay ayaa iiga sheekeeyay, laf meel aan ka helayna waan xagxagtay"
COD_02263.wav,Hay'ad ayaan ka wadashaqeyn jirnay. 
COD_01098.wav,"Maanta ayay hay'addaas ugu baahi badan tahay qof ay lexajeclo ka hayso masiirkeeda, "
COD_04107.wav,"wixii denbi ah ee halkaa ka dhashana anigaa dusha u ridin doona, ayey tidhi. "
COD_04623.wav,"Maqaalkan, waxaanu ku sharaxaynaa waxa ay la macno tahay in lagu guuleysto oo aan ka wada hadalno talooyin kaa caawin doona safarkaaga guusha."
COD_04003.wav,Ha Ugu Yeerin Qofka Naaneys Uusan Raali Kahayn
COD_04847.wav,"sidaas darteedna, uu jeclaaday in walaashina uusan waqtiga ka lumin oo uu furayo."
COD_06072.wav,"isagoo boggaadiyay Kacdoonka SSC, kaas oo uu ku tilmaamay mid guulaystay."
COD_03850.wav,"Ka sokow saarida malaayiin tan oo kaarboon dioxide ah intii lagu gudajiray dagaalka, "
COD_00718.wav,"Shacabka dalkaas oo ku dhow 26 milyan waa ka mamnuuc Internetku, "
COD_01068.wav,"Waa shaqo dalbanaysa nafhur, daacadnimo iyo dareen masuuliyadeed, waana meesha ugu fudud ee bulshada laga toosin karo. "
COD_04335.wav,"oo markale ciidamada deegaanku ay ka hortageen, gaashaankana ku dhufteen damacii Somaliland ee qori caaraddi."
COD_04375.wav,waxaa arkay dadkii guriga joogay oo fahmay in ay maanta Cigaal maalintiisii tahay. 
COD_03388.wav,"Maalin Maalmaha ka mid ah Ayaa waxa la yiri Wiilwaalow inantii Walaasha aheyd waxay dhashay Wiil Doqon ah, oo adiga aan ku Raacin, "
COD_00784.wav,libaaxyada Afrika ayaan noqon lahayn haddii uu caalamka hagardaamada nagala deyn lahaa. 
COD_06819.wav,iyo in kor loo qaado awoodda hub ee cutubyada Ciidamada Xoogga Dalka ee hadda howlgala.
COD_03095.wav,Deegaanada u dhaw ayuu habeen walba weerar ku soo qaadaa.
COD_00322.wav,"laakiin siyaasigu wuxuu kaa raabaa inaad ku ammaanto uguna sacbiso dhagartii uu galay, iyadoo nabarkii uu kuu geystay  weli ku xanfafaayo "
COD_00707.wav,"oo xitaa qofkii xanjo lagu arko lagu ganaaxayo  shan kun shan boqol dollar ama xasbi hal sano ah, maadaama ay xanjadu wax u dhibeyso bilicda magaalada."
COD_06574.wav,Hada ka dib ma jiri doonto in ruux daarood ah ama aan Hawiye aheyn oo muqdisho iska soo geli doona.
COD_02927.wav,"gabadha waxaa loo sheegay in qofka ilaystay hooyadeed ahayd, "
COD_00481.wav,"oo marka layga bixinaayo i xanuujin jirey, ama marka uu igu dhaco dheg-wareen oo dhegta layga gubo "
COD_05465.wav,Haatan waxaa dunida ka howlgalaa maktabado casri ah.
COD_00697.wav,"Waa maktabad mucjiso ah, qaab-dhismeedkeeda gudaha ah ayaadba ku mashquuleysaa inta aadan gaarin 400,000 oo buugaag ah oo maktabadda yaalla."
COD_04324.wav,"danaha wadajirka ah ee ka dhexeeya labada shacab, "
COD_00867.wav,oo xalay waxaa la daahfuray Kampala Somali Awards. 
COD_01884.wav,Wuxuuna xabsiga dhigay 7 ka mid ah Golihii Dhexe ee Xisbiga Hantiwadaagga Kacaanka oo uu ku eedeeyay in ay inqilaab maleegayeen. 
COD_02400.wav,waxaan muddo yar gudaheed annagoo ilaahay kaashanayno  inaan magaalada mugdisho ka saarnay Alshabaab 
COD_01208.wav,Kaddibna waardiyihii waa laga bedelay oo darawal ayuu bangiga u noqday.
COD_05301.wav,Ilaalinta deriska iyo hantidooda sida guryaha iyo dukaannada
COD_01509.wav,"Nin saaxiibkey ah ayaa maalin hore ii dhiibay shan boqol oo dollar, wuxuuna iga codsaday in aan xawaalad tago oo aan u diro gabar Norway joogto. "
COD_02876.wav,"markaasaa gabadha aabaheed ninkii ku yidhi Boqol halaad iyo baarqabkoodii haddii aadan keenin,gabadhayda naayaa ma odhanaysid. "
COD_01525.wav,Arrad daran ayaa ka muuqday. Waxaana u soo iibiyay kabo iyo dhar huudhey ah.
COD_00148.wav,"Qeybta labaad ee dheesha marka dib leysugu soo laabtay labada dhinac ayaa waxay soo bandhigeen qaab ciyaareed aad u wanaagsan,"
COD_05512.wav,"Waxay ahayd tallaabo lama filaan ah, wuuna ku faa'iday."
COD_02484.wav,"wuxuuna abwaanka oo ka tirsanaa lafdhabarna u ahaa kooxdii Waaberi uu curiyay heesta Cimrigii jiryoow, ceynaanka haay oo uu ku bogaadin Maxamed Siyaad."
COD_04333.wav,"Isla go’aamadaas ayaa tilmaamay in Somaliland gobolka ka geysatay gabboodfallo isir ku salaysan, laguna laayey dad badan oo reer SSC."
COD_04628.wav,Qofna ma rabo in loogu yeero ama loo arko inuu yahay mid fashilmay ama guuldareystay. 
COD_03487.wav,ka dibna isagoo rafanaayo ayey ka dhaqaaqeen anigiina i kaxeesteen.
COD_00684.wav,"Ma kala garan kartid jinsiyadahooda oo waxay ku wada labisanyihiin dhar cadcad, "
COD_06736.wav,Shirkaan ay Dalalka Safka Hore isugu imaanayaan magaalada Muqdisho 
COD_04551.wav,Waxaa laga yaabaa inaad rabtay inaad dhammaystirto hadafkaas. 
COD_07290.wav,mar dambe nalama bahdili doono.
COD_02549.wav,"Zaynaba way aqbashay, waana loo guuriyay, waxayna u dhashay Cali iyo Umaama."
COD_03683.wav,"Madaxweynaha ayaa xusay doorka taariikhiga ah ee shaqaalaha Soomaaliyeed ay ku leeyihiin sooyaalka dalkeenna, "
COD_02599.wav,"Talooyinkii Qaribnaa ee Carawelo iyo Maamo Malyuun ka qaadan jirtay, "
COD_06557.wav,"rasaas iyo waxyaabahaa qaraxa, kadib howlgal qorsheysan oo ay ciidamadeedu sameeyeen,"
COD_04475.wav,isagoo dalka u talinayey tan iyo 1991 
COD_04662.wav,Weligaa ha khiyaanayn naftaada.
COD_04534.wav,"Si kasta oo ay xaaladuhu yihiin, waxaad mar walba haysataa xorriyadda aad ku dooranayso sidaad uga jawaabi lahayd. "
COD_03766.wav,laakiin ay aaminsan yihiin dadka qaar; 
COD_04952.wav,"Marmarka uu ka yaabo dhicitaankiisa, ayaa waxa uu ugu dhiibaa qof la jooga oo u sheega in uusan joogin."
COD_03898.wav,Ugu dambeyntii waxaa jira dhaqdhaqaaqyo dhaqdhaqaaq dhab ah oo looga soo horjeedo dagaal aan dhamaad lahayn iyo nihilism deegaanka kuwaas oo noo keenay roobkan. 
COD_04649.wav,mid kamid ah sharciyada ugu muhiimsan waxaa kamid ah inaad aaminsan tahay inaad guulaysan karto.
COD_03845.wav,"Halkii caqligal lagu soo gabagabeyn lahaa heshiiska ka dib oo loogu dhawaaqi lahaa Afghanistan guul, "
COD_04441.wav,"Bishii August, 1974 ugu yaraan labaatan kun macalin Soomaali ah ayaa ka qaybgalay ololihii horumarinta reermiyiga. "
COD_00715.wav,Shacabkaasi waxay dulmanayaal u yihiin nidaamka diktaytarka ah ee Kim Jong-un.
COD_05615.wav,"Sanadkii 2001-dii, isagoo 32 jir ah, ayuu Rusty iibsaday ceel hore oo gaas ah."
COD_00452.wav,Mudane khaladaadka ka jira waxbarashadu waxna waa wax u baahan toosin iyo tayeyn 
COD_03471.wav,"waxaan galnay wel-welkii ugu weynaa adduunka, "
COD_00772.wav,Isagoo leh Siyaasi hebelow waa ku mahadsan tahay waqtigii xiisaha badnaa ee aan wada qaadannay.
COD_06406.wav,kaas oo lagu wado in gelinta dambe ee maanta  ka furmaya magaaladaas.
COD_06569.wav,"Haye dhabayaco, ma aragtaan xaasidnimada ragiina iyo dumarkiinaba kkkkkkkkkk."
COD_02415.wav,waxaa la ii sheegay unugkii kow iyo tobnka ahaa  hal hal ku qabiil ah inuusan jirin
COD_03919.wav,Ninkan reer badiyaha ah oo dego badiyada waxaa hayo buufis maraykan ka ah waxuu raba in uu tago dalka maraykan ka. 
COD_04786.wav,ayagoo kuu sheegaayo in ay dhaceen rag Hackaro-ah 
COD_04608.wav,Haddii ay suurtagal tahay raadi dad aad iskumeel uwada socotaan xagga hadafka nolosha. 
COD_00367.wav,"Dadka maadaama ay ku tuhmayaan diin, wuxuu ku hadlaa ama sameeyaa wax kasta oo dadka u caddeeya inuusan eheludiin ahayn,  "
COD_01998.wav,"isaga ayaa magacaabay khubaradii Soomaaliya wakiilka uga ahaa dacwada, "
COD_06711.wav,"Sidaa awgeed, in kastoo Beesha SNM ka ballaaran tahay Dhulbahante, "
COD_03140.wav,Balse soomaalidu waxay mar walba hoos u dhigtaa wax qabadka dameeradu leeyihiin. 
COD_00157.wav,"Guul weyn oo aan ka gaarnay koox aad u wanaagsan, waxaan ku helnay waqtiyo fiican kulanka."
COD_01130.wav,Nin Canada u dhashay oo Xalane ka shaqeeya oo ay garoonka isku arkeen ayuu ka codsaday in uu sawir la galo iyaga oo shahaadada labada daraf ka kala haya. 
COD_04613.wav,Imisaa ayaa jirta caalamka jaamacaddii iskaga joojiyey si ay hadafkooda u rumeeyaan.
COD_00551.wav,"Waalidkaa, macallimiintaada, dad kale oo aad si lama filaan ah ula kulantahay ama kuwo aad maqashay"
COD_04975.wav,"Nimankii soo yaacayey, intoodii badnayd isla markiiba gadaal bay u hakadeen."
COD_03719.wav,Qabuurahan waxay la mid yihiin kuwa ku yaalla Petra. 
COD_03206.wav,Markaa buurta ay dhalin ileeye reerkiisu garab daganaa waxa ka danbeeyay reera kale oo dhaqda gorayada. 
COD_05323.wav,Sida aan ognahay luuqad waliba waxa ay leedahay qaab dhismeed luqadeed oo loo yaqaanno naxwe.
COD_04164.wav,"Odaygii ayaa madaxa xoqday. Maya, anigu, haddee, em Tu yaroon dhalay oo aanan u ducaynin ayaa igula talisay ayuu ku jawaabay "
COD_04200.wav,Sadex nin baa waxay caadeysteen inay beer xadaan maalinwalba. 
COD_04162.wav,Shakigaa dabadii ayuu hadal baadhis ah kusoo tuuray oo yidhi; 
COD_03422.wav,"Madaxweynaha oo xaqiijinaya in Dhulka Danta Guud uu ka mid yahay dhaxalka ay wadajirka u leeyihiin shacabka Soomaaliyeed, aysanna jirin cid gaar ah "
COD_06920.wav,ee horay u soo maray ciidankan kuwaas oo ku weeraray saxaafadda si ay u muujiyaan niyad jabkooda.
COD_05064.wav,Wuxuu u dhawyahay hillaacu inuu dafo aragooda
COD_02674.wav,"Si aan ka gambasho laheyn ayuu ugu jawaabay, wuxu u shegay inay Shaqadiisa tahay Qancinta Macaamiisha iyo soo dhoweyntoodu, "
COD_05927.wav,iyadoo lagu wado in isku soo bax wayn uu ka dhaco Muqdisho.
COD_05331.wav,"Berri ayaa Cali imaan doonaa, haddii Eebbe Idmo."
COD_05929.wav,waxaana magaalada ka dhici doona maanta Isku soo bax ay hor kacayso dowladda 
COD_03452.wav,"ilaashadaanna miraha dowladnimada, iyada oo muwaadin kasta uu mudnaanta siinayo danaha Qaranka iyo sidii aan u horumarin lahayn dalkeenna."
COD_03959.wav,"Anigoo isfaaninaayo, Habenki labaad waxaan uga sheekeeyey Mid dukaanle ah, "
COD_04700.wav,In wax walbo la maareeyo waxay lama huraan u tahay nolosha aadanaha.
COD_06363.wav,"Madaxweynaha Turkiga RejebTayyib Urdogan ayaa sheegay inay tahay in dalalka Sweden iyo Finland inay dib ugu soo celiyaan dalkiisa Turkiga,"
COD_06553.wav,Ciidamada NISA iyo kuwa Booliska oo Muqdisho ka fuliyay howlgallo amni
COD_05353.wav,Soomaallida maxaa uga wacan in ay jarto dhirta oo ay ka dhigto dhuxul una dhoofiyaan dibadda.
COD_00665.wav,Waxaadse ku xaqiijin kartaa in aad wacdo oo aad Video Call ku hubsato in uu isagii yahay. 
COD_04118.wav,Yartii ayaa aad u faraxday. 
COD_03182.wav,"Arrinkaana waxa sabab u ahaa labada nin ee martida ahaa oo aad u cirwaynaa, "
COD_06414.wav,"Madaxweynaha Puntland, Siciid Cabdullaahi Deni ayaa boggaadiyay howlgallada ka dhanka ah argagixisada Al-Shabaab"
COD_02364.wav,warbaahinta  iyo martida sharafta leh  waxaan idin ku salaamayaa salaanta Isalaamka.
COD_06170.wav,"uu sameeyay dabagal uu ku ogaanayo cida haysata iyo amarka lagu hordhigay ciidanka NISA cida bixisay,"
COD_02735.wav,Mar mar inta maroodigu u yimaado Dabagaalaha ayuu kor u qaadaa oo bood boodsiiyaa isaga oo is leh ka farxi saaxiibkaa.
COD_05747.wav,Waxa heesahooda ka mid ahaa:
COD_01720.wav,Waxana uu qeexay in sharcigaas aan la loodin karin.
COD_02715.wav,"waxay tageen Carwo Jiifka lagu iibiyo, waxayna dalbadeen in Jiifkii ay dooqdaan loogu Sharaxo Midabka Calanka Soomaaliya."
COD_01315.wav,Farriin ku socoto ardayda maanta ka gudubtay imtixaanka dugsiga sare
COD_02411.wav,"waxa laga rabo sharuucdiisa,  waa in isaga laftiisa lasiiyo tobabar joogta ah,"
COD_00977.wav,Maba ahi ninkii suuska ilkaha ka hadlayay markii aad Ciyaal-Weerada ka hadlaysay. 
COD_01955.wav,Aroortiina waa isbariidinayeen oo xalay mala beryay? ayay isku salaamayeen. 
COD_01934.wav,Rabdhuurre ayuu ka soo dhigtay dugsiga Qur'aanka iyo dugsiga hoose.
COD_00726.wav,"waxaysa dadkaasi caadi ila noqdeen markaan tegay magaalada New-York ee dalka Mareykanka, oo ay ku noolyihiin in ka badan 73,000 oo guryo la'aan ah. "
COD_03796.wav,Ninkan aya waxa  la ogeyn waxa ku dhaliyay in uu noloshiisa ciqaabtan u geysto 
COD_05087.wav,Warbxintan oo ay qortay wakaaladda wararka ayaa waxaa inoo haysa Caasha Ibrahim Aden.
COD_05863.wav,"Mohamed Hanad Abdi, ayaa sanadii 2021 lagu xukumay boqol afartan iyop labo sano oo xabsi ah "
COD_00345.wav,"Waxa uusan fahamsanayn waa iska liqi jirey, waxaana u diiday isla weynidiisa inuu wax caddeysto."
COD_02844.wav,Tuugii iyo ninkii seediga ahaa ayaa waxay isku soo raaceen dhinaca guriga. 
COD_05355.wav,U diyaar garowga Bisha Ramadaan
COD_05311.wav,Waa inuu maskaxda ku hayaa xilalka saaran sida kuwa ku qoran bilowga casharka.
COD_01463.wav,"Hadda TikTok mar mar ayaan soo galaa, laakiin sidii hore kuma ihi, oo waqti igama cuno. "
COD_00485.wav,"Markaan so weynaaday waxaan gadaal ka ogaaday in dadkaas qaarkood ay ka dhasheen qabiil aan deris nahay oo ay inta badan beesheenna dagaallo dhex mari jireen, "
COD_03667.wav,hadana waxaan sheekadan u soo bandhigayaa in lagu waano qaato 
COD_04656.wav,"taasina waxay ku siinaysaa xamaasad, dhiirigelin, tamar badan iyo sababta aad usoo kacayso subaxdii. "
COD_07338.wav,Qoraalku wuxuu marag fur u yahay xantii ahayd in talada dalka ay labadooda ku koobnayd.
COD_05225.wav,Buugani waxa uu agab u noqdaa dadka danaynaya in ay wax badan ka bartaan dhaqanka iyo afka Soomaaliga.
COD_07138.wav,"Ilaa shan boqol iyo konton milyan ayaa la kharash gareeyay bishan, taasoo jabisay rikoorkii 2018 ee ahaa afar boqol iyo sodon milyan"
COD_00073.wav,"Dadku waxay u malayn jireen in aan ahay doqon maadaama aan la ciyaarin carruurta kale, "
COD_06452.wav,Ciidamada Xoogga dalka Soomaaliyeed iyo dadka hubeysan ee deegaanka ayaa la wareegay gacan ku heynta degmada Xarardheere
COD_01237.wav,Qof kasta wuxuu sitaa kutub uu kala socdo cashirka iyo qalinrasaas uu ku sharraxdo erayada ku cusub. 
COD_03316.wav,"maxaa yeelay anagaa ka mas’uula  annagaa ilaalin weynay  nabad gelyadii,  "
COD_03234.wav,"xarrago maxaad ka timid?, xaqluun maxaad ka timid?, xil maxaad ka timid?, xaas se maxaad ka timid?. "
COD_04209.wav,"Ninkii labaad waxa uu watay liin banbeelmo, kolkuu foorarsaday ayuu waxuu ladhacay qosol ninkii beerta lahaa baa yaabay oo yiri war maxaad ku qoslaysaa, "
COD_03241.wav,"Farduhu xarrago waa yihiin oo run baad sheegtay, ee ciyaar fuul ka ogaw; ama ku joog ama ka joog. "
COD_06272.wav,waa hadii lagu soo qaado markay la kulmayaan dadka rayidka ah.
COD_04054.wav,hoyadi oo inantii bojenesa ayatiri hooyo danyerkada aya tin usobaxday 
COD_04207.wav,Waxaana maanta idin ku xukumayaa in nin walba waxa uu gacanta ku haysto uu futada iska galiyo. 
COD_06627.wav,"Madaxwayne, waxaa laguu doortay oo laguu dhaariyey Madaxwaynaha Qaranka Soomaaliya ee laguuma dooran oday dhaqameed qabiil."
COD_04699.wav,Waa fanka iyo cilmiga maamulka qeyraadka.
COD_03614.wav,"Intaas ka dib waxaa la go'aamiyey in gurigaas layga raro, "
COD_00762.wav,"Isagoo aan aqoon fiican kuu lahayn ayuu Faysbuug ku arkaayaa qoraalladaada, "
COD_00234.wav,"Waa dhici kartaa inaysan iyadu maanta kuu abaal gudi karin , laakiin sida Alle looga bartay meel aadan ka filayn ayaad ka heli doontaa. "
COD_00138.wav,"Markii dib la iskugu soo laabtay xulka South Sudan ayaa gool barbarro ah la yimid, "
COD_02099.wav,Qaraabasalaan kadib ayaan wadadii ku soo laabtay. 
COD_05306.wav,"In uu nabadgelyo u helo naftiisa, xoolihiisa iyo qoyskiisa."
COD_05972.wav,"kaddib markii ay kaga adkaatay Brighton iyo Hove Albion 2-4,"
COD_04940.wav,si qaddirin leh bay salaantii uga qaadday. 
COD_03338.wav,haddii uu madaxweynaha ka gaabiyo  sarreynta sharciga  Raiisulwasaaraha ayaa ka gaabin  dowladuu dhan way kawada gaabinaysaa.
COD_01181.wav,si uu qofku u ogaado xaalka magaalada inta uusan guriga ka bixin. 
COD_05475.wav,maadama adeegyadaha lacagaha lagu sameeyo adeegyada casriga ah ama Digital-ka.
COD_04595.wav,waxayna u baahan tahay shaqo adag.
COD_03890.wav,Dagaalku wuxuu keenay noocyo waxyeelo deegaan ah weligiis ma arag. 
COD_00250.wav,"Ma aragtay mid hooyadeed ugu booteynaysa, Waxaa igu ballan ah inaad igu diinto. "
COD_00512.wav,"Ha faafin haddii uu kusoo gaaro qoraal, muuqaal, ama cod xummaaneed "
COD_02119.wav,TVgii ayaan daarannay. Markii ciyaartu billaabatayba waxaa noo yimid labo askari iyo farsamayaqaan ka socda shirkadda korontada. 
COD_05028.wav,Dhulku waa meesha la degganyahay oo lagu raaxaysto.
COD_04097.wav,"Wax Alla wuxuu uga jeedo garanmahayo, laakiin jid kale iima furra inaan warka Garaadka yeelo ma ahee, "
COD_05309.wav,Inuu la socdo waxyaabaha hareerihiisa ka dhacaya. 
COD_06513.wav,Madaxweynaha Jamhuuriyadda Federaalka Soomaaliya Mudane Xasan Sheekh Maxamuud oo Madaxtooyada Qaranka kula kulmay Safiirka Midowga Yurub
COD_03025.wav,Gabadhii waxay haddana u tagtay ninkii idaha lahaa. 
COD_06464.wav,Viva dhulweynaha Hawiye maanta waa xor.
COD_04790.wav,balse markii ay baareen ayaa waxay arkeen in Signal uu kasoo baxaayo qunsuriyada dhexdeeda
COD_01234.wav,Canjalado laga soo duubay Shiikha ayaan ku dhegaysannaa rikoor 
COD_01722.wav,Xaq nooguma leh in ay yiraahdaan hadda ayaa baarlamaankiinu sharciyaynayaa.
COD_05303.wav,"Edeb kula dhaqanka dadka aad isugu timaadaan basaska, dugsiyada iyo suuqyada."
COD_00135.wav,waxay ku soo kordhisay gabayga Soomalida farsamo casri ah oo ay ku soo gudbsio maansadeeda qaab muuqaal ah oo xambaarsan fariimo muhiim ah. 
COD_04211.wav,Oday baa waxaa la keenay wadanka maraykanka  waxaana la geeyay gobolka Minisota 
COD_03037.wav,"Waxa kale ee ay soo ogaatay, in raggu xilliga guga uu isku wada midyahay oo wada guurdoon yahay, "
COD_02678.wav,"Xaqiiqatan waxad tahay sirta ka dambeysa Farxaddeyda, markan iridka gurigaaga soo galo waxan darema neecaaw farxaded, "
COD_03882.wav,"Si dhakhso ah ama hadhow, xaaladda degdegga ahi waxay imaan doontaa xeebtayada. "
COD_05084.wav,Maxay yihiin masuuliyiinta Midawga Yurub  ee la xiray ee loo haysto inay la shaqeeyeen 'Qatar'?
COD_05179.wav,Inaad ku guulaysato waxkasta oo aad rabto iyo waddada u mari lahayd. 
COD_07334.wav,Dawlad Goboleed warkeeda daa.
COD_00496.wav,"Ogow waxaasi hal maalin ma dhicin, tartiib-tartiib ayaa qofkaasu isu beddelay. "
COD_04428.wav,Madaxweynihii ugu horeeyay ee Soomaaliya wuxuu noqday Aadan Cabdulle Cusmaan 
COD_00571.wav,Inaad isku daydaan inaad muddo la shaqeysaan khataariir khibrad leh 
COD_00735.wav,waayo waxaan heystaa baasaboor Soomaali ah oo aanan dal kaste ku tegi karin. 
COD_03011.wav,Waxay tidhi xoolo maxaad leedahay. Wuxu yidhi ido ayaan hodan ka ahay. 
COD_01018.wav,Asuu ku leeyahay: waa lagu waayay ee xaggee ka dhacday saaxiib? 
COD_03876.wav,Qeyb ka mid ah tani waxay u muuqataa inay ku saleysan tahay cidda dhibaatada soo gaadhay ilaa iyo hadda. 
COD_03622.wav,waxaana rabaa in aan adeer wareysto oo reerihii warkoodii ka hello 
COD_04840.wav,"Goortii uu arkay in aysan labaduba lahayn garasho iyo imaan ba, ayuu talo rogrogid bilaabay."
COD_00535.wav,Sidii la fili karay maalintii ugu horreysay wax macaamiil ah sooma geli dukaankoodii cusbaa.
COD_01679.wav,"Waxaan ag fariistay sanduuqa qashinka, illin ayaa iga da'eysa, se waxaan isku dayay in aan qariyo. "
COD_05632.wav,"Kii xajka aaday isagoon wali gaadhin ayuu dhintay, illeen barigaa waa la lugayn jiraye,"
COD_02866.wav,Halkii ayuu tuugii ku kashifmay oo ninkii faraska laahaa faraskiisii lagu siiyay.
COD_02878.wav,"Kadib odaygii wuxu wiilkii ku yidhi waxba igama galin, haddii aad rabto inaan gabadha kugu daro waa inaad bixisaa xoolaha. "
COD_04434.wav,Xiligan Soomaaliya waxay u leexatay in ay kaalmo milatari ah waydiisato Soviet Union. 
COD_03540.wav,oo markii uu guriga ka baxaayo wuxuu igu xirri jirey sil-silad weyn deriska wuxuu ugu sheekeyn jirey in aan ahay naag saaqidad ah oo isaga diideysa 
COD_06750.wav,Uu fahamo in somalia uu allaah Siiyay awood aad uwayn
COD_04471.wav,waxayna dadka Soomaaliyeed ansixiyeen dastuurkaas cusub.
COD_03900.wav,"Hooyo ayaa timid xafiiska jaamacadda markaasay ka codsatay iyadoo ilmaynaysa in lugu caawiyo waxbaridda wiilkeeda oo ay agoonnimo ku soo korisay, "
COD_06905.wav,Xogta shakhsiyeed ee codsadayaasha waxaa lagu ilaalin doonaa nidaam amni oo adag.
COD_01592.wav,"Intaas waxaa sii dheer dhibaatooyinka caafimaad ee ka dhalan kara dhafarka, ee ay dhaqaatiirtu ka digaan had iyo jeer. "
COD_07329.wav,"Haddiise xukunku dimoqoraadi yahay, sirdoonku wuxuu qayb ka yahay ilaalinta iyo difaaca Amniga Qaranka"
COD_02426.wav,"wax aan kukala duwannahay  maleh  waxaa laga yaabaa siyaasiyiin inay nakala fogeynayaan balse dadka Soomaaliyeed col maahan,  "
COD_03754.wav,waxayse ku shaqeeyaan nidaam ay Kuuriya iyadu sameysay oo gaar u ah loona yaqaanno Red star Korea.
COD_00458.wav,"oo hadda suurta gal uma ah dugsiyada sare inay arday been ah soo saaraan,"
COD_05912.wav,Lix bilood oo kale ayaa la xiray 2017 kii oo loo haysatay in ay dacaayad fidisay oo ay caysay hannaanka caddaaladda
COD_01216.wav,waqtigii aad qabsatay waa la dhaafay ee lacagteydii ii soo celi
COD_06441.wav,"Messina Denaro ayaa lagu tuhmay inuu ka dambeeyay qaraxyadii kun sagaal boqol seddax sagaashankii ka dhacay Rooma,"
COD_02519.wav,"waxaana 2006-dii dalka Sweden lagu daabacay buugga Diiwaanka Hilin Hayaan oo lagu aruuriyay suugaantiisii, "
COD_06264.wav,"Xildhibaano isku dhinac ah iyo Madaxweyne Laftagareen ayaa ka qeyb galaya shirkaan, kaas oo ah mid xasaasi ah."
COD_04562.wav,Marka hore aan isla fahano waa maxay ganacsi?
COD_05619.wav,Wali afartii sano ee xigtay bangiga ayaan kasii shaqeynayay
COD_02197.wav,Tiradu way sii kordhaysay ilaa aan gaarno heer ay caadi noqotay in aan maalin kasta aasno 20 ilaa 30 ruux. 
COD_06259.wav,kaas oo la filayo inuu halkaas ka qabsoomo.
COD_02277.wav,Balse ninkaanu waa geesi. Waa ninka kaliya ee igu soo dhiirraday. 
COD_04691.wav,Maareyntu waa isku dubaridka iyo maamulka hawlaha si loo gaaro yoolka. 
COD_04199.wav,"badahaygii bay gashay, ma nooli, way in nolol xabaashay, naagtaydii kale bay iga furtay, dukaankaygiina wuu kacay, wayna ilu goysay. "
COD_02973.wav,Waxa jiray in ganacsade ahaa oo safar badnaa. 
COD_05786.wav,magaalada Hargeysa waxaa ku noola dad tiradooda lagu qiyaasay inta u dhexeysa khonton kun oo qof ilaa sideetan kun oo qof.
COD_03290.wav,"laakin waa in lasiiyo mabaadi’dii ay ku dagaalami lahaayeen, "
COD_06653.wav,laga leeyahay dano siyaasadeed oo la xariira maamulka gobalkaas.
COD_02785.wav,Ninkan wuxuu noolaa intii u dhaxeysay dabayaaqadii qarnigii sagaal iyo tobanaad ilaa horaantii qarnigii labaatanaad.
COD_04000.wav,Ha caadeysanin  beenta
COD_06732.wav,"oo uu horkacayo Madaxweynaha Jamhuuriyadda Federaalka ee Soomaaliya, Mudane Xasan Sheekh Maxamuud."
COD_03597.wav,gurigii waxaa uu noqday meel qof iyo qori ah oo ay isugu soo uruureen qoladii geesigoodii dilaaga ahaa laga dilay. 
COD_00335.wav,ku dhawaad 20 sano ayaa qof fiyow awoodaa inuu dab qabadsiiyo xitaa haddii uusan si kale u qanacsanayn? 
COD_04336.wav,"Dagaalka oo subaxnimadii hore ee shalay biloowday gabbalka ayaa iskugu dumay, "
COD_02997.wav,gabadhuna sidaa si lamida samayn jirtay si ay u ogaato inuu wiilku yahay qof la isku hallayn karo. 
COD_03336.wav,waxaa laga yaabaa talo ka fiican labadooda in la keeno .
COD_03105.wav,Waa na loo kala sheekeeyey. Anigu sidaydaba xoolaha inaan cuno uguma tala galo.
COD_00620.wav,laakiin weli ma arag guud ahaan shirkad Soomaaliyeed oo loogu nimcaystay sida shirkadaha Wadaadkaas oo kale. 
COD_03593.wav,hase yeeshee dilkiisa xittaa hadaan ku farxay wuxuu ii ahaa meeshii cir laga filaayey ayey ceeryaamo iiga timidoo meel aan tallo ka bilaabo ma aqoonin.
COD_06533.wav,Wuxuu Madaxweynuhu Alle uga baryayaa in u marwada la garab galo masuuliyadan culus ee loo igmaday.
COD_02830.wav,"Markii waagii baryay ayaa ninkii faraska lahaa xeradii faraskii ka waayay, balse waxa uu arkay raadkii faraska iyo halkii lala maray. "
COD_05391.wav,Goolhayaha reer Mexico Guillermo Ochoa oo 37 jir ah ayaa lagu wadaa in si bilaash ah uu ku biiro kooxda ka dhisan horyaalka Talyaaniga
COD_01467.wav,Waxaa wanaagsan in uu qofku inta uu yar yahay horumar sameeyo. 
COD_04900.wav,"In kastoo oo  labadii hore wax uga duwan yahay, haddana meel kale ayuu xariir kala lee yahaye."
COD_04782.wav,balse waxaan heshiis lala gali karaa shirkada soo saarta moobilka aad wadato si loo ogaado dhammaan macluumaadyadaada.
COD_02646.wav,isaguna Qolkiisa ayuu ka dhex lahaa Soomaaliya ha Noolaato.
COD_02201.wav,"Wuxuuna ku yiri: guriga ayaan uga tegayaa taleefankeyga, waxaana kaa soo wacayaa moobeelka Amiin. "
COD_03587.wav,"waayo dhibaato kasta oo igaartay isagaa ka masuul ahaa, "
COD_03633.wav,"si aan uga sheekeysano wax badan, waxaana ku balanay inuu gurigiisa i soo tuso si aan mar-mar dhuumasho ugu tago oo xaalada reeraha ulla socdo."
COD_03674.wav,Wasaaradda Qorshayntu waa wasaarad u baahan maskax iyo aqoon isbiirsaday 
COD_04757.wav,"balse intaa ka dib waxay qofka baraan beenta si ay marka hore ay kaga jaraan xariga Alle, intaa ka dib waxay qofka niyadiisa ay ku shubaan xisaab aan jirin marka loo eego. "
COD_01890.wav,Waa dalka ka dhacayay dambiyo ay ii cuntami waysay in aan marqaati ka noqdo. 
COD_04474.wav,Taliye Sare Maxamed Siyaad Bare ayaa wuxuu noqday madaxweynaha dawlada militariga ee dalka qabsatay 
COD_00606.wav,Haddii beelaha sheekooyinkooda gaarka ah lasoo duubi lahaa oo lays barbar dhigi lahaa qosol waa laga dhergi lahaa.
COD_06970.wav,Magaca Mustafa ayaa ku jira liis dheer oo hadba dad kale lagu darayo oo ay isku soo uruuriyeen kooxda u doodda xuquuqda aadanaha
COD_00817.wav,Tirada dhimashadu intaas way ka badneyd oo odayaasha Beelaha Hawiye oo maalin kasta sheegi jiray halka ay dhimashadu mareyso
COD_00934.wav,Xamar ayaan soo galnay. Waxaan isku deyayaa in aan akhriyo qoraallada boorarka iyo derbiyada ku qoran.
COD_04014.wav,Ula dhaqan Dadka Sida aad Jeceshahay In Luguula Dhaqmo
COD_00689.wav,"Labada magaalo hadda waa la asal-dooriyay, balse markaad dhex mareyso waxaad xusuus kula noolaaneysaa boqortooyadii Andalus, "
COD_04219.wav,Wuxuu isku dayey in uu is illowsiiyo  laakiin ma ahayn wax uu is illawsiin karo.
COD_03871.wav,"Kahor Dagaalkii Ciraaq kahor, malaayiin ayaa galay waddooyinka dadaalkii ugu dambeeyay si looga hortago duulaanka. "
COD_03896.wav,salka dhulka ayaa wali loo dejiyay ka faa'iideysiga iyo rabshadaha. 
COD_05617.wav,Lacagtaas wuxuu ka helay gurigiisa oo uu iibiyay.
COD_03465.wav,"markii ay dagaaladda dhaceen, oo dhibaatada badan loo geysanayey dadka aan beelahooda hubka heysan "
COD_03834.wav,"Tan iyo xilligii xilligan ee khilaafaadka Mareykanka waxay ka bilaabeen duullaankii Afqaanistaan ​​ee 2001, "
COD_00896.wav,"Waxaan ku soo koray dhul dhagax ah, hadda waxaan galnay dhul jilicsan oo carrasan ah. "
COD_05229.wav,"Haddii aad qabto su'aal ama aad u baahan tahay caawimaad, Na waydii"
COD_03595.wav,waxaa gurigii yimaadeen kooxo kale oo gurmad u ahaa ninkaan la heystaha u ahaa iyo mooryaantiisa la laayey. 
COD_06074.wav,ee ka socda magaalada Laascaanood ee xarunta Gobolka Sool.
COD_01915.wav,"Xil-ka-qaadistaas waxaa diiday oo sharcidarro ku tilmaamay Madaxweyne Cabdullaahi Yuusuf, wuxuuna Maxamed Dheere faray in uu shaqadiisa sii wato."
COD_00039.wav,"Horumarka iyo ilbaxnimadda maanta laga arko, dhulweynaha Shiinaha waxa ay inta badan taariikhyahanadu u sababeeyaan in ay salka ku hayso  kacdoonkaasi."
COD_03492.wav,waxaana ku dhacay gaarigii sagxadiisa.
COD_05836.wav,"Askarigaasi wuxuu ii sheegay in markii la qallay, ay lugtigiisu samaysay barar, bararkaasi oo ku fiday kor ilaa hoos lugtiisa,"
COD_03651.wav,hadana waxaan is dhahay weceladii ninkii xooga ku heystay oo kaa dhalay ayey rajo kaleedahay amuu is dhahaa oo kugu xanaaqaa.
COD_02280.wav,Inta farajacay ayaan ku iri: Libaax nin aan garaneyn ayaa lax ka rito ee Eebbe ha isu kiin barakeeyo.
COD_03545.wav,isaguna way yaqaanaan inuu yahay mooryaan weyn oo Allow imooti lagu ak maro.
COD_03273.wav,Waxaan badalayaa dhaqankii siyaasadeed  ahaa in xil la iska saarin nolasha ammniga  xildhibaanada
COD_07230.wav,waxaa la sheegay in uu ku saabsan yahay qiso dhab ah oo taban sano ka hor ku dhacday qoyskiisa. 
COD_01292.wav,"Inta iska warsadaan halka ay dadkii ka baxeen, oo maqlaan in adeegxumo looga kala tegay ayay kabalyeeriyaasha midba maalin racdaynayaan, oo kuwa kale keenaan. "
COD_00127.wav,"Markaan Muqdisho ka so dagay, waxaan filanayay dagaal iyo jahwareer balse waxaan la kulmay rajo iyo sheekooyiin dhiira-galin leh,"
COD_00959.wav,"Dadkii ayaa waydiinaya, goorta uu nin fiican noqday siyaasigii uu maalmahaan ku sheegayay in uu yahay tuug xaday hantidii qaranka."
COD_05875.wav,"Mohamed wuxuu kasoo bixi doonaa xabsiga dhowr maalmood kadib marka warqadihiisa la diyaariyo,"
COD_07057.wav,"ka dib Nairobi ayuu kaalinta kowaad ka galay isagoo matalaya kooxda ka socotay waaxda bilicda caasimadda Nairobi, "
COD_04888.wav,Maalin maalmaha ka mid ah ayaa gabadhii oo farriin qoraal kula sheekaysanaysay saaxiibkeed.
COD_05275.wav,dhammantooda Alle ayaa noogu nimceeyey anaga iyo xoolaheenna.
COD_04704.wav,"Maamulka, kartida xirfadeed waxay ku lug leedahay in si fiican loo barto mabaadi’da maaraynta iyo habka mabaadi’da inta badan loogu dabaqo xaaladaha."
COD_02196.wav,Maalmihii bannaanbaxyadu billaabanaayeen waxay maalin kasta ciidanku dilayeen 2 ilaa 3 qof. 
COD_06043.wav,ayaa lagu yiri qoraalka kasoo baxay xafiiska Madaxweyne Qoorqoor.
COD_02457.wav,"Doorashadii kadib, maanta ayaa Prof. Shirwac Muqdisho lagu caleemasaaray. "
COD_05100.wav,"Dhowrkii maalmood ee xigay, qaarkood ayaa usoo jawaabay, waxayna oggolaadeen in ay la raadiyaan qabriga."
COD_06367.wav,oo ku sugan magaalada Gothernburg ee dalka Sweden. 
COD_00622.wav,Waxaan warfaafinta qaarkood ka ogaaday in dhawaan loo dabbaal degi doono labbaantan guuradii mid ka mid ah shirkadihiisa.
COD_02094.wav,Kun shilin ma heysto oo markaan waan lugaynayaa. 
COD_05816.wav,"Cisbitaalka weyn ee Hargeysa wuxuu maanta xaaladiisu gaadhay heer uu noqdo hoygii ama godkii geerida lagu sugaayay, "
COD_05322.wav,Ballan waa dayn.
COD_04822.wav,taas oo adeerradi ugu beddeli jireen mahadin iyo duco. 
COD_05716.wav,baar qurxoon oo neecawdu ku ciyaartana u soo baxo.
COD_00189.wav,Man United oo saddexda dhibcood ka soo heshay kooxda Wolves oo ay ku booqatay garoonkeeda
COD_02212.wav,halka dad 5 milyan ka badan ay maanta qaxooti ku yihiin dalal kale. 
COD_05891.wav,Xil-wareejinta hubka oo ka dhacday magaalada Agulae oo qiyaastii soddon kiilomitir sideed iyo taban miles waqooyi bari kaga beegan magaalada Mekelle ee xarunta gobolkaasi
COD_00693.wav,"Jasiiraddaan oo xeebta ka fog 1KM waxaa ku nool 44 qof kaliya, waxaysa sanad kaste martigelisaa saddex milyan oo dalxiiseyaal ah."
COD_01485.wav,In loogu daydo oo wax laga barto ayayna mudan yihiin. 
COD_03530.wav,Dahabkaasi neef weyn ayuu iga keenay
COD_06695.wav,"SNM waxaa haysata labo daran mid dooro: haddii ay ka baxaan degaanka SSC,"
COD_06404.wav,siyaasiyiinta Koonfur Galbeed oo mucaaradsan Madaxweyne Cabdicasiis Laftagareen iyo xubno kale.
COD_01069.wav,"Waxaanan xusuusteyda ka go'in hadal culus oo uu ku celcelin jiray maamulaheygii,"
COD_01598.wav,Wuxuu dalka ka hirgeliyay shirkadda Soomaaliya ugu weyn ee maanta loo shaqatago. 
COD_05955.wav,"taas ay sababtay in wixii horey looga heli jiray aan hadda looga helin,"
COD_01624.wav,Eebbe cimrigiisa iyo xoolihiisa ha u barakeeyo.
COD_02299.wav,"Ha is weeydiin waxa ay dowladda Maraykanka kuu qaban karto, ee isweeydii waxa aad u qaban karto dowladda Maraykanka."
COD_01680.wav,"Waa niyadjabsanahay, waayo ma hayo wax aan caawa ugu jawaabo gabadheyda "
COD_06208.wav,"Wasiirka Wasaaradda Amniga Gudaha Dowlad Goboleedka Galmudug Maxamed Cabdi Aadan Gaboobe,"
COD_01318.wav,"Tobaneeye sano ka hor oo dalku burbursanaa, dadkuna dhiigbaxayay waxaan baahi badan u qabnay dad xaaladdaas la falgala, "
COD_05654.wav,"Madaxdii Gaana inkastoo aysan muslim ahayn, waxaa u shaqayn jiray dad Muslimiin ah,"
COD_05792.wav,Isbitaalka guud ee caasimadda Hargeysa wuxuu soo maray marxalado iyo jaran-jarooyin kala duwan.
COD_02140.wav,Ardaygii wuxuu yiri: waxaa qarashka waxbarashada iga bixin jiray nin seedsigay ah. 
COD_04487.wav,"Illeyn kasha aadanaha doonis iyo dareen kama dhamaatee, "
COD_04666.wav,Laakiin xasuusnoow inaad u baahan tahay inaad ku tiirsanaato dad adiga oo kale.
COD_03953.wav,maalin ayaa Miishaartii uu watay webiga ugu dhacday 
COD_05119.wav,Rag badan oo maanta mas'uuliyiin ah oo deegaanka ah ayaan isku galaasyo ahayn.
COD_01262.wav,Waa boqol maalmood oo safar iyo sawirro ah oo waxqabadkiisu noqday tacsi iyo dhaleeceyn. 
COD_00657.wav,Ma fahamteen hadda sababta 30 jirradeennu ay weli caqliyo saqiir u leeyihiin?
COD_05524.wav,Waxaa dhif iyo naadir ah in aan ka shalaayno wax aan sameynay laakiin sidii la rabay u shaqeyn waayay ama fashilmay.
COD_03503.wav,"waxaa la is weydiinayaa goorta kawaanka la i saarayo, "
COD_01482.wav,"Sanad ka hor waxaan ogaa in ay dibadda ku soo daaweeyeen saaxiibkood, oo ay ku bixiyeen konton kun ka badan. "
COD_05596.wav,"Noocii ugu horreeyay ee aan sameynay waxaa lagu jeclaaday qaabka ay yihiin, ayey tiri,"
COD_06103.wav,"oo cunto u doontay gobolka Soum ee waqooyiga dalka Burkina Faso oo ah goob ay ka hawlgalaan kooxaha Islaamiyiintu,"
COD_00237.wav,"Intaan u qabo iima qabow, yaxaaska galbeed kasoo carar"
COD_00822.wav,"iyo qoys Muqdisho ku noolaa oo aan qixin, qofna ugu dhiman ama ugu dhaawacmin."
COD_01270.wav,"indhuhuna waa i taagan yihiin, xalayna ma hurdin oo korkeyga ayaa waagu ka beryey."
COD_06219.wav,ayaa sheegay in la qabo rajo ah in Soomaaliya ay ku biirto Urur Goboleedka.
COD_04081.wav,"Waxaa raggaas la xujeeyey ka mid ahaa nin caydh ah oo aan bar adduun ka nixin tobaneeyo neef oo adhi ah mooyee, caruur rajooyin ahna korsada. "
COD_05885.wav,"Burburinta ciidammada Tigrayga ayaa loo arkaa inay udub dhexaad u tahay heshiiskii xabbad-joojinta ee November 2-deedi,"
COD_04496.wav,ayay qalbegeedi kula xanshaashaqday ereyo tahliil iyo tiiraanyo leh 
COD_02550.wav,"Abul-Caas oo safar ku maqan ayuu Alle nabi Muxamed soo diray, Zeynabana waxay ka mid noqotay dadkii rumeeyay. "
COD_02728.wav,"Qanciyena Goobtiisa shaqada ayay uga shidantahay, mana oga in Carawelo Gurigiisa Joogto"
COD_01470.wav,Dhalinyarada TikTok waqtiga ku lumiyo intooda waxbartay waxaan kula talinayaa in ay shaqooyin kale raadsadaan. 
COD_03808.wav,"Laakiin waligeed arag caynkaas oo kale ah cabsi iyo rajo beel, quudinta noocaas oo kale ah umada leedahay, "
COD_02288.wav,Siyaasi Salaad Cali Jeelle ayaa qiray markii ay dagaalada ka jireen Koonfurta iyo Bartamaha Soomaaliya deegaanada Puntland ay ahaayeen kuwo horumar ku tallaabsanayay.
COD_03706.wav,Hegra waa magaalo taariikhi ah oo ku taalla waqooyiga-galbeed ee Gacanka Carbeed.
COD_03689.wav,"hufnaan iyo dhabar adayg, iyagoo ay ka go’an tahay horumarinta dalkooda iyo dadkooda. "
COD_05830.wav,"Wuxuu ii sheegay askarigaasi, in uu muddo laba saacadood ah markii cisbitaalka la geeyay goor casar ah, "
COD_06155.wav,"muddo saacado ahna kadib lasiidaayay, ayaa ka sheekeeyay qorshihii uu kala ahaa imaanshiyaha caasimada iyo dadkii mas'uuliyiinta ahaa ee iska kaashaday xarigiisa."
COD_01655.wav,Halkan waa maqaayadda isbitaalka. Dad badan ayaa ka quraacanaya. 
COD_03962.wav,"Markaas kadib Gabadhi baa waxey itiri, Walaalow Adiga mataqaanid miyaa wax aan dagaal iyo Xan aan ka aheyn, "
COD_04437.wav,"21 Oktober, 1969kii Maaj, General Maxamed Siyaad Barre iyo ciidamada qalabka sida waxay lawareegeen talada dalka, "
COD_03958.wav,"habenki koowaad waxaan ugu sheekeeye mid aan saxiibo nahay oo dariskeena ahaa, si fican ayaa uwada xamanay, "
COD_00315.wav,Waxa Baydhaba Jannaay ka socda u ekaa wixii Xamar ka socon jirey sannad iyo dhawr bilood ka hor 
COD_02984.wav,haddiise shimbirku beenaale noqdo in isaga la gawraco.
COD_02900.wav,markaasaad adiga oo caydh nagu ogaa hadana xoola kale caawa u fadhidaa. 
COD_06581.wav,"ayaa si gaar ah diirada loogu saaray sidii loo mideyn lahaa hawgallada lagu ciribtirayo argagixisada,"
COD_01818.wav,"Haddan ayaan fahmay waxa aad ula jeedday waryaa is-xasili is-deji, wax hubso. "
COD_06210.wav,"ee gobolka Mudug, halkaas oo ay in muddo ah haysteen."
COD_02801.wav,"kuwa kalena luggooyada, oo waxyaabo farxad galiya raadsada."
COD_01168.wav,"Itoobiyaankii Foloronza fadhiyay ayaa iyaguna rasaas soo furay, waxayna wiil ku dhaawaceen isgoyska Siinaay. "
COD_02472.wav,"Markii ay Soomaaliya xoroowday wuxuu garab istaagay dowladdii riyadka, "
COD_03764.wav,"sida qofku inuu mas noqon karo, noloshana ay ku soo noqoneyso iyadoo sifo kale oo aan aadano ahayn wadata, "
COD_01876.wav,"Janaraal Jaamac ayaan waydiiyay sababta uu xilalkaas isaga casilay, "
COD_02481.wav,"Markii uu Kacaanku dalka qabsaday wuxuu abwaanku u arkayay in uu yahay hayaankii Soomaaliya barwaaqada geyn lahaa, "
COD_02402.wav,Waxaan dagaal adag la galnay  musuqmaasuqa oo aan isbadal ku sameynay  ha’adaha dhaqaalaha  
COD_03862.wav,"In kasta oo ay ku dhaarteen in ay joojinayaan adeegsiga, "
COD_01223.wav,Qofna ma oga goorta iyo goobta uu ku dhimanayo iyo waxa uu sababsan doono.
COD_00842.wav,"Markii aad sheeko soo qorto oo ay sadarka koowaad akhriyaan, ee ay ula ekaato sheeko aad hadda ka hor soo qortay, ayay faallo kuugu soo qorayaan: "
COD_04552.wav,Xusuusnow sida cajiibka ah ee aad dareentay markii aad dhammaysay?
COD_06864.wav,Fiisaha Shenjen hadaba waa nooca fiisaha ee waddamadani bixiyaan 
COD_00539.wav,Waxay dalbatay noocyo badan oo kalluun ah waxay ka buuxsatay bac weyn
COD_03222.wav,wallee haddaan kadinkaa laga guurin gorayo heeryaysan ayaa kasoo gali
COD_01903.wav,"Waan ka cararay, duurka ayaana habeenkaas seexday. "
COD_01029.wav,"Waxeedu waa badeeco bannaanka taal, iyo xarraash iyo xoolo jaban."
COD_00997.wav,"Qof aad is taqaannaan, balse uusan macaamil maaliyadeed idin dhex marin ayaa ku soo wacaya bisha oo 2 mareyso, "
COD_06019.wav,"laakiin waa wax iska caadi ah sababtoo ah waxay leeyihiin xilli kala guur ah mulkiilaha ilaa mid kale,"
COD_01986.wav,Isla maalinkaas ayaana shaqo ka billaabay xoolaqalka Gubta.
COD_01605.wav,"Mar kasta oo meel dab ka kaco, shirkaddiisu waxay isu xilqaantaa deminta dabka iyo badbaadinta hantida dadka."
COD_02435.wav,maxaa yeelay annagu dad yar ayaa nahay  waan isku wado baahanahay waana u baahanay.
COD_02084.wav,Dadkii barxadda dhoobnaa waxaa ka soo dul dhacay ciyaal weero ku jira. 
COD_00089.wav,Fursaddan waxay igu dhiiragelineysaa inaan sii wado qorista gabayada.
COD_00021.wav,"soona maray isbedello taariikheed, kaas oo ka kooban fikrado, caadooyin, fan, farshaxan ay samaysteen ama ay wadaagaan mujtamac gaar ahi."
COD_01941.wav,"Shaafici wuxuu ii sheegay in uu maamulka hordhigay xaaladdeyda, ayna i siiyeen deeq waxbarasho. "
COD_04658.wav,Qodobkaan waxa aad ugu dheeraaday buugga shanta Tiir ee Guusha.
COD_03828.wav,Wasaaradda Difaaca Mareykanka waxay leedahay raadad kaarboon ah oo kaarboonka sannadlaha ah marka loo eego inta badan waddamada adduunka. 
COD_00583.wav,Waxaan u hambalyeynayaa dhallinyarada tallaabooyinkaas horay u qaaday kuna guulaystay 
COD_04565.wav,marka aad ganacsi bilawdo waxaad la kulmi kartaa khasaare.
COD_06215.wav,Halkaan hoose ka daawo wareysi uu siiyay warbaahinta Dowladda oo uu kaga hadlayo arrinkaas.
COD_02902.wav,"Ninkii dariska ahaana waxay ku tidhi adiguna maanlaawe ayaa tahay, waayo gabadh boqol geela iyo baarqabkoodii laga bixiyay ayaad adna lug sagaaro ku doonaysaa."
COD_04256.wav,Jirridda aadka u ballaadhani dhexda ayey ka dalooshaa oo waxaa gala biyo badan oo muddo dheer roobka ka dib laga cabbo lagana dhaansado. 
COD_04507.wav,Waxaad noqonaysaa sidaad u malaynayso
COD_06907.wav,Codsadayaasha ka yar da'da 12 lagama qaado wax kharash ah.
COD_02125.wav,si uu carruurteenna ugu gudbiyo madadaalo iyo wacyigalin Soomaaliyaysan.
COD_02504.wav,"Maxamed Siyaad way isfahmeen, diyaaraddiisii ayuuna la soo raacay."
COD_06950.wav,Lacagta loo adeegsan doono hubka cusub oo isku darkeedu yahay shan iyo toban dhibic sideed bilyan
COD_02416.wav,micnaheedu waxay tahay hadda dagaal ayaan ku jirnaa qof walboo Soomaaliya oo dhaho dagaal diyaar ayaan u ahay inaan dalka difaaco
COD_06333.wav,"Masuuliyiinta caafimaadka ee Wajeer ayaa walaac xooggan ka qaba xanuunka daacuunka oo deegaankaas ka dilaacay,"
COD_01996.wav,Xasan Shiikh wuxuu kiiska badda siiyay tixgelintii ay mudneyd. 
COD_01956.wav,Haweenku waxay lahaayeen geed ay ku kulmaan oo ay ku duceystaan. 
COD_01891.wav,"Marka ma dooneyn in aan masuuliyadda qaladkaas wax ku yeesho, "
COD_05206.wav,Ma qabsan karno wax yaalaha aynnu rabno annaga oo wadajirna mooye.
COD_02725.wav,manasoo socdo ee Taleefoonka iiga bax Walaalkey.
COD_00550.wav,"Qoraagu isagoo hadalkii sii wata wuxuu yiri Habdhaqankaaga, akhlaaqdaada iyo anshaxaagu,  waa wax isu tegay oo aad ka dhaxshay dad kala duwan: "
COD_04904.wav,"Maantii uu arkay ayuu bilaabay in uu wejigii inantii u beddelo, uuna la yimaado dhaqammo ay ka heli weysay."
COD_00922.wav,"Sababtaas ayayna baabuurtu u jecel yihiin in ay habeenkii dhulkaan ku baryaan, oo subixii ka kallahaan."
COD_02799.wav,Waxay sidoo kale isku dayaan inay la qabsadaan doorarkii horay looga qaatay.
COD_01309.wav,"Waxaan xusuustaa sidii aad nooga indhafurneyd oo u ahaye saaxiib naga horreeya, "
COD_03166.wav,Markiiba ninkii martida loo ahaa waxa uu qalay neef adhiya si uu ugu marti soo raga. 
COD_02845.wav,"Goortay reerkii yimaadeena ayaa ninkii faraska soo iibsaday gurigii ugu yimid ninkii uu seediga u ahaa, "
COD_04135.wav,Garaadkii ayaa weydiiyey: oday adna maxaad soo qaaday? 
COD_01303.wav,Waxaad ii ahayd saaxiibka ugu qaalisan ee aan haysto xilligii aan ugu baahida badnaa saaxiib wanaagsan. 
COD_06682.wav,wax ka baxsan warka.
COD_00592.wav,"Oo aniga shaqadeydu maxay tahay, haddii qofku midda uu doono iska qaadanaayo."
COD_03235.wav,Intaa markuu wiilwaal waydiiyay ayaa wiilkii yaraa wuxu ugu jawaabay 
COD_01356.wav,In aan shaqaalannimada ka baxo oo aan iskeey u shaqeysto ayaan go'aansaday. 
COD_02418.wav,"Arrint kaloo muhiimka ah ammniga abaabul  shacabka Soomaaaliyeed,  "
COD_04599.wav,ee ma aha magaca ay xambaarsan tahay oo kali.
COD_00100.wav,"Waxaan dareemayaa kalsooni, sababtoo ah akhristayaasha ma i arki karaan, aniguna ma arki karo iyaga,"
COD_03895.wav,"Waxaa lagu wajahay meeraha si cad ugu jira xadka xadgudubka ay qaadi karto, "
COD_04797.wav,Xilligii kuraynimada ayaa aabbihi uga dhintay kadimo ishkin ah iyo tirooyin ari ah. 
COD_00036.wav,"tusaale ahaan; waddanka Shiinaha waxa ka dhacay kacaan isbeddel dhaqan midkaas oo ay taariikhyahannadu ugu yeeraan; kacaankii isbeddel dhaqan ee Shiinaha China cultural revolution,"
COD_00928.wav,Maqaayad shidan oo uu lahaa nin Doolli la dhaho ayaan ka quraacannay. 
COD_05027.wav,Qofkii uhoreeyey ee aan usheegey wuxuu ahaa walaalkey.
COD_03021.wav,Markaa hadda guur diyaar uma ihi. 
COD_03590.wav,"guri dad leeyahay xoog ku deganeyd, mugdi hor leh ayaa i hareeyey, "
COD_03692.wav,"Madaxweynaha ayaa tilmaamay in Dawladdu ay xoogga saartay ilaalinta xuquuqda shaqaalaha Soomaaliyeed, "
COD_05092.wav,Hadaba maxey yihiin farriimaha uu xambaarsan yahay safarka madaxweynaha?
COD_00224.wav,Ma waxaan awood u yeelanaynaa in diyaaraddii aan u bogi weyno aan soo dejinno? 
COD_02533.wav,"maadaama ay Soomaaliya ku taallo dhinaca hoose, Itoobiyana ay dhacdo dhanka kore ee webiyada, "
COD_03573.wav,"si uu isu bad-baadiyo, laakiin waxaan lagu amray inuu gacmaha kor u taago soona baxo banaanka. "
COD_01691.wav,"Way shaqeysa oo nolosha qoysku maanta iyada ayay ku tiirsan tahay, aniga shaqada way iga fariisisay, "
COD_01258.wav,"waxaa ballanqaadyadii uu tixay ka mid ahaa in wax ka qaban doono amniga dalka, oo uu dib-u-habeyn ku sameyn doono hay’adaha amniga."
COD_05332.wav,Si aad u fool xun baa loo caayay inanta.
COD_03623.wav,"isaga wuxuu isleeyahay naagtaan isbaarada taagan armey ku shirqooshaa, "
COD_04887.wav,Tan kale waa iska daacad oo ma isa sii weydiiso wax kasta oo ay ka dareento.
COD_00839.wav,Faysbuug  jib waaye ee yaan lagu harawsan saaxiib.
COD_04830.wav,Muddo ka dib Muuse waa ogaaday in ilma-adeerradi ay dabamareen. 
COD_06035.wav,ayaa ku qoraalkiisa Xildhibaan Cabdirahman Abdishakur Warsame.
COD_03832.wav,"isla markaana u dhiganta, kaligiis soosaarayaasha gaaska cagaaran adduunka. "
COD_05000.wav,Shirkii iyo madaxweynihiiba wuu ku waafaqay.
COD_02606.wav,Falis waa Xaaska Qanciye oo ka shaqeeyo Dukaan Cosmetics-ka lagu iibiyo.
COD_06793.wav,Maxay ka wada-hadleen Madaxweyne Xassan iyo Safiirka Mareykanka ee QM? SAWIRRO
COD_07181.wav,ee ku jira maalinta ugu dambeysa.
COD_06468.wav,mar dhow waa nadiif oo kufaar dambe shabaab dambelagu arki maayo insha’allaah.
COD_01390.wav,Waxaan soojeedinayaa in aad ka wardoonto aqoonta gundhigga u ah horumarinta dadka iyo dalka
COD_01363.wav,Waxaaa bixiyaa canshuurta ugu badan ee ganacsade madow ah dhiibo. 
COD_00321.wav,"Dhurwaagu markuu wax halleeyo waa is ogyahay oo isagoo dakanaysan ayuu baxsadaa, "
COD_01419.wav,Nin dhexdu u dhuuqsan tahay oo caag Desani ah gacanta ku sito ayaa u yimid. 
COD_01133.wav,"Dad badan waxay u fahmeen in shahaado sare la guddoonsiinayay, waxayna comment ugu soo wada qoreen hambalyo walaal. Dadaalka sii labajibbaar. "
COD_05263.wav,Aad beey kuugu adkaan kartaa in aad ka baxsato xadgudub adigoo aan kaalmo ka helin dad kale.
COD_06049.wav,ayaa carabka ku dhuftay in howlgaladu sii socon doonaan ilaa laga xoreeyo kooxda Khawaarijta ah Galmudug iyo Soomaaliya inteeda kaleba.
COD_02700.wav,"Subixii Sabtida Falis waxay Qanciye u sheegtay inay rabto inay Ayuuto la gasho Eedayaasheed ayna u baahantahay konton dollar Bil Kaste, "
COD_05130.wav,Maamul kasta oo cusub oo Mareykan ah wuxuu horumariyaa ahmiyad ku saabsan sida uu u fulin lahaa siyaasaddiisa Afrika.
COD_02874.wav,"Ninkii ayaa tuugii ku yidhi faraskaaga ceebtiisa ma taqaanaa, haddii aad taqaan, labada indhood ayuu mid laayahay, ma ta midig baa mise waa ta bidix?."
COD_00132.wav,taasoo ay ku soo bandhigtay shir caalami ah oo looga hadlayay xal-u-helidda miinada oo ka dhacay wadanka Geneva.
COD_02248.wav,"Intii uu uurku buki lahaa afku haku buko, ee shab dheh oo tijaabi nasiibkaada xitaa haddii ay PhD wadato"
COD_05629.wav,"Mid ayaa wuxuu yidhi,  anigu waan soo xajin ,"
COD_02268.wav,"Waayo aqoonteeda, kartideeda iyo xilka ay hay’adda ka heysay ayaan ugu waabsaneyn."
COD_00517.wav,"Dad-sankuna waa sida shinnida oo kale waxay urursataa wax san, waxayna soo saartaa wax san wanaagsan."
COD_04448.wav,"Desember, 1979 Xukuumaddii Milaterigu waxay qabatay doorashooyin baarlamaan; "
COD_02187.wav,"Carruurtii waa la xiray, waana la jirdilay. "
COD_02333.wav,"islamarkaasna uga dhaadhiciyaan hadba waxa ay doonayaan, oo ay ka mid tahay in la doorto."
COD_07281.wav,"Sagaal maalmood ka dib, 11-kii Febraayo, Wasiirka Difaaca Britain,"
COD_05490.wav,Waxaa uuna xilligaa hagaajin jiray wax walba oo farsameyn iyo hal-abuur u baahan.
COD_00690.wav,sababihii burburiyay iyo waaqica qaraar ee muslimiintu ka dhaxleen burburkeeda.
COD_07012.wav,"Dhanka kale waxyaalaha la qiimeeyo ee uu sheegay waxaa ka mid ah, amniga, aaminaadda bulshada ee ay ka aamminsan taha musuqa,"
COD_01667.wav,"Waxaa mahadsan isbitaalladii xaaladahaas adag noogu soo adeegay, "
COD_06316.wav,in iyada iyo wasiirka arrimaha dibadda ee Faransiisku Catherine Colonna 
COD_01058.wav,"Waxaan ogaaday in aanan qalbiyada ardayda ku hanan karin canaan iyo cabsigelin ee aan kasban karo dulqaad, dhimrin, iyo ardayda la saaxiibo,"
COD_00821.wav,Malaha ma jiro qof reer Muqdisho ah oo aan xasuuqii Itoobiya ku waynin qof uu jeclaa
COD_03425.wav,inta laga soo dhammeystirayo xeerarka iyo shuruucda Baarlamaan ee hageysa.
COD_01299.wav,Inta ciyaalka xaafadda mention dhaho ayuu leeyahay: Kii arkahee Qolo meeshaan ah ayuu maanta been ku cabooyaa. 
COD_03294.wav,"waa inaan caafimaad siino,  haddii uu dhintana  caruurtiisa waa inaan ka warqabnaa, "
COD_01611.wav,Sanad kastana waxay deeq waxbarasho siiyaan bololaal arday oo ay tartan ku kala saaraan.
COD_02078.wav,"Bareefadyadu waan jeclahay, waxaana ugu sii jeclahay marka ay ardaydu Ingiriis ku sheekeysanayaan. "
COD_03322.wav,musuqmaasuqa waa cadowga  siyaasadda cadowga dowladeed waaye  
COD_00422.wav,Run ahaantii gaar ahaan madaxweynuhu ma ahayn inuu baraha bulshada ku baahiyo sawirkaas oo u muuqday Maxaad ka qaadi kartaan
COD_03753.wav,"qalabka Computer-da Kuuriya waqooyi kuma shaqeeyaan nidaama Windows-ka ee ay ku shaqeeyaan Computer-da aan adeegsanno, "
COD_02548.wav,Nabiga wuxuu Abul-Caas u sheegay in uu arinkaasi kala soo tashanayo gabadhiisa. 
COD_02749.wav,kadibna wuxuu iibsaday xadhig kaddibna surka qoorta ayuu digaaggii uga xidhay wuuna soo kaxaystay.
COD_04981.wav,Waxa uu ninkii ii sheegey in uusan ahayn qolada uu ku hayey yaa reer hebel aheey. 
COD_01569.wav,"Waxaanse ka naxaa markii aan arko saaxiibbadey oo kabo ku caseynaya iridda masaajidka, "
COD_00495.wav,"Miyaadan arag dad ay kuugu dambaysay iyagoo sarriigtaxishooda, laakiin aad aragto iyagoo xishoodka ka tegay?"
COD_02327.wav,"Anigoo og inaanay ku jirin agendaha, anigoo og inaan laga doodin, anigoo og inaan loo codeyn, anigoo og inaanay waafaqsanayn dastuurka iyo shuruucda dalka, "
COD_02967.wav,maadaama shaygii uu abaal marinta ku mutaysan lahaa asagoo ujeeda uu heli waayay.
COD_05640.wav,"Ilbaxnimada Afrika inkastoo aysan xagga tiknoloojiyadda horumar ka gaadhsiisnayn,"
COD_01281.wav,"Abaal aan duugoobeyn ayuu igu leeyahay dhakhtarka Wadnaha, "
COD_01706.wav,"Waa hooyooyin, balse hadda waxay hayaan shaqadii aabbennimo ee aheyd in ay soo shaqeeyaan quutulyoomka qoyska."
COD_02794.wav,"Waxaa dhaqan ahaan loo aaminsan yahay in cunugga carruurta ugu weyn la siiyo dareen waalidnimo, "
COD_04644.wav,Markaad bilowdo inaad si togan u fikirto waxaad ku socotaa wadadii saxda ahayd.
COD_03210.wav,dabadeed ayaa midba dhinac u caymadday aqalka dhexdiisii. 
COD_02503.wav,"Yaman ayuu diyaarad se ka soo raacay, wuxuuna u tegay Maxamed Siyaad Barre oo Jabuuti safar ku joogay. "
COD_05246.wav,"waxaanu kuu soo xulnay macluumaad, layliyo, iyo waraaqo shaqo oo ku aadan maareynta welwelka iyo caafimaadka."
COD_05223.wav,Hadafku waa dariiqii aad ku xaqiijin lahayd ama hanaanka aad ku gaadhayso guul 
COD_00328.wav,"Ilaa uu noo soo fariisto qof ka dacwoonaaya waalidkiis Hubaal waalidku waa bani'aadam waana khaldami karaan, "
COD_03017.wav,Xilligii jiilaalka markii la gaadhay ayaa gabadhii waxay damacday inay nimankii guurka ka doonay jaribto iyaga iyo xoolahaba. 
COD_01279.wav,Markii uu rubisaac kaa maqnaado ayuu kuu keenayaa kobashiin sokor la’aan ah. 
COD_04527.wav,Hab fikirkaaga sidoo kale waxay saameysaa da’daada. 
COD_01266.wav,"Cidna uma maqna, ceelna uma qodna Soomaaliya."
COD_01902.wav,Markii ay 12kii neef tebtay ayay i garaacay anigoo hurdaya. 
COD_01189.wav,Kummanaan arday ayuu uga faa’iideeyay xiriirkii uu la lahaa dalalka Carabta. 
COD_00763.wav,"ka dibna wuxuu ku gashanayaa qaanad uu kula jecel yahay, oo ay ka buuxaan dadka u hadla sida uu isagu jecel yahay."
COD_03418.wav,goobaha waxbarashada iyo dhul kale oo ku yaalla Suuqa Siinaay iyo u sameynta dukumiinti sharci darro ah. 
COD_02996.wav,"Wiilka gabadh guursanayaa wuxu eegi jiray inay tahay gaari caqli badan, "
COD_06249.wav,oo ay horay uga reebtay koobka Carling Cup bishii November ee sanadii hore 2022.
COD_02001.wav,"wuxuuna dacwada badda u yeelay dareen qaran, oo mar kasta oo maxkamadda la tagayo waxay Dowladdu casuumi jirtay saxaafadda,"
COD_04265.wav,Waar haddaba balaayadani waa maxay?
COD_07054.wav,halkaasna uu   ka helay xiiso dheeraad ah iyo fikirka ah inuu u ciyaaro feerka xirfad ahaan. 
COD_00273.wav,"ee midna ka timaado Black sea, midna aaddo Dabka,"
COD_01440.wav,Taas ayaana igu dhiirrigelinaysa in aan dhambaalkan furan ku soo diro. 
COD_01920.wav,xukuumadda Nuur Caddena aysan qaadan karin go'aan iyo heshiis qaran.
COD_02057.wav,"Baaritaankii ayaa lagu celiyay, negative ayaana mar kale soo baxday."
COD_02683.wav,"Mahadcelin iyo Raali-gilin ayay kala dul dhacday, Xaqiiqatan wan kugu kalsoonahay Maseerna Dumar ayan u ahay, "
COD_03712.wav,"oo soo dagay Hegra waxayna horumariyeen magaalada, "
COD_06158.wav, Waxaan la xiriiray niman dhalinyaro oo ka shaqeeya xafiiska Ra iisul Wasaaraha 
COD_00884.wav,Aroortii ayaan ka soo dhaqaajinnay tuulada Dac. 
COD_04880.wav,"Marka uu wiilkaasi guriga yimaado, gabadha kale waa soo dhaweyn jirtay."
COD_05427.wav,"Shirkad kale oo ku sugan Nanjing oo u dhow magaaladaas ayaa sheegay inay beeraleyda ka aqbali doonto ilaa 5,000kg oo qare ah."
COD_04284.wav,Wuu hubaa in aanay jirin wax ka wanaagsan oo uu maanta arki lahaa. 
COD_02479.wav,"waxaana ka guuleystay Cabdirashiid Cali Sharmarke, "
COD_01010.wav,Adigii deyntu kaa maqneyd ee lacagtaada ka sabray ayaaba dacwo laguu sii qabsanayaa oo isku xishoonaya. 
COD_03675.wav,taas oo furfuri karta caqabad kasta ee keeni karta in wasaaraddu ka shaqeysiin weyso mashaariicda baaxadda leh ee loo dhisay.
COD_03480.wav,"waxeyna waydiiyeen inuu sheego meesha lacagta keydka iyo dahabka ugu jiraan, "
COD_00759.wav,halka ay dowladdaanna ku fashilantay in ay shacabka uga warbixiso guulihii ay Soomaaliya ku tallaabsatay.
COD_04564.wav,Fasiraada Ganacsiga waa ereyo ballaaran.
COD_02246.wav,oo aaminsan: budo qabe iyo biyo waa isu baahan yihiin.
COD_01833.wav,"Waa dhaqtarad, barafasoorad, iyo daaciyad islaami ah, "
COD_04446.wav,1977 ilaa 1978 waxaa socday dagaalkii gobolka waqooyi galbeed ee dhexmaray Soomaalida iyo Itoobiyaanka. 
COD_07362.wav,Koleey qoraalku kama marna dacaayad olole ee Farmaajo iyo ha la i xusuusto. 
COD_02473.wav,wuxuuna kun sagaal boqol lixdan iyo labadii curiyay maansada Geeddiga wadaay oo uu ku guubaabinayay hoggaankii dalka. 
COD_02218.wav,U fikir si ka duwan sida ay dadku u fikiraan
COD_07011.wav,"waxyaalahaas ayaa Iyana ka mid ah waxyaabaha la qiimeeyey,  ayuu hadalkiisa sii raaciyey Cabdinur. "
COD_05944.wav,"ayaa waxaa ku booqannay meheraddeeda oo ku taalla magaalada  Muqdisho,"
COD_03197.wav,"kolkaasaa iyaga oo yaraysanaya ay ku yidhaahdeen oo dhalin ileeyoow maxaa dhacay, ma colbaa inagu soo duulaya?. "
COD_07005.wav,"Waxaana laga cabbiraa oo la qiimeeyaa dakhliga soo galay dawladda sida ay u maaraysay,"
COD_00019.wav,"Dhinaca kale, Qaammuuska afka Soomaaliga ee ay qoreen Annarita iyo Cabdalla Cumar Mansuur, "
COD_05520.wav,balse waa mid muujinaysa go'aanka uu ka qaato guuldarada.
COD_07001.wav,Haddaba Soomaaliya inta badan waxay gaashaa kaalimaha ugu hooseeya marka la eego qiimeynta 
COD_07107.wav,"Hasayeeshee ma jirto cid aan isu muujinayo,  Farah ayaa sidaas ku daray."
COD_04792.wav,In la isku sameeyo dil qorsheysan waxay u baahan tahay in dadka ay ku dhex jiraan dad si gaar loo baadi goobaayo si logu fuliyo qorshaha.
COD_00092.wav,Tuducyadan soo socda waa gabaygii Mursal uu ee ku guuleystay tartanka:
COD_02134.wav,Wuxuu dhiganayay Jaamacadda Jamhuuriya. Waa goor barqo ah. 
COD_02513.wav,"Tiyaararkii buuq ayaa isqabsaday, Maxamed Siyaad oo careysan ayaa qudbeeyay, "
COD_06204.wav,"Wasiirka Wasaaradda Warfaafinta DG Galmudug Abshir Cabdi Shiiqow, ayaa bixiyay wareysi arrintaas la xiriira, "
COD_07115.wav,"Waxaa suuragal ah inaad aragteen warbixinno sheegaya in iftiinka ka soo baxaya walaxdaas cagaarka ah uu ifin doono samada, "
COD_05568.wav,Xaaladdu way kasii dartay markii ay u tagtay maamulaha warshad ay damacsaneyd inay koobabka u sameeyaan.
COD_07041.wav,Khaliifa ayaa BBC-da u sheegay inuu jeclaystay ciyaaraha feerka 
COD_06774.wav,"Fartuun ayaa Ciidamada Amniga Soomaaliya ka qabteen degmada Hilwaa ee Muqdisho, waxaana kooxda ay u qaabilsaneyd arrimaha Lacagta."
COD_00088.wav,iyo sidoo kale ilaalinta dhaqanka Soomaaliyeed.
COD_02420.wav,Dagaalkaana waa dagaal dhaba waaye waa dagaal xaq ah waaye 
COD_05448.wav,Isbaddallada lagu saameeyo gaadiidka adduunka ayaa sii ballaaranayaa
COD_05734.wav,Feedha dhiman bay Dhaami leedahay
COD_04372.wav,"haddee Cigaal saad kutaaqaaniinba maaha nacas ay taladu ka hoos baxdee, "
COD_02539.wav,"Haddaba, dowladda Soomaaliya waxaa la gudboon in ay fursaddaan ay uga faa’iideysato"
COD_02787.wav,"Sanadkii 1927-kii, Adler wuxuu si rasmi ah u sheegay carruurtu sida ay u kala dhashaan ay saameyn weyn ku yeelato shakhsiyaddooda, "
COD_03647.wav,"Waxaan mar ku fekeray in gabadha oo ugu yareyd qaato, "
COD_00483.wav,"Qofkii mar lay baro weligey ma illoobi jirin, sidaa darteed markaan arko anigoo kaligey ah inta u haanyoodo ayaan dhihi jirey ‘adeer hebel ama eeddo heblaayo’. "
COD_00860.wav,Buugaagtii iyo Book Fairs-kiiba inta lagu duday ayay is qararamsadeen.
COD_01797.wav,Baro in dadka loola hadlo sida ay kala yihiin. 
COD_05662.wav,"wuxuu ka xirgalay xeebaha Afrikada bari, waana ilbaxnimadii Sawaaxiliga taas oo Muslim ahayd aanse Carab ahayn."
COD_03093.wav,Ma waxa madaw ee muska la iskaga dhiibaa?.
COD_05281.wav,Dardaaran waalid 
COD_07227.wav,"Filimkan oo ay jilaayaasha ku jira ay dhammaantood ahaayeenn Soomaali ayaa la sameeyay sannadkaas, "
COD_00164.wav,iyadoo dooneysa inay la saxiixato xiddiga reer Argantina iyo kooxda Benfica ee Enzo Fernandez
COD_05011.wav,"Waxay ahayd goor casar gaaban ah abaaro shantii galabnimo, cadceeduna sii dhacayso,"
COD_01256.wav,"Xasan Shiikh Maxamuud wuxuu olalaha ku galay, laguna taageeray in uu yahay oday xilkas ah oo wax weyn ka beddeli doona duruufaha dalka oo uu xogogaal u yahay."
COD_01397.wav,Wax yar kaddib ayaan u soo noqday saxankii oo aysan waxba ku jirin iyo ninkii oo meeshii ka maqan.
COD_07132.wav,Waxaad xiddiggan bool ku arki kartaa inaad si toos ah u eegtid waqooyiga sidaas oo aad ku arki kartid xiddigga halkaas lulanaya.
COD_01102.wav,"waxaan is barannay 1979kii, waxaanna isku fasal ahayn sideed sano oo aan dugsigii dhexe iyo sare ka wada dhigannay "
COD_06876.wav,Xeerka cusub ee codsiga fiisaha waa uu fududaan karaa. 
COD_06013.wav,"noocyada kala duwan ee gunooyinka,  ayuu yidhi. "
COD_03470.wav,"waxaan na soo wajahday cabsi tii ugu darneed, "
COD_00213.wav,Aniga oo u dhawaa ayaa afka kala furay wuxuuna afka ii geliyey gobal xalwo ah 
COD_06287.wav,"Ugu dambeyn, guddoomiye Muumin Maxamed Xalane ayaa tilmaamay in gawaarida qaraxyada ismiidaaminta fulisay ay ka yimaadeen dhanka degaanka Wabxo,"
COD_00082.wav,"Laakin weligay kuma fikirin inaan tiriyo maanso colaad beeleed abuuraysa, ama qabyaalad iyo colaad hurinaysa."
COD_02948.wav,wabigaas isna wuxuu u dhawaa meel warshado badan ku yaaliin. 
COD_04068.wav,shirka barrito la isugu imanayana uu keeno cadka rag walaaleeya. 
COD_01399.wav,Aniga iyo walaalkey oo qaraabasalaan u aadnay Xamarjidiid ayaa wiil dhallinyaro ah oo labisan naga horyimid.
COD_04632.wav,"maxaa yeelay waxwalbaa wuxuu qaataa waqti, wixii waqti qaata oo kaliya ayaa la ogaan karaa guushiisa inta ay la’eg tahay."
COD_04043.wav,Odey ah rageedi ayaa gob kanacsi oo kulahaa south africa ayaa waxaa wareershay tuugo 
COD_04829.wav,Saaxiibbo isjecel bay noqdeen oo hawlahooda maareysta inta uu Muuse masruufkooda ku maqan yahay.   
COD_05952.wav,"waxaa ay hadalkeeda sii raacisay in muddo ah ay ku jirtay aysan arag xaaladdaan oo kale,"
COD_03383.wav,"Garad Wiil-Waal, wuxuu lahaa saldano taam ah iyo Tol aad u tanaaday oo xoog badan. "
COD_00413.wav,"Markii muddoo arrinkaas lugu muransanaa reerkii wax laga dilayna ay ku adkaysanaayeen in laga gar baxo,"
COD_04785.wav,Kahor soo ifbixida aalada Internet-ka waxaa batay dacwada ah in la jabsaday qaarka ka mid teleefanadooda.
COD_00708.wav,"Digniinnada ganaaxa ah ee meel kaste ku dheggan waxay kuu sheegayaan in quruxda Singabuur aan baryo lagu keenin,"
COD_02293.wav,"Kheyre ayaa noqday mid ka mid ah shaqsiyada loogu mutaabacayn badanyahay madaxda Soomaalida, "
COD_05706.wav,Idinbacasa awrkay dhashiyo aarankay wadatay
COD_05873.wav,"oo hogaaminayey ololaha, lana hadlay AP."
COD_04190.wav,Marka nin agtiisa ku tukan hayay ayaa gacanta oogu midaaray inuu khaldan yahay. 
COD_02240.wav,Dagaal kudhufo oo kadhaqaaq ah oo ay adkaatay in looga guuleysto ayay gumeystihii la galeen. 
COD_03911.wav,Waa cajiib runtii mudan in laga foojignaado arimahaan 
COD_06737.wav,ayaa waxaa madaxda ay si hoose iskula eegi doonaan in si wadajir ah looga hortago khatarka Khawaarijta baxsadka 
COD_02091.wav,Waa ninkii shatiga taksiga i siiyay.
COD_06346.wav,Wasaaradda difaaca ee Maraykanka ayaa sannadkii hore waxay fureen xafiis gaar ah 
COD_01555.wav,"Markii aan ka dallacay waxaan u gudbay iskuulka Xisaabta oo cambuulo looga qadeeyo, "
COD_06509.wav,Maxay ka wada-hadleen Xasan Sheekh iyo safiirada Midowga Yurub?
COD_05825.wav,Sheekada koowaad Sannadkii 2019 iyo Askarigii xabaddu ku dhacday.
COD_06243.wav,Dhaqaatiirta ayaa shirweyne ka sheegay ama ka sheekeeyay kiisaska la xiriira dadka qabatimay maandooriyaha iyo sida ay ula tacaalaan.
COD_02788.wav,"maadaama ay waalidiintu siyaabo kala duwan ula dhaqmaan, iyagoo eegaya midka ugu weyn iyo kan ugu yar."
COD_04754.wav,Dhamaan ururadan waa ururo u taagan in ay dumiyaan nolosha caadiga ah siddoo kale uu han kooda yahay in ay qabsadaan aduunka oo dhan. 
COD_03261.wav,"Waxaynu badalaynaa dhaqankii siyaasadeed ee malaayiin doolar lagu baabi’iyay  mooshin  dowlad lagu rido  iyo mid lagu dhiso, "
COD_01039.wav,Dadka qaar waxay aaminsan yihiin in dadkaan Faysbuug wax ku soo qoraya ay yihiin dad noloshoodu isku saaran tahay 
COD_01974.wav,waxaan xubnaha hilibkaas u kala gayn jiray qoysas rukun nooga qaadan jiray. 
COD_03228.wav,"Markuu wiilkii yara shan iyo toban jirsaday ayaa wiilwaal intuu maalin faraskii ku soo booday, "
COD_02689.wav,"Jimcihii lasoo dhaafay Qanciye oo maqan waxaa Guriga timid Maamo Malyuun oo ah Faslis Eedadeed, "
COD_04340.wav,hal maalin se ugu gacangalay ciidamada difaaca deegaanka iyo kacdoonka baluugan ee gobolka ka curtay. 
COD_05635.wav,"Ilmihi aan dhalaa qur aanka bar . Seddexdi tuug wax dad umbay dhici jireene, markay dhinteen waxaa la geeyey cadaabti."
COD_01295.wav,"Waa sahlan tahay in hotel, maqaayad ama coffee shop la furo ee macaamiil lagu soo xareeyo, "
COD_00541.wav,"Gabadhii yareyd waxay ku jawaabtay Haa. Ha welwelin, waa haystaa wax igu filan. "
COD_03446.wav,"Madaxweynaha Jamhuuriyadda ayaa ka codsaday dadka Soomaaliyeed in ay maalmahan barakaysan awgood ugu hiiliyaan walaalahooda dhibtu soo gaartay, "
COD_05459.wav,Waxay tani dhalin kartaa in laga maarmi karo dhakhaatiir fara badan maadama la adeegsanayo qalab casri ah.
COD_02379.wav,"Mudanayaal iyo marwooyin  si aynu dhibaatada dalka  daba-dheeraatay   aan wax uga qabano  waxaan u baahannay isbadal dhab ah,  "
COD_04305.wav,"Habeenkii oo dhan wuxuu ku jirey feejignaan uu Libaaxa iska eegayo, "
COD_02590.wav,"isla Habeenkiiba waxaa Feysbuug ku dhex-maray isbarasho kooban, "
COD_04549.wav,Haddii kale si fudud ayaad u jabaysaa.
COD_00451.wav,oo ugu yaraan joojiya qaladaadkii jirey kuwoodii darnaa 
COD_05029.wav,"waddooyinka dhex mara xaafadaha waxaa la doonayaa in aad loo hufo, qashinkana aan lagu daadin"
COD_02027.wav,Waxay ka sheekeysay duruuftii soo wajahday markii todobaatameeyadii la dulmiyay ee laga ceyriyay Kooxdii Waaberi 
COD_06008.wav,Waxa ay ku soo laabteen jiilaalkan laakiin waxa ay ku guuldaraysteen dalab bilawgii bishan ka hor
COD_02608.wav,"Habeenkiina horay ayuu ka jiiftaa markuu Salaadda Cishe soo tukado, "
COD_06203.wav,"Dowlad Goboleedka Galmudug, ayaa war kasoo saartay deegaano ay Alshabaab kala wareegtay, kuwaas oo ka tirsan Mudug iyo Galgaduud."
COD_00602.wav,iyaga la'aantoodana aan laba xarig isku xirmeen 
COD_05293.wav,Maxaa keena nabaadguurka?
COD_02116.wav,Waxaa socdo Ciyaaraha Koobka Adduunka. 
COD_04867.wav,maxaad ugu dulqaadan weydey sidii aan kuugu dulqaadan jiray
COD_02152.wav,"Sida ay dadku isu dhexgalayeen, shirkana loogu dooday waxaa ka muuqatay sida fudud ee ay Soomaalidu isu fahmi karto haddii ay wadahadasho."
COD_05292.wav,Immisa ayuu qofku noolaan karaa biyo la'aan?
COD_05557.wav,"Magaalada Jigjiga ee xarunta dowlad deegaanka Soomaalida Itoobiya waxaa caan ka ah biibitooyinka shaaha ay haweenka maamulaan,"
COD_01082.wav,Waxaa maqlay in maanta loo magacaabay Guddoomiyaha dgmada Boondheere.
COD_06343.wav,"Inkasta oo aan illaa haatan la hayn caddayn buuxda oo ku aaddan in walxahani ay ka yimaadeen meel ka baxsan dhulkan aan ku noolahay,"
COD_01241.wav,"Mararka qaarna rikoorka ayaa naga cunaya canjalka, taas oo keenaysa in qeyb cashirka ka mid ah la maqli waayo ee sidaas looga gudbo."
COD_05583.wav,"Maanta, shirkaddooda KeepCup waxay caalamka ka iibisay taban milyan oo koob. "
COD_01610.wav,Soonqaad walba waxay taabbageliyaan tartanka xifdinta Quraanka oo lagu tartansiiyo carruur ka kala timid gobollada dalka.
COD_04567.wav,haddii aad ganacsi bilawdo ee waa aqoon kuu koradhay.
COD_01653.wav,Dadkaas laga geeriyooday iyo kuwa carruurta loogu bishaareeyay waxay saakay ku kala jiraan tacsi iyo tahniyad. 
COD_03179.wav,"Caanihii markii loo keenay ninmankii martida ahaa ayuu mid kamid ahi yidhi adigu intan iska cab, aniga hashii kale ayaa la iisoo lisayaaye.. "
COD_03034.wav,"Waxay aragtay in reerka ninku sidii guga oo kale ladanyahay, markaa ayaa waxay kusoo laabatay reerkoodii. "
COD_02644.wav,"Sakaay, waxaa iigu dambeysay Maamo Ashkiro oo Gabadheda ku leh: Naayaa Ninkada ugu fikir sidii Cunug aad dhashay, "
COD_00667.wav,"Faysbuug  jib waaye ee yaan lagu gaadin, saaxiib."
COD_04781.wav,Haddaba in lagu basaaso uma baahna in loo soo maro waddo weyn.
COD_02871.wav,Ninkii tuuga ahaa ayaa yidhi I waydii waxaad I waydiinaysid.
COD_01515.wav,"Balse Coronavirus ayaa ka saameeyay. Maantana aniga ayaa ka warqabo, oo bil kasta waxaan u diraa wixii aan u heli karo."
COD_04741.wav,waxaana jeclaa in aan wax kusoo kordhiyo dhaqaalaha dalka.
COD_03070.wav,"Sidaasi markay dhacday ayaa ninkii xoolaha tamaniyay cadhooday, "
COD_07068.wav,Maadaama uu yaraantiisii ku soo koray xaafad aysan Soomaalidu degin uma suurtagelin in uu barto afka Soomaaliga 
COD_06112.wav,"iyada oo ay barakaceen dad gaadhaya illaa labo dhibic toddoba milyan oo qof oo ku nool guud ahaan gobolkaas, sida ay sheegtay Qaramada Midoobay."
COD_05460.wav,"Kadib saameynta Karoona, shaqaalaha caafimaadka waxay safka kaga jireen la tacaalidda bukaanada uu ku dhacay Covid-19"
COD_05731.wav,Saaka hiirtaa Hubka loo dhigay
COD_04261.wav,Markii uu gaadhay si gacaltooyo leh ayuu u yara dhirdhirbaaxay cabbaarna calaacalaha ku cadaadiyey oo daaddaawaday. 
COD_06320.wav,"Haddii aanu nahay saaxiibada Yurub iyo anigoo ah wasiirka arrimaha dibadda ee Jarmalka,"
COD_05107.wav,Magaalada Muqdisho waxa ay ahayd isha aqoonta
COD_01418.wav,Tuug ayaa ka dafay taleefan iPhone X ah. Kaddibna dad badan ayaa ku soo xoomay. 
COD_00755.wav,"waana tabtii ay adeegsatay dowladda Farmaajo, in kasta oo ay si khaldan uga faa’iideysatay, "
COD_05220.wav,waxaad qortaa sagaal shay oo rabtid inaad isbadel ku sameysid kadib go’aanso oo baddel. 
COD_00325.wav,"Runtii Baydhaba Jannaay ma astaahilin dhibkii ay soo martay, ma astaahisho kan ay hadda ay ku jirto iyo dhagarta lala damacsan yahay "
COD_03778.wav,haddii aad falalka sare ku kacdo waxaad ogaataa in aad ku dhacayso fal dambiyeed lagugu maxkamadeynkaro.
COD_06262.wav,Guddoomiyaha Golaha Shacabka ee BFS Sheekh Aadan Maxamed Nuur Madoobe oo shirkaan hore u iclaamiyay
COD_00596.wav,"Waxaa laga yaabaa waxaan muhiim ahayn inuu dadka u celceliyo kuna xanuunjiyo isagoo aaminsan inay arrintaasi caddayn u tahay jiritaankiisa, muhiimna ka dhigeyso "
COD_04912.wav,"Gabadhii, kolka ay jaamacaddii ka tagtay oo gurigeedii gaadhay ayey inta isku kala bixisay sariirteeda waxa ay damacday in ay gasho faysbuuggeeda."
COD_00618.wav,Ma diiddani in sida dadka kale uu sax iyo khalad yeelan karo. 
COD_03409.wav,"rag intu cadaabo god qarmuuna hooy uga dhigaba, "
COD_03547.wav,"welina ninkaasi ma go’aansan inuu marna i soo mehersado, "
COD_03529.wav,laakiin isaga sidda uu marba reer u dhacaayey wixii ayaa isaga qasmay oo maba kalla oga sidda ay kala yihiin. 
COD_02009.wav,"dowladdeennuna waxay mar walba noo sheegtaa in ay diiddanayd in dib loo dhigo, balse wax intaas caddaynaya marnaba shacabka lama wadaagin"
COD_05854.wav,"oo laga waayay macaankii, lagana hellay kansarka dhiiga."
COD_05794.wav,"oo cisbitaalka guud ee Hargeysa la soo dhigay boqolaal qof oo ay ku dhaceen xanuuno nafaq darro sababtay,"
COD_05348.wav,Hadda waa waqtigii aan ku baraarugi laheen inaan badbaadinno deegaankeenna si aan u dabaqabanno waxa haray.
COD_03820.wav,waxay si dhab ah u carqaladeyn doonaan xorriyaddayada.
COD_01839.wav,Maanta dareenkeygu aad ayuu u kacsan yahay. Wartanabadda intaan iyo ka sii badanba waan u rajaynayaa. 
COD_03489.wav,"anigiina inta indhaha garbasaar aan watay la iiga xiray ayaa lay saaray gaarigii ay tuugada saarnaayeen oo hoos yaalay, "
COD_06108.wav,"Inkasta oo mararka qaarkood la afduubto dadka u dhashay wadamada reer galbeedka ama dadka deegaanka,"
COD_06247.wav,waana ciyaar katirsan is reeb reebka koobka FA Cup.
COD_04922.wav,"Muddadaas cunto saani uga ma degin, markaas bay weyd noqotay oo meelihii hilibku buuxin jiree oo dhan inta isku dhaceen, lafihii soo muuqdeen. "
COD_04357.wav,ri' ka mid ah arigii oo cigaal hortiisa fidhida ayuu ka cabsaday. 
COD_00337.wav,"Allaa og laakiin anigu waxaan is iri kuwa sida fudud lugu gubaayo waa kuwii awalba lasoo iibsaday, haddiiba ay run sheegaayaan oo aysan wax kale gubeyn "
COD_04129.wav,Odaygii ayaa talo ku ciirtay oo hamiyey in dhulku la go’o. 
COD_01144.wav,"waxaa dagaal ka qarxay degmada Wadajir, dagaalkaas oo muddo socday. "
COD_03552.wav,"Maalin maalmaha ka mid ah, ayaa ninkeyga xaaraanka ah isagoo wata kooxdiisa ma naxayaasha wuxuu weerar ku qaaday gawaari jaad siday si ay u dhacaan, "
COD_06937.wav,Qorshaha cusub ayaa lagu doonayaa in Ciidanka Mariiniska Mareykanka ay ku dagaallamaan Jasiirado silsilad ah.
COD_04933.wav,Lama wadaagto midkooda meesha laga soo galay. 
COD_01126.wav,dhaca iyo dilkuna ay meel kasta si aan qarsoodi lahayn uga socdeen. 
COD_04090.wav,Sabeentii ayaa la xalaaleeyey. 
COD_00597.wav,"Waa dhaqan aad u xun runtii, haddaba dhallinyarooyoy, ha noqonina suldaanka jelemedaha kirliyada, "
COD_01819.wav,Hadda ayaan fahmay sababta dulqaadkaygii aan xadka lahayn. 
COD_03055.wav,Fiqishinni ayaa ku jawaabay  sawtaan iyada oo laalaaban halkaa dhigay. 
COD_02053.wav,Shaqadaaduna waa kuu diyaar oo waad ku soo laaban kartaa.
COD_06348.wav,kuwaas oo intooda badan ay soo sheegeen duuliyayaasha milateriga ahi.
COD_02762.wav,"Waraabe ayaa sagaalkiisii caruur ahaa u diray cunto,Waxa jidka kasii raacday dacawo."
COD_01023.wav,Qofkii ayayba daalac u raacanayaan.
COD_07194.wav,"Mr Bolsonaro ayaa sheegay inuu  ka xun yahay  deganaanshiyo la aanta, hasayeeshee waxa uu diiday inuu isagu ka dambeeyay."
COD_03378.wav,waxaana laga yaabaa in uu ku baaqo in la dhowro xuquuqdooda bini’aadamnimo.
COD_03942.wav,Dhakhtarkii wuxuu dareemay in ninka jirada hayso ama cudurka uu yahay mid nafsi ah ama cuqdad nafsi ee wax kaleba aysan jirin.
COD_04116.wav,Mar dambe ayuu ku jawaabay waayahay waxaan qaadayaa hunguriga maxaa yeelay gabadh caqli badan inaad tahay ayaan ogahay. 
COD_00744.wav,balse xariifka Soomaaliga ah waxaa u sawiran mashruuc laga bariiseyn karo iyo dhuxul laga dhoofinayo dekadda Kismaayo.
COD_00014.wav,Dhaqanku waxa uu leeyahay qeexitaano kala duwan cid walbana waxa jira si ay u qeexdo; 
COD_06236.wav,Shir looga hadlayay dhibaatada maandooriyaha oo lagu soo gabagabeeyay Muqdisho
COD_07241.wav,"Muddadii dheer ee tobanka sano Khadar waa uu u helikareyey in filimkani luuqad kale ku soo baxo,"
COD_05803.wav,"Waana sababta sannadkii 1982-kii ay dhalinyaradii la baxday UFFO,"
COD_06123.wav,kuwaas oo ka faaiidaysnjiray Dekadaha macmalka ah ee ku dhaw Magaaladaas
COD_04765.wav,sidda in qofka la sumeeyo ayadoo wax loogu dari karo waxyaabaha waqti xaadirkaa uu isticmaalayo.
COD_01528.wav,Dhawr boos oo ka mid ah ayaana gaday si aan u helno lacag aan ku dhiso. 
COD_04522.wav,Waxa aan u maleyneyno inay saameyn weyn ku leeyihiin heerka maskaxda oo kaliya laakiin sidoo kale heerka jirka. 
COD_02935.wav,markasta oo aad wax ku cajabiyo aragtid dheh maansha allaah waayo suntii ishaa jabaysa.
COD_03129.wav,"Markiiba waxay la boodday laan cinab ah, ka dib na waxay isku dayday in la baxsato. "
COD_03380.wav,"dhul badana ka furtay, wuxuu ahaa aragti soofeysan, aftahamo iyo hogaamin aad u sareysa, "
COD_05268.wav,"xirashada wax waalidka aay rumeysan yihiin dhar khalad ah in aay yihiin,"
COD_00782.wav,"Dadka kale iska dhaafe, qaar ka mid ah ehelkaada iyo asxaabtaada ayaan guul iyo horumar kuu ogooleyn."
COD_04505.wav,Ujeeddada aasaasiga u ah ee buuggan waxa lagu soo koobi karaa hal xigasho.
COD_02338.wav,"inkasta oo ay jireen arimo badan oo mudnaa inaan ka hadlo sidaas waxaan mooday dan,"
COD_04285.wav,Wuxuu bannaystay meel uu marka ay biyaha ka soo baxdo si buuxda jidhkeeda uga wada arki karo. 
COD_00062.wav,"Wasaaradda waa in ay kaalin mug leh ka qaadato wacyigelinta bulshada iyo dhiirogelinta ciidamada ku sugan furimaha dagaalka, "
COD_03464.wav,reerkeena waa uu ladnaa oo waxaan lahaan jirnay dhawr dukaan
COD_06347.wav,"oo ururiya isla markaana falanqeeya dhammaan warbixinada la xidhiidha walxaha duula ee aan la aqoonsan,"
COD_02195.wav,Wuxuu yiri: waayahaan ma maqlin qof si caadi ah u dhintay. 
COD_01090.wav,Wasiir Maareeye wuxuu Caydaruus u diray in uu si hordhac u soo diyaariyo sharciga lagu dhisayo hey'adda. 
COD_06669.wav,Muuse Biixi oo maleeshiyo beeleed iyo hub kusoo daabulaya SOOL
COD_04895.wav,Maalinntaas sidii ay uga calool go'day ilaa iyo hadda oo laga joogo 4 sano is lama hadlaan
COD_02949.wav,Shaqaalihii asagoo socodkiisa iska sii wata ayuu wuxuu arkay wax ka dhex birqaya wabiga
COD_01073.wav,Isaga oo fadhiyo meel ciyaaro lagu daawanayo ayaa taleefan u soo dhacay. 
COD_03396.wav,Hase yeeshee hooyada oo iska Mashquulsaneyd iyo reeraha oo kala fogaa darteed codsigaa waayo badan wuu fuli waayey
COD_00991.wav,"Shaatigii aad iibsatay oo kale ayuu gorgorinayaa labaatan iyo sideed dollar inta looga billaabo ayaa sagaal iyo toban laga siinaa, adigana waxaa laguu xisaabiyay sideed iyo labaatan"
COD_03035.wav,"Kadib aabeheed ayaa ku yidhi bal warran?. Waxay tidhi warramay oo riyoole rag maaha, lo’ina reer maaha, aabo xoolo waa geel iyo ido."
COD_05273.wav,dunida aan ku noolnahay saddex meelood labo ama 75% ayaa biyo ah inta kalena waa berri.
COD_05478.wav,BBC masuul kama ahan macluumadka bogagga kale ee dibadda.
COD_00385.wav,"midkiinna wax kama khaldana ee waa aniga kan ay wax ka khaldan yihiin, sidaas ayuuna ku bartay weesa-qaadka saxda ah."
COD_01252.wav,markii Soomaaliya noqotay dowlad madaxbannaan wax weyn iskama bedelin noloshii shacabka. 
COD_04609.wav,"Yeelo qof si gaar ah tusaalle wanaagsan kuugu noqon kara, adigoo dhaqannada wanaagsan ka qaadanaayo kiisa xuna iska tuuraayo. "
COD_06352.wav,taasoo kor u qaaday walaaca dhinaca bedqabka iyo badbaadada ee duulimaadyada
COD_03635.wav,"wuxuuna i dhahay isbaaro biilkeeda sideed u qaadaneysaa, "
COD_04290.wav,Isaga oo weli la hadlaya ayey ka dhaqaaqday oo dhankii adhiga aadday.
COD_06116.wav, Maxeey Xarardheere muhiim ugu ahayd Khawaarijta ?  Shan Qodob 
COD_05943.wav,"Maama Caasho Cali Guhaad, oo  ka mid ah hooyooyinka ka shaqeeya goobaha Shaaxa lagu iibiyo"
COD_01176.wav,Maalin ayaa madfac ku soo dhacay iridka iskuulka. 
COD_03494.wav,"Dhamaanba dadka deriska ah waa ay ogaayeen waxa nagu dhacaya, "
COD_02391.wav,"meel ay adduunka ay ka jirtana maahan  adduunkana kama jirto diinka islaamkuna maqabo  qof intaad been u sheegto oo aad uga baxdo,  waa ceeb waaye ."
COD_01007.wav,"saaxiibow hebel oo dacwo kaa ah ayaan arkay, ee adiga deyn lagaama qaadan jirin miyaa? "
COD_00208.wav,xilligaasoo uu weerar ku qaaday maamulka kooxda iyo shaqaalihii hore iyo kuwa hadda jooga.
COD_04386.wav,war inkaar qabaha amay nagu daraan anagana
COD_06069.wav,ayaa si rasmi ah u sheegay in uu tegayo magaalada Laascaanood ee xarunta Gobolka Sool.
COD_05110.wav,"Ragga wakhtiyadaas Muqdisho ka kacaamay waxaa kale oo kamid ahaa qofka aan rabno in aan maqaalkan kaga sheekeyno,"
COD_02258.wav,Mid aad masaajid ka soo wada tukateenna wuxuu ku dhahayaa: Are you Muslim or Christian. 
COD_00304.wav,"oo dhaqaalaha yar ee la siiyo, haddii ay helayaan wax ay diidaayaan malaha. "
COD_03951.wav,"Hada ka hor oday duq ah oo waxaa jiray fuundi ahaa, "
COD_00899.wav,"waxaana soo galnay deegaannada Abgaal, oo aan ka galnay tuulada Cali Afrax. "
COD_05062.wav,Markay la kulmaan kuwii rumeeyay waxay dhihi waan rumaynay
COD_04772.wav,balse waqti xaadirkaas qofka lagu dili karo taabasho ama in lagu muddo cirbad.
COD_00611.wav,"Waxaa jira kuwa aan isaga ka hanti yareyn, laakiin dadkii sannado badan u shaqeynaayay aysan ka helin wax ka badan in ay cunnaan ama cabbaan,"
COD_00260.wav,Maxaa ka ogaal yar qof xil ummadeed qaaday oo markii wax yar laga sheego is cun-cuna ama dagaallama.
COD_05824.wav,Waxaan doonaya inaan mid ka mid ah idinla wadaago.
COD_03591.wav,"meel aan talo ka bilaabo ayaanan garaneyn maahee farxad iima taalo ninka aktiisa, "
COD_05496.wav,"Wuxuu intaa ku daray: Wuxuu donayaa in caalamka uu wax ka badalo,"
COD_06332.wav,Masuuliyiintii Wajeer oo ka walaacsan cudurka 'Daacuunka' oo deegaankaas ka jira
COD_00424.wav,"dhammaantoodna ixtiraam iyo qaddarin ayaan u haayaa,  laakiin haddii lay weydii lahaa hal su'aal: Macallinkaagu waa kuma? "
COD_03460.wav,Tani waa guul looga Mahad celiyo Madaxweeye Hassan Sheikh
COD_00518.wav,Si Sharaf leh haloo deyn baxo
COD_07124.wav,"Markii walaxdaas ay aaddo dhanka qorraxda, ayuu barafku bilaabaa inuu milmo halka habaaskuna uu soo daato, kuwaas oo sameeya xariiq dheer"
COD_01940.wav,Maalin kaddib waxaa ila soo xiriiray ustaad Shaafici Diiriye oo ka mid ah maamulka Jaamacadda SIU. 
COD_02849.wav,Kadib ninkii faraska laga soo xaday ayaa faraskii eegay markaasuu gartay inuu faraskiisii yahay. 
COD_02536.wav,"Sida ay todobaadkaan daabaceen saxaafadda Soomaaliya iyo Itoobiya, "
COD_03108.wav,Arrintaa darteed ayuun baan xoolaha u eryadaa.
COD_00114.wav,"Waxaan si xadfhaaf ah ugu farxay fariimaha qoyskayga, asxaabta iyo dadweynaha iga soo gaaray tan iyo markii natiijada lagu dhawaaqay. "
COD_05671.wav,"Magaalooyinka ku yaal xeebaha Soomaaliyeed, oo sidaan horayba u sheegnay diintu uga soo horraysay waddamada carabta qaarkood,"
COD_02318.wav,Dabyaaqadii sanadii 2019-kii ayuu Xasan Cali Kheyre socdaal ku tagay magaalada Baydhabo ee xarunta maamulka Koonfur Galbeed.
COD_05499.wav,Dib u laabo ka dibna horey isu ballaari 
COD_00391.wav,"laakiin waxaa hubaal ah inay ku jiraann kuwo aad u maskax furan oo waxbarasho u hammuun qaba laakiin duruuftu ciishay, "
COD_01704.wav,Waqtiga iyo khatarta ay kalinnimo ku wajihi karaan ayaase ii jawaabay. 
COD_00829.wav,Mid ayaa comment ugu soo qoray Magaaladeydi kulahaa. Sheekadii anukaa leh miyaad soo waddaa? 
COD_01072.wav,"Eebbe ha ugu abaalgudo jannooyinkiisa tan ugu sarreysa, Firdowsa."
COD_03483.wav,"ka dibna gurigii oo dhan faagteen dhaceenna in ka badan lixdan kun oo Kaasha ah iyo dahab kiilaad ah, "
COD_00948.wav,Dadkaas ciyaalka xaafadda ayay Faysbuug uga guureen. 
COD_06668.wav,ayna u fadhiyaan aayahooda oo ay ka tashanayaan.
COD_05962.wav,"Goobjoog News ayaa dhanka kale waxaa ay  booqatay meheradda hooyo Haliimo Caddow Muuse,"
COD_02362.wav,"Guddoonka labada gole mudane Maxamed Cusmaan Jawaari  iyo mudane Cabdi Xaashi Cabdullaahi  iyo ku xigoonnadooda,  "
COD_02686.wav,Naa heedhe Qanciye wuu joogaa Cashana Dab kuuma saarna ee caawa see rabta ayay ku tiri.
COD_04258.wav,"laakiin run ahaantii kan moqor laguma sheegi karo, "
COD_04389.wav,raga geesiyada ahna fardaha kuwa ugu dhereeya ayaa lasiin jiray. 
COD_00898.wav,"Waxaan xufta ku marnay Towfiiq, oo aan uga baxnay dhulka Murusade dego,"
COD_00631.wav,Dadkaasi miyeysan daraasayn una fiirsanin saamaynta ay diintu ku leedahay dhaqanka iyo afafka ummadaha?
COD_01514.wav,Wixii hadda ka horreeyay iima baahneyn oo shaqo fiican ayay Oslo ku haysatay.
COD_04295.wav,Wuxuu ka fekeray inantan iyo Hibaaq tooda qurux badan. 
COD_03849.wav,tirada dadka deegaankana waa ay ku badneyd.
COD_06528.wav,La-taliyaha Madaxweynaha ee Arrimaha bulshada.
COD_01593.wav,God mugdi ah ayuu iftiin ka dhex arkay. 
COD_07149.wav,ka dib markii laga soo diiday dalab 70 milyan ah.
COD_02250.wav,Qaar saaxiibbo hoose ayay la yihiin oo shukaansi iyo guur isuguma yimaadaan. 
COD_00298.wav,Waddamada ay waxaasi caadi ka yihiin leyskuna ceebeynin waa kuwa sheegta inay aad u ilaaliyaan xuquuqda dadka. 
COD_05777.wav,"Waxaan qoraalkayga uga dan leeyahay inaan tilmaan, toosin iyo sixitaan u u noqdo xukuumadda Jamhuuriyadda Somaliland"
COD_00159.wav,"Waxaan u maleynayaa inaan heysano rabitaan nagu filan oo ah inaan ku guuleysano horyaalka, "
COD_03568.wav,"waxaan arkay iyadoo kooxo hubeysan oo aanan aqoon u laheyn ay gurigii soo galayaan, "
COD_01699.wav,oo aan malaynayo in uu garanayo qof kasta oo Muqdisho ku soo noolaaday. 
COD_01298.wav,Sheeko khiyaali ah oo juhdi badan kaa galay ayaa waxaa Faysbuug ku arkaya mid aad isku xaafad tihiin. 
COD_01481.wav,"Arrinta xiisaha leh waa sida ay isugu xiran yihiin oo ay u yihiin hal qoys oo iska warqaba, isuna gurmado waqtiyada adag. "
COD_06277.wav,"Waxaa faafaahin laga helay qaraxyo ismiidaamin ah oo saaka ka dhacay degmada Maxaas ee gobolka Hiiraan,"
COD_00266.wav,si aad adiguna u sii raadsato deyn aad ku mooddo bisha inta ka hartey
COD_04909.wav,Midda dambe ayaa waa dambe waxa ay bilowday in ay si dadban uga shaqeyso isku dirkooda. 
COD_03756.wav,"haddii uu xitaa doonayo inuu sawir selfie ah iska qaado, waa inuu kala tashadaa qofka lasoo raaciyay."
COD_05075.wav,waxaa loo qurxiyey kuwa gaaloobay nolasha dhaw ee adduun
COD_04021.wav,Mustaf Deeq oo ka soo rawaxay markaas school ayaa wuxuu la kulmey inan ay ragi xoogayaan oo ay rabbaan in ay kufsadaan 
COD_02915.wav,waayo gabadhu waxaa laga yaabaa in ay il ku dhacday la ilaystaye ishuna waa xaq e
COD_00331.wav,Qofku waalidkiis waxa uu ka tabanaayo inuu muuqaal kasoo duubo waa sheeko nugu cusub meesha ay ku dambayso aan aragno.
COD_00887.wav,Waxaan tagnay magaalada Ceelbuur oo gaarigu shidaal ka sii qaadanayay. 
COD_05337.wav,Maxaa Nebiga iyo asaxaabtiisa had iyo jeer tusaale ku dayasho mudan loogu soo qaataa?
COD_02983.wav,"Waxa la kala qaatay ballan ah in haddii wuxuu shimbirku sheegayo ay run noqotay uu ninku iska furo naagta, "
COD_06212.wav,"Wasiirka ayaa sheegay in ciidamada ay hadba taag qaadanayaan, "
COD_01678.wav,Maalintaas murugo iyo quus ayaan la shaqeyn kari waayey. 
COD_02012.wav,"Sidii uu ugu taagnaa isagoo Madaxweyne ah iyo isagoo aan aheyn, ayay ugu tahay dhaxal aan duugoobeynin haddii uu nool yahay iyo haddii uu dhintaba. "
COD_05277.wav,cuntada oo aan ku karsanno iyo beeraha oo aan ku waraabsanno.
COD_00709.wav,"balse ay ka dhalatay sharci loo siman yahay oo helay awood dhaqan-gelisa, iyo maalgashi aqooneed oo lagu sameeyay maskaxda muwaadiniinta. "
COD_02267.wav,"waxaanse ogaa rag badan oo damac ka galay, balse ku dhiirran waayay. "
COD_03641.wav,"Adeer hooyadeey ayuu taar ka wacay, wuxuu u sheegay inuu i helay, "
COD_04110.wav,Waxaa u muuqan waayey sababta yartu hunguriga u xulatay iyo inna wax hunguri dheer yahay cadadka kale. 
COD_00787.wav,Kaligaana ma aha ee dad badan ayaa cudurkaas iyo cuqdaddaas kula qabo. 
COD_04419.wav,Ugudanbayn Ingriiska waxay duqayn xagga hawada ah ku baabi'iyen xarumihii Sayidka. 
COD_00133.wav,Balse xilligaas la taagnaa waxay dareentay in dhaqdhaqaaqii dhulka joogsaday
COD_06828.wav,Khadar Axmed Cumar ayaa Hargeysa ugu warramay Khadar Maxamed Cakule.
COD_00929.wav,"Waan soo dhaqaajinnay. Gumarrow ayaan soo marnay, waxaana ka soo dhacnay taagga isbaarada Maxamed Dheere. "
COD_04297.wav,"Waxaa isugu dambaysey afar sannadood hortood, wuxuuse hubaa dunida dumarka jooga in ay ugu qurux badan tahay. "
COD_04740.wav,Waxaana ahay qof jecel inuu barto Cilmiga dhaqaallaha.
COD_04996.wav,Iyadoo la qorsheeyay in xoog loo adeegsado qabashada Xudhuun iyo wixii taabacsanba.
COD_01425.wav,Mana soo laaban ee taleefankii ayuu la sii tegay isagoo aan lacagtii bixin. 
COD_01347.wav,"Cunsuryo badan ayaan la kulmi jiray, waana nala garaaci jiray marka aan jidadka mareyno."
COD_03830.wav,militariga Mareykanka ayaa ah midka kaliya ee ugu weyn ee kaarboon dioxide adduunka ka baxsan dhammaan qaran-isku-sheegyada. 
COD_05901.wav,Waxaa lagu eedeeyey in ay kicin wadday.
COD_06293.wav,Hay'adda xuquuqal insaan ah oo shaacisay tacaddiyada ay Xukuumadda Biixi ka geysatay Laascaanood
COD_03785.wav,"kadib dameerkii ayaa halkaa ku qariqmi gaaray, "
COD_03534.wav,"wuxuu iiga sheekeyn jirey sidda ay dadka u dilaan, sidda ay wax u dhacaan, "
COD_05906.wav,"Gabadhan oo uu dhalay Madaxweyne hore oo Iran ah,"
COD_05357.wav,"Agaasime, waxaan kugu wargelinayaa in tirada ardayda ay korodhay bulshada oo fahamtay muhiimadda waxbarshada awgeed."
COD_03012.wav,kolkaasay tidhi aniga ayaa kugu soo warcelin doona. 
COD_02220.wav,"Intii aan safka ku jirnay, dhowr qof ayuu miisaankoodu noqday lambarradii warqadda ku qornaa, lacagna kama uusan qaadin. "
COD_01959.wav,Waxay ahaayeen deris iska warqaba oo kaalmeeya kuwa danyarta ah. 
COD_05138.wav,Ereyadii quruxda badnaa ee uu Cumar qoray awgood waxaa ay noqdeen kuwo lagu faafiyo Faysbuug iyo Twitter
COD_05099.wav,Waxa uu sidoo kale ogaaday in iskuulka loo raray meel kale
COD_01355.wav,Subixii inta isla kallahno ayaan galabkiina shaqada iskala soo carraabi jirnay. 
COD_01026.wav,"Balse haddii gabar kale soo dhigto sawirkaas oo kale, wuxuu faallo ugu qorayaa Waa shidan tahay."
COD_04279.wav,Isagana taasi waxay ka dhigi lahayd bahal daciif ah. 
COD_07136.wav,Suuqa kala iibsiga ciyaartoyda ee Premier League wuxuu xirmayaa maanta oo Talaadado ah marka ay saacaddu ku beegan tahay caawa 23:00 GMT 
COD_02633.wav,Naayaa Aabahaa 50-Sano aan isqabnay weligay 30-Daqiiqo ma sheekeysan.
COD_05271.wav,Inta aadan wax ka qorin biyaha ka hor akhri qoraalka
COD_02465.wav,"la fariisto, lagana heshiiyo wixii dadka soo kala gaaray, kadibna Soomaali oo iskuduuban, heshiis ah, isuna caloolfayoow, "
COD_05441.wav,Hadda iska jir shaqooyinka qaar ee qarka u saaran in la waayo sanadaha soo socda.
COD_03243.wav,"Riyuhuna xaas waa yihiin, ee meel ay aroortii ku soofaan galabtiina kasoo hoydaan oo laba tog ah la ogaw. "
COD_07052.wav,"oo ay ka mid yihiin tan booliska iyo kooxda feerka qaran ee Kenya, ayuu yiri."
COD_04882.wav,"Wey jeceshahay walaasheed, cid kasta oo madaxa walaasheed ku timaadda waa qaddarin jirtay. "
COD_02510.wav,ugu dambeyntiina Cabdi Xaashi ayaa Saado Cali Warsame ku qanciyay in ay ku dhiirrato.
COD_01646.wav,Sariir loogu talagalay ayaa looga soo qaadayaa gaariga. 
COD_03504.wav,"dabley kasta wuxuu jeclaan lahaa in mar uun uu maqlo waa la kufsanayaa si feelka dhiniciisa uga soo galo, "
COD_05766.wav,"isagoo xaggii tuulada u hilhilanaya, si uu geela kaalinka ugu sii diyaariyo, "
COD_02079.wav,"Dhiirranaanta ayay ku bartaan, oo in ay hadlaan ayaana uga muhiimsan waxa ay ka hadlayaan. "
COD_00253.wav,"Ha illoobin, waalidku waa ku jecel yihiin laakiin addoomo kuuma aha, Alle ayay addoomo u yihiin isaganaana ku filan. Naftaada u tur "
COD_05539.wav,Ninkii shaaha oo sheegay in dumar badan ay ku soo duuleen si ay shaqada uga qaataan
COD_03810.wav,Nidaam dhaqaale oo dalbaday koritaan aan dhammaad lahayn 
COD_05197.wav,naaftaadana kuma kalsoonaan doontid iskana ilaali gabi ahaan ba erayga kalsoonidarro.
COD_07145.wav,taasoo noqoneysa markii ugu horeysay oo ay sidaas dhacdo tan iyo sanadkii 2011 
COD_00112.wav,"Waxaan markii hore rabay inaan codsado qaybta ugu sareysa, taas oo u furan ragga iyo dumarka labaduba"
COD_02407.wav," fulisa  arrimaha ku xusan barnaamijka siyaasadeed  ee Nabad iyo Nolol  oo isagoo faahfaahsan aad haysataan,  "
COD_03533.wav,"Habeen walba ninka wuxuu iiga sheekeyn jirey inta dhibaato uu u soo geystay, "
COD_06595.wav,"Maleeshiyaadkan oo laga soo aruuriyay deegaannada iyo miyiga magaalada Burco, "
COD_05333.wav,Qun yar u soco.
COD_05069.wav,kuwa rumeeyey oo camal wanaagsan sameeya kuwaasi waa asxaabta jannada
COD_04052.wav,Sheeko inan ama gabar yar ayad waxey isku araktay xogaha yaro shuun ah ama tin ah 
COD_06461.wav,"Maasha’allaah, waa Guul weyn xoreynta deegaanka xarar dheere."
COD_04905.wav,"taas oo keentay in ay aakhir inta u dulqaadan weydo, la kala gurto."
COD_04957.wav,"Galab uu soo dhigay boggiisa in uu Liido joogo ayey inta ka aragtay, orod isku sii taagtay si ay isha uga qaaddo."
COD_02297.wav,Taas oo ahayd eedaha waaweyn ee loo haayey.
COD_03655.wav,"Ugu dambeyntii waxaan go’aansaday in aan ilmaha ka tago markii aan go’aansado in aan baxo, "
COD_01175.wav,"Habeenkaas Boondheere ayaan seexday, aroortiina waxaan u kallahay Xararyaalle, "
COD_06582.wav,iyadoo madaxdu ay falaanqeeyeen hannaanka fulinta qorshaha Muqdisho 
COD_01740.wav,"iyagoo na og inaan Soomaali nahay, haddana waxay nugu qasbaan inaan Itoobiyaan ama Kenyaati dhalasho ka qaadanno"
COD_05020.wav,"waxa dhamaan jidhkiisa iyo maskaxdiisaba saaqay jacayl ku kaliyaystay, kuna hamiyay inay mar uun is calman donaan."
COD_01001.wav,"Marka dambe, taleefanka ayuuba kugu dhegaysanaa, asaa ninkaas iyo lacagtaadiiba sidaas uga sabree."
COD_00908.wav,"Dhulkaan geel ayaan ku badan, halka ari laga dhaqdo carrigii aan ka imid. "
COD_03663.wav,aduunkaase in aan isku aragno ma jecli oo illaah waxaan ka tuugayaa inuusan nolol igu tusin caruurtaas
COD_04160.wav,Wiilwaal wuxuu ahaa nin aragti dheer sidaa awgeed dareenka wajiga odayga ka muuqda ayuu ka shakiyey oo is yidhi see wax u jiraan 
COD_00480.wav,"Waxa kaliya ee aan dhibsado waxay ahaayeen ceydi yaryar dhase  oo  ilmaha ka gala salka barida, "
COD_04168.wav,"Sababtu waxay tahay idin ma weydiinin inaad hilib ii keentaan, "
COD_04972.wav,Hal mar baa waxaa Cabdibilihii ka soo daatay 11 askeri oo qoryahoodii oo dhegta ka jarantahay la soo booday. 
COD_05145.wav,Qaadka Kenya ee loo soo dhoofiyo Soomaaliya oo qarka u saaran inuu joogsado
COD_07014.wav,"Tan iyo markii la aasaasay 1995-kii, Tilmaanta Aragtida Musuqmaasuqa "
COD_05707.wav,Asaxaabihii horeba way ku intifaaceene
COD_00912.wav,Nuur-Dugle oo la sheego in uu kala baro Xamar iyo Ceelbuur ayaa cagta soo dhignay. 
COD_00832.wav,Mid kalena wuxuu yiri Magaaladeyda marka aad leedahay ma dadka kale ayaad ka xigtaa?
COD_01688.wav,"Maalinkaas ma marin musqushii aan ka sii qubeysan jiray inta aanan shaqada ka bixin, "
COD_03174.wav,Kadib baa sidii nin wax ka lumeen meeshii uu ninka hilibka la soo maray uu raad guray. 
COD_03940.wav,"Dhakhtarkii oo hubsasho sia loo haayo, su’aaloweydiiyay si uu u ogaado, "
COD_03847.wav,qarashaadka ayaa ahaa kuwo culus
COD_01049.wav,waagaas oo aan ka shaqeynayay shirkaddii Nationlink.
COD_06543.wav,ayaa sheegay in Burns uu sidoo kale la kulmay.
COD_02300.wav,Kheyre ayaa xigashadan ka sheegay socdaal uu ku marayo gobolada dhexe.
COD_00063.wav,Waxay keenaysaa qorshe ku aadan sidii looga hortagi lahaa loona xanibi lahaa akoon xisaabeedyada ay Shabaab ku leeyihiin bangiyada. 
COD_03334.wav,haday wax isku qabsadaana inay baarlamaanka  sharafta leh  la soo dhexgaliyo hawsha  oo la yiraahdo haye talo fiican keena  
COD_06674.wav,Waxa jirta hibo ilahey dadka siiyo oo ay ku gartaan wax yaabo dad ka kale ka daahsoon
COD_03548.wav,"reerihiisana gurigeyga ma imaan jirin oo aabihiis wuu dhintay, hooyadii gobal kale ayey ku nooleyd, "
COD_01284.wav,Saaxiibkey Ali Abdirahman ayaa cilmibaaristaan u kuurgalay. 
COD_00674.wav,ayna saddex bilood gudahood isaga dileen dad ku dhow hal milyan. 
COD_01184.wav,"Markii aan guriga galnay ayaa waxaa tebay hooyadeyda labaad,"
COD_01094.wav,Sidii uu dhismaha sharciyadda hay'adda lafdhabar ugu ahaa ayuu shaqadeedana udubdhexaad ugu noqday. 
COD_03596.wav,"Iyagiina waxey aruuriyeen meedadkii, waxey qaadeen dhaawicii isbitaal ayey geeyeen, "
COD_01392.wav,Annagoo maqaayadda Liido Seafood fadhinno ayaa waxaa kursi na soo ag dhigtay nin aan 30 jir ku qiyaasayo oo furayaal badan wata. 
COD_03642.wav,"farxad ayey gashay, sidii ayaana la isku afgartay in aan ku fakado si xeeladeysan."
COD_01021.wav,Dadkii sidaas dhihi jiray waxaa helay reer waqooyi aan mujaamalo aqoonin. 
COD_01997.wav,"Isaga ayaa gacanta ku hayay galka badda, oo warqad uu saxiixay ayaa dacwada lagu geeyay ICJ, "
COD_04031.wav,maalintaasna haddii aadan i badbaadin laheyn runtii saacadan waxay nolosheydu gali laheyd halis.
COD_01908.wav,"4 bil kaddib ayaa isbitaal la i geeyay, waxba waa ka qaban waayeen, sidaas ayaa labadeydii gacmood la iiga jaray."
COD_02970.wav,"Qaar ka mid ah sheekooyinka ugu saameynta badan ee arrimahan ku saabsan waxaa shaaciyay Alfred Adler, "
COD_00354.wav,Wuxuu noqday mid haad-haad ah oo diinta marba dhinac uga booda 
COD_00513.wav,"aflagaaddo, qabyaalayd, naceyb, diin ka bax, akhlaaq xummo, fuxshiga, daroogada, iwm"
COD_03416.wav,"Madaxweynaha oo tixraacaya dikreetada uu soo saaray 18-kii Janaayo, 2018-kii ee la xiriirtay ilaalinta dhulka dan-guud; "
COD_03565.wav,hadana waan aamusaa oo ninkeygii iheystay oo dagaal ku jira in aan ku qayliyana waxaan ka baqayaa inuu intuu igu xanaaqo i dilo. 
COD_00834.wav,"Mid wuxuu soo qoray Dadka kale gun waaye ayaad ula jeeddaa, ee raalligelin ka bixi gefkaas aad shacabka Soomaaliyeed u gaysatay."
COD_06063.wav,ayna sidoo kale rabaan inaad adduunka dhaafto oo ay ku dilaan.
COD_07261.wav,si aanan loo soo gudbin wararka la xiriira dhibaatooyinka ka dhaca dhulka Soomaalida.
COD_04234.wav,"Jeex walba, ban walba, taago walba, godan walba, geed "
COD_04500.wav,Qoraagu waxa uu jawaabahiisa cad ku bixinayaa buuggan sida ninka ragga u fekero. 
COD_00925.wav,"Koogaar oo ahayd magaalo kobcaysay ayaan soo marnay. Hadda waxaan maqlay in lagu kala tegay, oo gebi ahaanba la gubay"
COD_01246.wav,"Nasiibwanaag, Shiikhu kama daalin faafintii diinta oo waxaan arkaa isaga oo tafsiirka Quraanka ka akhrinaya Astaan Hidaaya. "
COD_03475.wav,"ugu horeyn waxey baas ku fureen walaalkeyga oo ahaa da’da kaliya oo iga weyn, "
COD_05299.wav,Xilka qofka saaran waxa ka mid ah kuwan soo socda
COD_02126.wav,Agaasimaha Astaan Cabdimannaan Yuusuf ayaan 2019 uga sheekeeyay hanka iyo riyada Cabdullaahi Baazi. 
COD_04360.wav,markaasuu xaaskiisii ku yiri naayaahee waan is aaseyaayee igu dul ooy 
COD_00575.wav,"Maal gelin ka raadsada qaraabadiinna, asaxaabtiinna idinkoo kaalmeysanayaa bangiyada bixiya deymaha waqtiga dheer, ku dhiirrada inaad dhiirrataan."
COD_02310.wav,ka madax-banaanahay in milyan ama labo ama saddex ama boqolaal milyan nalaku doorsiin karo jiritaanka ummadda Soomaaliyeed iyo mustaqbalka dhalin-yarada soo koraya.
COD_04596.wav,"Haddii aad aragto waxbarasho aad kaga baxday jaamacad noloshaadina wax isbeddel ah ay ku yeelan wayso, ogaaw wax baa qaldan. "
COD_01231.wav,"waxaana dadkii u sheegay in madfac guriga ku soo dhacay, "
COD_00587.wav,Sheeko af-carabi ku qoran oo markaan akhriyey isoo xasuusisey wax badan ayaa u qorneyd sidaan:
COD_04926.wav,"Gabdhii hadalka badnayd, aamus baa ka soo horay."
COD_00627.wav,Maxaa looga baahan yahay mar haddii eraygu afkaaga ka mid noqdo in ilaa heerkaas laga welwelo iyadoo aan waxba laga qabanin baahiyaha kale ee loo qabo horumarinta afka? 
COD_02769.wav,"Aabbihiina uga sheekeeya caddaaladayda, hilibka laxdana wax uga geeya yaanu idin cawryine."
COD_04960.wav,"Hadda waqti ma hayo oo shir baan ku jiraaye, waa noo mar kale Maxa ay samayn kartaa oo kale."
COD_00344.wav,"Wax badan kama baranin diinta waqti ku filanna ma uusan siinin, laakiin wuxuu isku qarin jirey habaaska isla weynida iyo faanka. "
COD_03076.wav,"Cabbaar kadib baa waxa meeshii soo maray nin awr subag u saaranyahay wata, subaga oo uu sahay ahaan u sitay. "
COD_00789.wav,"Waa 14 sano kahor maanta oo kale. Waa subax Khamiis ah. Bisha Jannaayo waa 15, sanadkuna waa 2009."
COD_02772.wav,"Ridii way carartay iyada oo naxsan markaasay ku tiri, Laxdii waxaan arkay mas aqalkeena ka soo baxaya. "
COD_01530.wav,"Waxaan baadigoobay darijiifyada, waxaana tegi jiray meelaha ay fariistaan. "
COD_05429.wav,qiimahaas wuxuu ka badan yahay kan uu qaruhu ka gooyo suuqyada maxalliga ah.
COD_02031.wav,"Haddii uusan waagaas niyadda ii dhisi laheyn, qalbiga ayaa ka jabi lahaa. "
COD_02198.wav,"Hadda way ka sii dartay, oo maalinkii ay dhintaan 50 qof, waxaan dhahnaa: 50 kaliya miyaa maanta naga dhimatay? Waa Alle mahaddii. "
COD_06890.wav,Tani waxay khatar ku tahay ammaanka Midowga Yurub.
COD_00645.wav,Maanta miyaadan arag wiilasheenna iyo gabdhaheenna qaarkood oo aan xitaa garan karin inuu hagaajiyo sariirtii uu ku soo toosay?
COD_04746.wav,anniga oo raba inaan wax ka barto cilmiga dhaqaaalaha ayaan kuu biray kuliyda Culuumta Kombuteerka.
COD_03507.wav,"ayaa anigiina waxaan wajahay dhibaato weyn, "
COD_01046.wav,oo la hardamaya nolol adag oo ka ballaaran tan aan Faysbuug ku aragno.
COD_05338.wav,Nebi Yuunus waxa sidoo kale la dhihi jiray saaxiibul xuut
COD_02228.wav,Maalin hore waxaan suuqa Bakaaraha ku arkay nin ku shaqeysyo miisaanka dadka lagu cabiro oo ay dad badan ku xoonsan yihiin. 
COD_03196.wav,"Dadkii markay hadalkaa maqleen ayay qosol isku dareen, "
COD_07243.wav,"Waxaa markii ugu horreysay lagu soo bandhigay dalka Canada., waxaana jilay dhalinyaro Soomaali ah."
COD_00214.wav,Maalintii ka dambeysay ayuu mar kale noo yimid isagoo sidiiyoo kale gacantiisa wax ku qarinaaya wuxuuna yiri yaa ku nasiibsanaaya?
COD_00704.wav,Maalinkii xigtay ayaan safar dhulka ah ku galay Singabuur oo ah magaalo cajiib ah. 
COD_02231.wav,Dhaaxuu ku daakiray xaqoo naga daahsoonaaye.
COD_07083.wav,ayaa la filayaa in 2023 uu noqon doono sannadkii ugu dambeeyay ee uu ordo kahor inta uusan tartammada ka fariisan.
COD_02043.wav,"Gabadhii waxaa la keenay Sacuudiga, waxayna u shaqo billowday haweenedyii. "
COD_04501.wav,Qalbiga nadiifka ah waxaa ka soo baxa nolol nadiif ah iyo jir nadiif ah.
COD_00989.wav,"Balse adiga ahaan labo dollar la har ee lixdan dollar tuur. Qaraabo lama gorgortami kartide, lacagtii ayaad u diree."
COD_06093.wav,"Dagaalka ayaa yimid, kadib markii Al-Shabaab ay kusoo weerareen saldhig ciidanka dowladda ay ku leeyihiin Xawaadlay gaari ay kasoo buuxiyeen walxaha qarxa,"
COD_05046.wav,Sidoo kale labada xul ayaa kulan saaxiibtinimo ku kulmay 2 jeer taariikhdooda
COD_03580.wav,"horteydii ayey ku dileen, waxeyna igu yiraahdeen haduu in badan kaa qosolsiiyey manta ku dul ooy. "
COD_01321.wav,Waxaa subaxaas god iga galay saaxiibkeygii nolosha oo ilaa maanta ku milan qeybo badan oo ka mid ah xusuusaheyga. 
COD_04951.wav,Waxa uu joojiyey qabashada taleefoonka. 
COD_00648.wav,"Miyaadan arag iyadoo dhawr wiil oo ay dhashay ay guriga joogaan, haddana hooyo oo waayeel ah ama xasuunsan ay jikada ku jirto,"
COD_00438.wav,"wixii kaa anfacana aad ka qaadato, wixii tallaabo mudanna aad ka qaaddo, wixii kalena aad ka tagto, "
COD_02474.wav,"Dowladdii riyadku way xaqiijin weysay riyadii laga filayay, "
COD_02189.wav,"Booliska ayaa shacabkii rasaas ku furay, labo qof ayaa ku dhimatay. "
COD_00467.wav,Waxaan weli jawaab u helin sababta nidaamkaas loo sameeyay taclliinta hoose aan weli loogu dabbaqin tacliinta sare?
COD_02782.wav,"Inkastoo laga yaabo inaadan ka warqabin, waxay u badan tahay inaad leedahay qaar ka mid ah waxyaabaha lagu xuso sheekooyinka ku saabsan kala horreynta dhalashada."
COD_00833.wav,"Muqdisho sidaas kuma sii ahaan karto caasimadda umadda Soomaaliyeed, ee Soomaalidu haka tashato meel aan la kala xigin."
COD_04481.wav,"dabaddeed, waxa ay warsatay sababta ka danbaysa? "
COD_02926.wav,wuxuu ku yidhi walaalkeed;hooyadeen saaka ayay geeriyootay allaha u naxariistee 
COD_06912.wav,"Balse dhanka kale, diiraddan lasoo cusbooneysiiyay ee la xiriirta Aasiya waxa ay abuurtay dood culus"
COD_05199.wav,Aqoontu waa furaha guusha waana midka mid ah astaamaha lagu gaadho guusha 
COD_01612.wav,Sanado ka hor waxaan duleedka tareedisho ku arkay xarun agoonta lagu xannaaneeyo oo uu aabbihiis u waqfay. 
COD_01730.wav,"Ummad madow, Muslimiin ah,  oo ku nool geeska Afrika."
COD_00060.wav,"wehelna u ahaa abaaro, biyo la’aan, gaajo iyo macaluul joogta ah ayaa waxa ay ka hor is taageen in loo gargaaro iyaga oo waliba ugu daray in ceelashii ka duugaan, "
COD_05739.wav,Jeer oon laba dhidid Oo dhafoorka ah
COD_01709.wav,Waxaase is tusay inay jiraan niman badan oo kaalintoodii gabay
COD_03745.wav,waxaad timaaha u goosan karta sida sharciga ah ee xukuumaddu ogoshahay oo qura.
COD_00712.wav,"ayna xarumo ku leeyihiin dukaammada, hoteellada iyo maqaayadaha Shiinaha iyo Aasiya ugu caansan, ayna maalinkii ka adeegtaan hal milyan oo qof. "
COD_05815.wav,"haddana dayac ka weyn, ka fool xun, kana adag ma soo marin Cisbitaalka weyn ee Hargeysa intii Somaliland madax banaanideeda dib ula soo noqotay."
COD_03812.wav,"Si kastaba ha noqotee, sida Tagore uu aqoonsaday, isla xumaanta iyo quudhsiga noo horseeday dagaalka ka dhanka ah dhulka ayaa waliba horseedi kara musiibo, "
COD_02209.wav,"Bannaanbaxyada Suuriya waxay ka billaawdeen carruur la xiray, balse waxaa laga dhaxlay gumaad, burbur iyo qaxooti."
COD_01641.wav,Waxaa halkan keenay xanuunno ay guryahooda ka joogi waayeen. 
COD_07187.wav,"Dhowr ciyaartoy oo ka tirsan Championship-ka Ingiriiska ee heerka labaad ayaa sidoo kale lala xiriiriyay kooxaha ka tirsan Premier League, "
COD_00490.wav,"oo macnihiisu ahaa ‘cunug kasta wuxuku ku dhashaa garashada caafimaadka qabta fidrada, laakiin waalidkiis ayaa ka dhiga wixii kale ee uu noqdo’"
COD_03598.wav,"In badan oo asxaabta ninka ahaa waa ogaayeen inuusan i qabin oo uu xoog igu heysto, "
COD_04533.wav,Kuuma qaabayn duruufaha ee duruuftu waxay isu qaabaysaa dunida gudaha ee fikradahaaga.
COD_06993.wav,"In kasta oo ay jiraan dadaallo wadajir ah iyo guulo adag oo ay gaadheen qaar ka mid ah dalalka adduunka, "
COD_00892.wav,"Waxaan ka soo baxaynaa Ceelbuur. Sida caadada ka ah Ceelbuur, dadkii baabuurka ilaa saarnaa waxay lacag macsalaamo ah u firdhiyeen carruurtii magaalada oo gaariga ku soo xoontay. "
COD_03307.wav,iyaga laftigoodu   aysan ogeyn kuwa utaliyo meelaha ay amarka ka qaataan  
COD_02132.wav,waxaana uga mahadcelinayaa in ay fursad siiyaan carruurta hanka iyo halabuurka leh sida Cabdalla oo kale. 
COD_00672.wav,"Waxaan ka baxay Muqdisho, waxaana tegay magaalada Kigali ee dalka Rwanda. "
COD_01396.wav,"Inta ka istaagay oo kursi qaatay ayaana dhanka xeebta uga sikaday, oo buug akhriskii ku mashquulay."
COD_04689.wav,waa nooca shaqsiyadeed ee lagaaga baahnaa inaad noqoto.
COD_03042.wav,"Boqorkii markuu arrinkaa maqlay ayaa waxa dhacday inuu wiilkii yaraa calool xumo u qaaday, markaasuu isku dayay dhawr jeer inuu dilo wiilka. "
COD_00805.wav,Geed Yuhuud iyo Tiitiin ayaa dariiq kasta xiray. Luuqyadana waxaa ka soo uraya maydad ku qurmay.
COD_03993.wav,Hanoqon Shaqsi Dhanka Xun Wax ka eega 
COD_03751.wav,"waxaa adeegsan kara oo qura ciidanka iyo qoyskooda, "
COD_02557.wav,waxayna ku duceysaneysaa Allow waxaan kaa megangelayaa maalin ay agoontoobaan carruurteydu ama aan anigu waayo aabbahey
COD_03099.wav,"Waxa kaliya ee uu sugayaa waxa inta ay dadku guryahooda galayaan, si uu xoolaha ugu soo dhaco. "
COD_05653.wav,waxayna noqotay xarig isku xira dadka ku nool dhulkaas oo dhan. 
COD_00668.wav,"Nin aan dhul marin dhaayo malaha e, balwaddeydu waa safarka iyo dalxiiska."
COD_01272.wav,"Hotel, maqaayad ama coffee shop weyn oo boqolaal doollar lagu maalgeliyay ayaa Xamar laga furayaa. "
COD_02330.wav,"qeybna aan uga noqon khal-khal iyo dib u dhac siyaasadeed oo dalka ku dhaca mid dhaqaale, mid amni iyo mid bulshaba "
COD_05202.wav,Anshaxu waa birishka u dhexeeya yoolka iyo guusha.
COD_02389.wav,"Arrinta ugu muhiimsan waxay tahay oo la doonaya in la fahmo,  siyaasaddu waa xal raadin,"
COD_04127.wav,"Dhinacii odaygii miskiinka ahaa fadhiyey ma ahee dhinaca kale ayaa dhawaaqii u horreeyey ka yeedhay, "
COD_04214.wav,Sidii wax kale looga sugayay ayuu yiri Mahaan Qabrigeeda Qabow aan loogu jireyn
COD_00972.wav,Qoraal aad mushkiladda Ciyaal-weerada uga hadlayso ayaad Faysbuug soo dhigee. 
COD_04978.wav,"ninkii waa la raalligeliyey waxaana xaalmarin loo siiyey qeyb qaad ah oo ah waxa ugu qaalisan, waxa ay malleeshiyo bixiso."
COD_02367.wav,waxaa sharaf weyn ii ah   maanta ii ah inaad labada gole iyo martida sharafta leh ee halkaan  is kugu timid  aan hortooda ku cadeeyo inaan murashax madaxweyne
COD_01807.wav,iyadoo laga yaabo waxa aad soo xasiliso inaysan badnayn. 
COD_03669.wav,Adigu maxad Talo ah oo siin lahayd gabadhaas? 
COD_06990.wav,Dalalka kale ee caalamka marka celceliska caalamiga ah la eego ma jirto wax wayn oo isbadalay 
COD_05187.wav,Arrintaas oo dhiirigelisay in ardeydii jaamacadaha kale ay ku soo biiraan
COD_05347.wav,Dadka ma iloowsan yihiin in dhirtu tahay indhaha nuurkooda.
COD_07216.wav,iyadoo gobolkaas ay ku nool yihiin shan meelood oo meel dadka Brazil ee deggan waddanka Mareykanka.
COD_02937.wav,wuxuu gadoonsiiyey gabadhiisii calaamadii Boqornimada taasoo ka samaysnayd Silsilad dheeman ah oo aad u qurux badan.
COD_05102.wav,Markii aan dhageystay dhammaan sheekooyinkan waxaan garowsaday waxa aan ku waayay nolosheyda.
COD_02527.wav,taas oo micnaheedu tahay in dhanka biyaha ay Soomaaliya ku tiirsan tahay Itoobiya. 
COD_04576.wav,"Hadda dib-u-fiiri wixii aad qortay, oo qiyaas inay dhammaan xaqiiq yihiin. "
COD_03949.wav,"Dhaqtarkii ayaa intuusan bixin bukaankii ku yiri Waar ninyahow waaban ilaawi tagee, lacagtii baaritaanka isii. "
COD_00131.wav,"Sanadkii 2019-ka waxay qortay gabay ay ugu ku amaaneyso haweenka ka shaqeeya miino-baarista,"
COD_04813.wav,"Qorshuhu sida uu ahaa, kolka ay sahaydu ka go`do, adeerradi ayuu la xiriiri jiray oo ka warsan jiray in ay xoolihii wax uga soo gadaan oo u soo diraan. "
COD_01735.wav,Umadda tilmaamahaas leh Carab iyo Cajam midda ay tahay adinkaa laydinka rabaa
COD_02112.wav,Tolow cunugga yar sidee aniga iigu qalday?
COD_04395.wav,dadkii ayaa wareestay oo yiri CIGAAL MAXAA DHACAY SOo TAAD DAGAALKII KA QAYBGASHAY MA AHAN 
COD_03468.wav,"oo ka kooban ilaa taban qofood, waxey irrida banaankeeda ka soo bilaabeen in ay xabado guriga kusoo ridaan, "
COD_02623.wav,"Habeen hore, Cishaha kadib Daashka hore ayay Labo Kursi dhigteen, "
COD_01599.wav,Kumanaan qoys ayaa ku tiirsan oo laga biilaa ganacsiyadii u soo harjaday; 
COD_01725.wav,"Indhahayga ma saarin, haddana inay soo socoto u malayn maayo."
COD_05358.wav,Guryaha waxaa loo dhistaa in dadku ku nasto seexdo hantida ku kaydsadaan
COD_03963.wav,"Aniga aad ayaan iskugu naxay Hadalkii baa igu xirmay,"
COD_03772.wav,wiilka dhalinyarada ah oo qoyskooda goonni uuga nool waxa uu ku khasban yahay inuu qoyskiisa si joogto ah u soo booqdo 
COD_00827.wav,"Waa magaalo astaan u ah halganka iyo adkeysiga, oo iska diidday in ay is dhiibto. "
COD_04875.wav,Dadku inta badan ma ogaadaan wejiyada iyo siraha dadka ay isku dhaw yihiin in ay dabagal ay ku sameeyaan mooyaane.
COD_05255.wav,Ku xirnow warbaahinta lagu kalsoonaan karo.
COD_04574.wav,Yaa wax kugu darsan doona?
COD_00222.wav,Hadda maxaa laga wadaa in hawadii Soomaalia maamulkeeda loo dallacsiiyey class A? 
COD_05411.wav,oo aan raalli ka ahayn in la nasiyo. 
COD_01711.wav,Cidna uma dirin ee iyaga ayaa isxilqaanay. 
COD_03348.wav,Jiilka labaad waa jiilkii dowladda noqday  oo soo socday ilaa 91kii
COD_04959.wav,Ma aniga ayaa ku soo wacay oo halkaan kugu la ballansanaa. 
COD_02167.wav,Guushu waa aabbayaal badan tahaye. 
COD_06727.wav,"iyo Taliyeyaasha Ciidammada ee dalalka deriska, loona yaqaano Dalalka Safka Hore."
COD_00177.wav,"Ugu dambeyntii ciyaarta ayaa ku dhammaatay barbardhac hal iyo hal ah ay ku kalabaxeen labada kooxood Manchester City iyo Everton,"
COD_06275.wav,Warbxin ku saabsan ammuurtan waxaa diyaariyay VOA-da ee halkaan hoose ka dhageyso:
COD_03519.wav,"waan wajahay, waayo ma lihi awood ka weyn in wixii sameey lay dhaho aan sameeyo. "
COD_03539.wav,"laakiin intuu dareemay ayuu i saaray cadaadis badan, la iima ogoleyn in aan guriga ka baxo "
COD_03039.wav,"Bari waxa jiray nin la odhan jiray boqor hayaag, boqorkaa oo ahaa mid aan laga daba hadal. "
COD_01235.wav,Markii maqribka laga baxo ayaan fariisannaa bartanka Masjidka. 
COD_00200.wav,Ciyaartoyga ugu wayn aduunka oo si rasmi ah ugu biiray Kooxda Al-Nasr.
COD_00920.wav,Waxaan nimid Masajiid Cali guduud. Intii aan jidka ku soo jirnay dhawr isbaaro ayaan soo marnay. 
COD_03036.wav,Sidaas ayay gabadhii ku ogaatay xoolaha inay geela iyo iduhu ugu wanaagsanyihiin. 
COD_00531.wav,Qoraagu markaas ka dib uma laaban dukaankii sheekadaasna halkaas ayuu isaga illoobay maadaama uu soo yara garaadsaday. 
COD_00600.wav,Weli ma la kulantay suldaanka? Mase laga yaabaa inaan dhammaanteen sidaas nahay annagoon is ogeyn?
COD_00018.wav,"Sida oo kale qolyaha cilmiga bulshadda kawarama Sociology, dhaqanka marka ay qeexayaan waxa ay ku qeexaan 'deegaanka aan dabiiciga ahayn ee aadamuhu uu ku noolyahay.'."
COD_00069.wav,"Aad baan u xiiseyn jiray, maskaxdayduna jeycleyd in aan odayaasha tuuladeena la fadhiisto geed hoostiisa oo ku yaalay gurigeena hortiisa oo aan la dhegaysto BBC Somali,"
COD_00191.wav,Qeybta hore ee ciyaarta ayeey labada kooxood Wolverhampton iyo Manchester United ku kala nasteen barbardhac 0-0 ah.
COD_00878.wav,"oo uu laayo shacab bannaanbaxaya, waxay dhaawac culus ku tahay qadiyaddaas ay Somaliland soddonka sano iibinaysay. "
COD_05741.wav,Hawshaas cadaabta badan ayaa geeljiraha ka dhigtay astaanta geed-adaygnimada. 
COD_06572.wav,laakiin kuwa aan gobolka u dhalan daaroodka iyo kuwa kale ee aan gobolka banaadir u dhalan
COD_05177.wav,AXAD KALE MA TUUGNEE ADAAN KUGU EKAANAAYE
COD_02514.wav,"wuxuu halkii ku canaantay tifaftirayaashii barnaamijka, wuxuuna amar ku bixiyay in la xiro abwaanka iyo fannaanadda, "
COD_00663.wav,"Waan ka xumahay, waana ka raalligelinayaa qof kasta oo ciwaankeyga lagu dhacay ama lagu aflagaaddeeyay."
COD_02185.wav,Bishii Jannaayo ee 2011 waxaa suuqa Xariiqa ee magaalada Dimishiq ka dhacay bannaanbaxyo looga soo horjeeday Bishaar Al-Asad. 
COD_04921.wav,Waa kii ay la jiiftay sagaal bilood.
COD_00310.wav,Cagahayga iyo dharkeygaba waxaa ka buuxay boor bus ama siigo weliba waana dhididaayay. 
COD_00806.wav,Guri kasta waxaa ka muuqdo burbur ka soo gaaray madaafiicdii Itoobiyaanka. 
COD_00465.wav,"Mudane,  wixii khalad caadiya ah ama gaabis ah oo jira waqti ayaa la siin karaa lana sixi karaa, "
COD_06495.wav,"insha allaah waana ku soodhigaynaa, waxayna maridoonaan Hay’adaha Cadaalada."
COD_02183.wav,Machadka Heritage waxaan ku bogaadinayaa gogosha uu Soomaaliya u fidiyay. 
COD_02669.wav,Dareen Murugo xambaarsan oo uusan ugu baran ayuu ku arkay.
COD_01492.wav,"God bohol ah oo meesha ku yaalla ayuu dameerkii ku dhacay,"
COD_06381.wav,Madaxweynaha Kuuriyada Koonfureed oo United arabic emirtes u tegey heshiisyada 'iibka hubka'
COD_01601.wav,Horumarka dalka iyo shaqa-abuurka dadka ayuuna gacan weyn ka gaystay.
COD_00300.wav,oo  inta qalliin lugu sameeyo jinsigooda la beddelaayo lab iyo dheddig waxay ku dhasheen
COD_06306.wav,"Ciidankan oo ka socday gobolka Amxaarada ayaa ka qeybgalay dagaalka sokeeye ee muddada labada sano ka socday gobolka Tigray,"
COD_04281.wav,Ma qurux taa ka sarraysa uu arki lahaa baa jirta? 
COD_06746.wav,"Shirkan ay maanta Muqdisho ku yeelanayaan madaxda Dalalka Safka Hore ayaa ah kii ugu horeeyay ee noociisa ah oo ay Soomaaliya martigeliso, "
COD_00439.wav,"igana cafiso in anigoo caamo ah aan la taliyo dadkii horseedka ka ahaa soo nooleynta waxbarashada dalka, burburkii ka dib."
COD_01989.wav,Waxay soo galeen halgan adag oo ay ku gaareen heerka ay maanta joogaan. 
COD_01411.wav,Taleefankiina weli isaga ayaa naga haysta. 
COD_06621.wav,"Qoraal uu soo dhigay bartiisa Faysbuug, ayuu Xildhibaan Cabdullaahi Kulane ku sheegay in ay tahay qabyaalad"
COD_01558.wav,"Anigoo 8 jir ah ayaan iskuulkii ka baxay, waxaana shaqo ka dhigtay in aan garaabada jaadka ka aruuriyo Xamarweyne, si aan u sii iibiyo."
COD_02150.wav,Waxaana ku kumlay dad deegaan ahaan iyo aragti ahaan kala fogaa oo ay adkeed in ay is arkaan. 
COD_05788.wav,"in hooyooyinka umulaya ay ku dhiman jireen umusha, "
COD_02064.wav,waxaana dukaanka Cabidwaaxid Book Shop ka soo iibsaday saddex buug oo jaceyl buug kale oo ciwaankiisu ahaa: Isbar Aaladda Internetka Macallin La'aan. 
COD_01402.wav,Wuxuuna naga codsaday in aan la shaqeyno oo aan xalwo iyo macmacaan kale Bakaaro kala soo iibinno. 
COD_02047.wav,Shaqada oo aan sugayay toddobo bil waxay ii soo baxday anigoo umul ah. 
COD_05801.wav,"haddana cisbitaalka Hargeysa, oo ahaa cisbitaalkii ugu taariikhda weyna gayiga afka Soomaaliga lagaga hadlo"
COD_00527.wav,Markaasuu si kalsooni leh u weydiiyey Intaasu ma ku filan tahay?
COD_02063.wav,"Duhurkii markii aan iskuulka ka soo baxay ayaan tegay suuqa Cabdulle Shideeye, "
COD_01451.wav,Waxaan ka mid ahaa dhallinyaradii ugu horreysay ee TikTok isticmaasha. 
COD_03716.wav,"Waxaa lagu tilmaami karaa inay ahayd caasimaddii koonfureed ee boqortooyada Nabataean, "
COD_05748.wav,Wiil cawayskii Kaa ciyaar guday Adna ciil iyo
COD_03660.wav,"caruurtaasna haddii ay weynaadaan iyo haddii kaleba waxaan kusoo dhaafay gabar booyeeso ah oo aan dhahay qudaar ayaan doonaaye sii haay, "
COD_03977.wav,Noqo Mid Degan Oo Miisaan Leh 
COD_03133.wav,Nasiib darro waxa ka dhacay laantii cinabka ahayd ee ay soo xadday. 
COD_03126.wav,Maalin maalmaha ka mida ayay dacawo u soo dhacday beer. 
COD_06767.wav,Wuxuu xeeriyey:
COD_04421.wav,"Ingriisku wuxuu maamulayey gabi ahaanba Soomaaliya, maadaama ay xulafadiisii ku guulaysatay dagaalkii labaad. "
COD_07356.wav,"Soomaaliya waxay leedahay sirdoonka ugu fiican Afrika, oo ay wiil iyo hooyadiis u wada shaqeeyaan,"
COD_07085.wav,isagoo sheegay inuu  halkii marba ka qeybgeli doono hal tartan .
COD_05320.wav,Baadi lo aad biyaa loo fariistaa.
COD_06351.wav,wuxuu ku sheegay in dhacdooyinkan la diiwaangeliyey 
COD_01873.wav,Janaraal Jaamac Maxamed Qaalib waa taliyihii ugu horreeyay ee Sirdoonka Soomaaliya 
COD_01544.wav,"Ganacsiga in wax lagaa iibiyo waa lacag, in meesha aad joogto laguugu keenana waa lacag dheeri ah. "
COD_05282.wav,kuwa kalena sida Itoobiya waxa ay biyaha ka dhaliyaan koronto
COD_06396.wav,Al-Shabaab ayaa weeraro dhimasho leh ka fulisay Kenya sanadihii dhowaa.
COD_00730.wav,"waxaana caadi ka ah in maalin kaste agtaada lagu dilo tobaneeye qof, "
COD_01643.wav,Qeybtaan waa gargaarka degdegga ah. 
COD_02145.wav,Wuxuu ka mid ahaa ardayda jaamacadda ugu kartida iyo dadaalka badan. 
COD_00553.wav,"Haddaba ma xasuusata inta jeer ee adigoo yar aad u oyaday wax uusan waalidkaa markaas haynin, oo uu qofkii kale ku siiyey, oo aad iska qaadatay?"
COD_04739.wav,waxaan ku dhashay Soomaaliya. 
COD_02664.wav,"Casho ma karin oo dabkiiba way demisay, Tumin Hilib ah oo ay jarjaraysayna Maamo Tuugsaneysay ayay ku sadaqeysatay."
COD_05946.wav,iyadoo hadalkeeda ku dartay in caruur badan ay korsatay qaarkood ay dalka iyo dibadda joogaan xilligaan.
COD_05126.wav,"Ma sahlaneyn in warqaddaas la gaarsiiyo Jabuuti, waayo Faransiisku si feejigan u baari jireen dadka Soomaaliyeed oo Jabuuti geleyay."
COD_05265.wav,in qof loo qabto qof kale si uu weerar ugu geeysto
COD_01703.wav,Waaba labo qof ee may kala qaraabtaan oo labo jid kala maraan si ay macaamiil kala duwan u helaan ayaan iswaydiiyay. 
COD_06235.wav,Halkaan hoose ka dhageyso warbixinta amuurtas la xiriirta oo ay VOA-da ka diyaarisay:
COD_02442.wav,"In uu shirkaani noqdo mid beeshu ka dhaxasho nabad iyo dib-u-heshiisiin ay miraheeda gurtaan jiilasha soo socdo, "
COD_01095.wav,"Wuxuu ku guuleystay in hay'addii uu 4 sano ka hor ku riyoonayay ay maanta tahay mid madaxbannaan oo ay ka shaqeeyaan 40 qof ka badan, "
COD_01739.wav,iyagoo aan inta badan loo oggolayn inay baasaboorkooda ay ku shaqeystaan. 
COD_01320.wav,Eebbe cilmiga iyo cimriga ha u barakeeyo.
COD_00302.wav,"Waddamo ummado kale inta ku duulay cirib tirey, dalalkoodiina degay ayaa waxay kaala hadlayaan xaqdhawrka xuduudaha ummadaha."
COD_06575.wav,"AKHRISO War-murtiyeed laga soo saaray shirka madaxda Somalia, Itoobiya, Kenya iyo Jabuuti"
COD_00565.wav,"Sababtu waxay tahay in dadka badankoodu ka imaanayaan gobollada, degmooyinka iyo tuulooyinka,"
COD_01683.wav,Dhinacyadeyda ayay soo fariisteen. 
COD_03448.wav,"Madaxweynaha ayaa tilmaamay muhiimadda ay dalka u leedahay dhammeystirka doorashadu, "
COD_05351.wav,Qofkii lagu arko asaga oo amar la'aan jaraya waxaa la iskugu darayaa xarig iyo ganaax.
COD_03626.wav,"waan isku duubay, waan ku ooyey, ka dibna waxaan u sheegay xaalkeyga iyo nolosha aan ku jiro, "
COD_00514.wav,"Qofkii kula soo wadaagana 'unflow' ama 'block' saar, xitaa hadii uu walaalkaa yahay."
COD_05155.wav,Halkee ayay ku howlgali doonaan ciidamadii lagu tababaray Eritrea ee dalka ku soo laabtay?
COD_03203.wav,"Barigaa haddaba dadku waxay guran jireen baalka gorayada, "
COD_00375.wav,Maxaa ka khatar badan markuu isku qariyo qiiqa qabyaaladda iyo waddaniyadda.
COD_03060.wav,Sidaasi markay dhacday ayaa boqorkii wuxu ku yidhi fiqishinni fiqishinniyaw qardhaastii wataa wiilka yari cunaye mid kale ii dhig. 
COD_05482.wav,waana shirkadda Amazon oo isga uu ka yahay milkiile.
COD_02432.wav,"waa inaan ugu hambalyeyno runtii hormarka ay ka gaareen inay degenaasho,  xasilooni siyaasadeed  iyo mid dhaqaale inay sameeyaan  "
COD_03337.wav,"Sarreynta sharciga,  waa muhiim waa waxyaabaha  aan runtii kagaabinay waaye  "
COD_03094.wav,"Waraabuhu hunguri xumo halkuu ka gaadhay ayuuna habeen kaliyana nasan, xataa hadduu si walba u dhargo. "
COD_02792.wav,"waxaa laga fishaa inuu noqdo qofka dadka farxad galiya: mas'uuliyadda carruurta kale qaata, "
COD_07076.wav,"Mar uu faallo ka bixinayey rajadiisa uu tartanka ka qabo wuxuu yiri, "
COD_04206.wav,maanta waan idin cafinayaa laakiin kol dambe ha soo noqonina. 
COD_04750.wav,laakiinse markii aan muddo badan ku adkeystay fikikeyga ayaa waxa iso baxday in waqti xaadirkan geedigan uu raran yahay.
COD_05867.wav,"Maxkamadda ayaa waxaa ka qeyb-galay dhowr xubnood oo ka tirsan baarlamanka Midowga Yurub,"
COD_00559.wav,Akhyaarey waxaa nugu jira deyn culus oo weliba muddo dheer isgaaray. Si Sharaf leh halloo deyn baxo
COD_03457.wav,Markuu caafimadku  ku dhibo waaa iska sidaaaan
COD_04779.wav,Markii uu dhacay shilkan muddo kadib waxaa loo qaaday Isbitaal ku yaala magaalada waxaana la sheegay in uu dhintay goor hore. 
COD_00218.wav,"Aabbe miyiga waxbarasho uga soo dirsaday wiilkiisa ayaa loogu bishaareeyey in wiilkiisu sannadkaan noqday sugunto seccondo labaad,"
COD_04093.wav,Gabadhii ayaa mar kale la yaabtay aabaheed oo su’aashay xaggeed geynaysaa aabo? 
COD_04614.wav,Waxaa jira 3 xeerar oo fududd oo aad raaci karto si’aad u guulaysato
COD_04061.wav,Waxaa lagu sheegay inuu ahaa nin xukun adag xikmadse badan.
COD_01636.wav,Ilmo yar yar oo qaarkood xanuun la oynayaan ayaa lagu dabiibayaa. 
COD_02302.wav,"Balse, dadka taageero Ra'iisal Wasaaraha ayaa sheegay in ay adag tahay in la is barbar-dhigo "
COD_03139.wav,"In kasta oo aanay lahayn faa’idooyin badan sida xoolaha kale, haddana muur bay innoo yihiin oo waan raranaa."
COD_05896.wav,"balse kama aysan bixin dhulka Tigrayga, sida ay sheegeen dadka deegaanka. "
COD_04406.wav,Tirada dadka Soomaaliyeed waxaa lagu qiyaasaa labo iyo taban milyan oo qof. 
COD_07275.wav,Suurtagal ma aha in la ogaado in hanjabaadda Putin ay dhab tahay.
COD_06157.wav,"ay ka wada hadleen imaanshihiisa caasimada, kuwaas oo wada hadal kadib u ogolaaday inuu yimaado Magaalada."
COD_03583.wav,"marmar in aan naagtiisa oo run ah ahay ayaan u maleyn jirey, "
COD_01887.wav,"wuxuuna Taliyaha Ciidanka Xoogga Dalka ka dhigay wiilkiisii, Maslax Maxamed Siyaad Barre."
COD_02726.wav,Go’aan adeyg ayay ku taqaanaye Lacagtii waxay ka bixisay Lacag uga dambeysay tii ay Qanciye ka ayuuteysay isbuucii hore.
COD_04948.wav,"Maxaad ka taqaannaa Aadane, marka uu arko in la danaynayo ayuu buur isa saaraa."
COD_01364.wav,"Sannad kasta bisha December waxaa la shaaciyaa oo shirkadaha helay faa'iidada ugu badan, shirkaddeydu waa ka soo muuqataa."
COD_03650.wav,"waxaan is dhahay adeer makala tashataa, "
COD_04844.wav,"Sidii uu u arrinsanayey, waxa uu ayaan dambe isku la xaalay in uu ganacsigiisa u wareejiyo Tansaaniya. "
COD_02153.wav,Shirkaan wuxuu qaaday isbaarooyinkii dhexyaallay siyaasiyiinta. 
COD_04132.wav,War ileen talo isuma kaa sheegto iyo Alla caqligu xaasidsanaa ayuu hoostaa ka guray. 
COD_00365.wav,"Afkaartii isagoo aan fahamsanayn uu soo xambaartey midkoodna si cilmi ah uma difaaci karo, "
COD_05604.wav,"Laakiin markii uu Jaamacadda ka qalin jabiyay sanadkii 1991-kii, wuxuu go'aansaday inuu shaqadiisa ka dhigo wax ka duwan wixii ay waalidkiisa qaban jireen."
COD_07084.wav,"Hasayeeshee ma uu hubo in orodkan dheer uu noqon doono midkii ugu dambeeyay ee uu tartan adag uga qeybgalo, "
COD_03365.wav,Waa markii ugu horreysay oo hogaamiye Falastiini ah uu ka hadlo golahaas.
COD_03366.wav,"Falastiiniyiinta ayaa saddex sano ka hor loo ogolaaday in ay golahaasi korjooge ka noqdaan iyagoon xubin ka ahayn, "
COD_04251.wav,Marba geed ayuu midho ka tiigsanayaa ama nicmo kale ayuu ku foororsanayaa. 
COD_05161.wav,Xukuumaddii Maxamed Cabdullaahi Farmaajo ayaa xilligaas beenisay warkaasi.
COD_01169.wav,Biibito ku dheggan Siinaay Internet Cafe oo isgoyska ku yaalla ayaan fariistay.
COD_02515.wav,"maalmo ka dibna waa la soo daayay, waxayna noqotay heestii ugu iibsiga badneed; "
COD_07121.wav,markaas oo ay walaxdu ugu muuqan doonto sida walax caddaan ah oo uu humaag ku jiro oo aanan si fiican loo arkayn.
COD_00574.wav,"iyagoo u naxariisanaya dadkooda, iyaguna fursad ka helaya."
COD_04248.wav,Waxaa ka buuxa dareenno iyo fikrado kale. 
COD_02086.wav,Dad saf ugu jira in la sawiro ayaa dhooban iridda oo uu ku sawiran yahay daanyeer kaamiro wato. 
COD_02498.wav,"Aragtidii jabhadaha oo aheed in Kacaanka meesha laga tuuro, "
COD_00754.wav,"Wargelinta muwaadinka iyo in shacabka looga warbixiyo waxa dalka ka socdo waa habka ugu fudud ee lagu hanan karo qalbiyada dadweynaha,"
COD_04643.wav,Aqoonso waxyaalaha nolosha kaa farxiya. 
COD_03417.wav,"Madaxweynaha Jamhuuriyadda oo ka duulaya xogta ku saabsan in dhulalka dan guud ah sida dhulka Ciidanka Asluubta ee Ex Kontorool Afgooye, "
COD_03066.wav,Laba nin ayaa waa wada safray. 
COD_07082.wav,"Orodyahanka 39-ka ah ee afarta jeer hore ugu guulaystay orodka Olimbikada,"
COD_06024.wav,"sayniska isboortiga, dhanka garoonka, dhanka ganacsiga, wax walba, anaga, waxay u muuqdeen kuwo hami weyn leh. "
COD_05855.wav,Qaybaha xiga waxaan sidoo kale ku soo qaadi doona musuq maasuqa xadka ka baxay iyo maamul xumada hadhaysay
COD_05079.wav,taasoo u suurtagalisay inay si raaxo leh ugu soo baxaan wareega siddeed dhamaadka
COD_04368.wav,naagtii inuu la ciyaarayay mooday oo kaftan bay u qaadatay oo way iska qososhay 
COD_00064.wav,La kulan Abwaankii ku guuleystay abaal-marinta tartanka Hoyga Maansada ee 2021
COD_05585.wav,Balaayiin koobabka halka mar la isticmaalo ah ayaa sanad walba lagu qubaa caalamka
COD_06797.wav,halka kuwo kalena loo qaadi doono Itoobiya iyo Masar.
COD_04555.wav,Awooda lagu bilaabi karo ganacsi ma fududa. 
COD_05044.wav,waxa aan qaatay kaadh casaan ah
COD_06458.wav,"Degmada Xarardheere ee gobalka Mudug ayaa in ka badan 10 sano gacanta ugu jirta maleeshiyaadka Al-Shabaab,"
COD_04725.wav,Awooddani waxay ka dhigaysaa kuwa raacsan inay si xamaasad leh ula socdaan madaxda.
COD_01613.wav,Dad dhaliilaya oo leh Masjid wax ka daran ayaa jira ayaan arkay. 
COD_06021.wav,"markaa markay kuu sharraxaan sheekada oo dhan oo aad raadiso laba, saddex, afar, shan sano oo soo socota,"
COD_00970.wav,Shirkadihii uu hadda ka hor CV-ga u gaystay ee uu shaqada ka waayay ayuu maanta abaalmarin siinayaa. 
COD_01962.wav,Qof haddii uu dhintana inta Dugsiyada la fasaxo oo sab la dhigo ayaa qoyskaas dareenka lala qeybsanayay. 
COD_03831.wav,"Warbixinta ayaa lagu yiri: Run ahaantii, DOD waa hay'adda ugu weyn adduunka ee adeegsata batroolka "
COD_01788.wav,Baro inaad adkaysato oo aadan u calaacalin dadka. 
COD_01977.wav,Saaxiibkey Bashiir oo noloshiisa iiga warramaya wuxuu igu yiri Anigu waxaan iibin jiray lows.
COD_00734.wav,"Gunaanadkii, waxaa ii dhimman in aan kuu sheego in aan waligeey dalka ka bixin oo aanan dibadda uga safrin Soomaaliya,"
COD_00862.wav,"Xamar oo 2018 uusan hal coffee shop ku aallin, malahayga maanta boqol ka badan ayaa ka furan. "
COD_00764.wav,"Maalinka dambe ayuu ku arkayaa adigoo dood qabiil ku jira, oo dulmi dadkaada iyo deegaankaada lagula kacay ka dhiidhinaya."
COD_04125.wav,Assalaamu calaykum? Wacalykuma salaam. 
COD_06166.wav,kaas oo inta badan dhib u geysta wariyaasha Muqdisho marka ay garoonka ka safrayaan ama kasoo dagayaan.
COD_02688.wav,"Xabibti kuumasoo guursanin inaad Cunta-Kariye ii noqoto, Caawana Casho anigaa Banaanka noogasoo iibinaya ayuu ku yiri."
COD_03145.wav,Murtida ay soomaalidu dameerada ka sameeyeen ayaa iyadna gaf ah. 
COD_05993.wav,"Qeybta labaad ee dheesha marka dib leysugu soo laabtay labada dhinac ayaa waxay soo bandhigeen qaab ciyaareed aad u wanaagsan,"
COD_05681.wav,ninkii kadin geel ah foofsadaana waxa uu agtooda ka ahaa mid loo soo joogsado oo arrinkiisa la aqbalo.
COD_05484.wav,In shirkaddan ahayd bakhaaro loo badalo mid wax walba iibisa
COD_01948.wav,"Halgankii waxbarasho ee uu soo galay, caqabadihii qabsaday iyo sidii uu ugu soo gudbay ayuu si dareen ah uga sheekeeyay."
COD_06962.wav,sannadkaas oo Boqor Salmaan iyo wiilkiisa Maxamed bin Salmaan ay awoodda la wareegeen.
COD_00823.wav,Maalinkii ay Itoobiya dalka ka baxday waxay reer Muqdisho u aheyd maalin ciid ah. 
COD_00988.wav,"Shaati iyo surwaal ayaa qiimahooda waydiinee. Asaa lagu dhahaa shaatigu waa labaatan iyo sideed dollar, surwaalkuna waa soddon iyo afar dollar, waxay isku noqonayaan lixdan iyo labo dollar. "
COD_01125.wav,"Burcaddii mar kale Madiina waa ka yaaceen, waxayna noqotey meesha ugu amaan badan Muqdisho oo markaas qasneyd, "
COD_02332.wav,"Hadal jeedinta waa mid ka mid ah xirfadaha ugu waaweyn ee madaxda u horseedi kara in ay kasbadaan kalsoonida shacabka, "
COD_02483.wav,"Sanadkii hore, dowladdii kacaanku waxay la timid waxqabad fiican, "
COD_01329.wav,Waxaan ku dhashay kuna soo barbaaray magaalada Dhuusamarreeb. 
COD_04495.wav,"Isla jeerkaas, marwadii inta ay anfariirtay oo welwel iyo walbahaar maankeedi qabsaday, "
COD_02961.wav,"Wuxuu talo ku gooyay, anoo maanta bahashaan gacanta ku dhigin goobtaan meelna ugama socdo siday doonto iyo intay doonto ha igu qaadatee."
COD_02199.wav,"Jirkaygu wuxuu la qabsaday oo habeenkii ma seexan karo, waxaan dareemayaa in ay wax iga qaldan yihiin haddii aan madaafiic maqlin."
COD_01633.wav,Waxayba ka heleen shaqo-abuur fiican. 
COD_02142.wav,"waxaan maamulka kale ee taladu igala dhaxeyso ka codsanayaa in lagaa xalliyo lacagta hadda kugu taagan,"
COD_04602.wav,Marka aad quraacato waaa inaad isweydiisaa Illaahay ayaa ku siiyey laakiin sidee kugu soo gashay?
COD_05843.wav,uu dhakhtarkii yara ee cisbitaalka Hargeysa ku dul tolay bartii nabarka xabadu kaga dhacday.
COD_02466.wav,"ay dhisato Soomaaliya loo dhan yahay; waana sunno fiican oo mudan in Habargidir lagu bogaadiyo, loogana daysado."
COD_03310.wav,waxa wax looga qaban karo wax yar ayaa idin kaga sheegayaa  waa sahal waaye .
COD_00020.wav,"wuxuu kelmeda dhaqan ku micneeyey Isu geynta nolosha maaddiga, ruuxiga, iyo bulsho ee ay ummadi leedahay "
COD_04063.wav,"Nin dadka aad u imtixaana oo isku daya inuu qof walba garashaddiisa dhumiyo ayuu ahaaye, "
COD_02030.wav,"Berri ii imoow ayuu i dhahay, wuuna i siiyay. Qalbigayga waligay kama go'ayso. "
COD_07088.wav,Mo Farah ayey aheyd inuu ordo labada kun labaatan iyo labadii hasayeeshee tartankii waxa uu uga haray dhaawaac awadii.
COD_05195.wav,hal fure oo muhiim u ah kalsooniduna waa diyaargarowga.
COD_00099.wav,Faysbuug wuxuu i siisay geesinimo aan shaqadayda la wadaago dadweynaha.
COD_05999.wav,United ayaa kaddib guushan waxay si ku meel gaar ah u soo gashay booska 4-aad ee miiska kala sarreynta horyaalka waxayna leedahay 32 dhibcood.
COD_00745.wav,"Shalay waxaa Muqdisho laga daahfuray mashruuca Barwaaqo, "
COD_04145.wav,War ileen ceeb iyo cadho naftu kaagama takariso
COD_03886.wav,Awoodda sayniska casriga ah ayaa ugu dambayntii lagu dhajiyay dhinaca hore ee mugdiga ah ee dabeecadda aadanaha. 
COD_06459.wav,kuwaas oo ka dhigtay mid kamid ah saldhigyadooda waa weyn ee ay ka abaabulaan falalka argagixiso.
COD_03929.wav,doontii  ayaa la saray saxibka rer badiyo midkii rer xamar ka ahay waa uu ka so naqday doonta waxaa waday niman kale 
COD_00965.wav,"Xaaji Baasto ayaa waxaa kaaga hor imaanaya xariifkii oo suud qorraxda ku wareegaya, oo leh: maalmahaan bariis ayaan karkarinayaa. "
COD_05226.wav,Mashruucaani wuxuu uu oggolaaday qoysaska inay si wadajir ah u sahamiyaan dhaqankooda iyo afkooda.
COD_01675.wav,Curaddeyda ayaa iskuul soo dhameystay. 
COD_03312.wav,qofkii soo sheega baabuurka qarxaya in la siiyo boqol kun oo doolar  
COD_02734.wav,"Inta badana waxaa dhacda in marka uu biyaha ka soo baxayo dhoobadu ku dhegto sayntiisa oo mudo uu ka soo bixi keri waayo, Maroodiguna aanu ogeyn dhibaatada Dabagaalaha haysata. "
COD_04148.wav,Mise wuuba dhoolla-caddaynayaa oo nin lagu gafayba uma muuqdo. 
COD_04069.wav,Raggii shirka yimid oo yaaban oo war tolow maantana muxuu arintan cusub uga jeedaa is leh ayaa dib u geddoomay.
COD_04085.wav,"miyaad waalatay caydh ayeynu nahay ee miyuu inaga baxaa neef aan gawracno maanta, "
COD_06789.wav,waxa ay baaris dheer kadib dalbadeen Dacwad qaadista Fartuun
COD_03114.wav,Kolkaan arko inuu dhaawac xuni gaadhay ayaan is idhaa; kani dadkii lahaa seegye adiga uun yaanu ku seegin. Markaasaan iska hilbaystaa.
COD_02509.wav,"wuuna aqbalay in heestii tiyaatarka laga qaado, balse waxay waayeen fannaan ku dhiirrado in uu heestaas Siyaad Barre hortiisa ka qaado, "
COD_06812.wav,"kaasi oo lagu baadigoobayo laguna burburinayo Al-Shabaab, howlgalkaasi oo jihooyin badan ah,"
COD_06904.wav,Madallada qaranka waxa lagu baabi'in doonaa shan sano gudahood ka dib marka uu hirgalo.
COD_04180.wav,Sidoo kale waxaa si xikmad badan arintaa gabay ahaan ugu cabbiray Cabdullaahi Badel
COD_03392.wav,oo u aado wiilkii iyo walaashii Dhashay ee u abtiga u ahaa sii u caqligiisa u soo tijaabiyo
COD_03176.wav,"Taasi waxay ka xishoodsiisay ninkii deeqsiga ahaa, kolkaasuu badhidiina ugu soo daray."
COD_05120.wav,Afartii sano ee dugsiga sare waxay Cabdullaahi wada kallihi jireen Cabdiraxmaan oo ah da'da shanaad ee carruurtiisa
COD_06478.wav,"4. Maxaabiista ku xukuman danbiyada culus ee maxkamaduhu fasaxaan,"
COD_04174.wav,ma haystane haystaha ayuu hunguriyeeyaa kolkaa ayey dhexdooda ka oogantaa oo ay dagaal iyo difaac tagtaa. 
COD_03943.wav,"Dhaqtarkii ayaa marka talo u jeediyay bukaankii, "
COD_03894.wav,"laakiin, indhaha Mareykanka, Ruushka, iyo Shiinaha taliyayaasha ciidamada, waxay sidoo kale abuureysaa dagaalo cusub oo dhici kara. "
COD_00407.wav,"Waxaa muuqata iney ciyaartaasu dib u billaaban doonto, qoladii mashruucaas leheedna soo rogaal celinayso. "
COD_03560.wav,"waxaana soo weerareen kooxo hubeysan oo jaadkii laga soo dhacay daba socda, "
COD_06760.wav,"Farmaajo, Gunaanadkii xasan sh maxamuud"
COD_04058.wav,waxa uu ahaay oday waliba oday duq ah mar walba nah cadeestay 
COD_07113.wav,"Hasayeeshee waxaa niyadjabi doona dadka filaya in cirka ay ku arki doonaan wax dhalaalaya, "
COD_03151.wav,Laba nin oo geeljir ah ayaa maalin sheekaystay. 
COD_00318.wav,sidaa darteed uma fiiriyo duruufta ay ku jirto inay u habboon tahay iyo in kale. 
COD_05305.wav,Qof kasta waxa uu xaq u leeyahay  In uu meesha uu doonaya tago ama dego.
COD_04756.wav,Haddaba si ay dadka oo dhan ay u lumiyaan waxa ay marka hore qofka ay u muujiyaan in beer laxawsi iyo inay dareensiyaan in uu yahay ruux la jecel yahay.
COD_01753.wav,Qof kasta oo soo gelaaya waxaa caado ahayd inuu kabaha siibto cid amar kaas jebisana ma jirin.
COD_01648.wav,Barxadda ka soo horreyso qeybta gargaarka degdegga ah waxaa ku barooranaya gabdho loo sheegay in hooyadood dhimatay. 
COD_00435.wav,Dad badan waxay aaminsan yihiin in si uu qofku maal-qabeen hodon u noqdo aysan ku filnayn inuu dadaalo oo kaliya
COD_01421.wav,Abbaayo na keen aniga ayaa taleefan kuu iibinayee.
COD_01537.wav,"Iyaga ayaa cuntada karsado, oo dharkooda dhaqdo, gurigana nadiifiyo."
COD_00270.wav,"Allaa mahad leh, waxaa dayactir dhismo lugu billaabay isgoyska Bakaaraha oo shacabku ay ku qabeen dhib aad u weyn. "
COD_00639.wav,"Dagaalkaasi marba marka ka dambaysa waa sii xoogaysanaayaa, laakiin anigu waxaan dareemayaa inuu xiriir la leeyahay cilmaaniyadda iyo Ilxaadka. "
COD_05467.wav,Ma dhabbaa in dayaxa la tagay?
COD_04600.wav,"Labo, waxaa laga yabaa in bulshada aad ku dhex nooshahay ay habkaas u wada nooshahay. "
COD_01522.wav,Qoyskeyga ayaad ka mid tihiin ee halkan cuntada u soo doonta ayaana ku iri. 
COD_04870.wav,Xaalmarin gabar kale iyo duco baa la isugu daray Muuse. 
COD_02560.wav,"Sujuud ayay la dhacday. Mar kale ayay tiri: iiga warrama ninkeyga? Waxaa lagu yiri: Wuxuu ku jiraa gacanta aabbahaa, waxaana loo sheegay in uu isfuran karo qofkii dhaqaalo heysto."
COD_00244.wav,"iyadoo uga naxday ugana cabsatay yaxaaska oo la sheego inuu aad ugu halis badan yahay galab gaabkii, "
COD_00068.wav,"Markaan wiil yar ahaa, lama ciyaari jirin carruurta. Waxaan aad u jeclaa inaa dadka waaweyn la sheekesto si aan xikmad uga helo, ayuu yiri Abwaan Mursal "
COD_05245.wav,Waa dabiici in aad welwelsho waqtigan aanu joogno
COD_01198.wav,wuxuuna halgan adag u galay in uu meel iska soo saaro oo uu noloshiisa maareeyo. 
COD_05488.wav,"Bezos, markii uu yaraa wuxuu aamin sanaa aragtida la xiriirta awoodda hal-abuurka."
COD_03082.wav,markaasay is yiidhaahdeen annaaba nin garaad gaaban wax u dhiibannay.
COD_01879.wav,"wuxuuna amar ku bixiyay in la laayo askartii ugu firfircooneyd ciidanka dalka, "
COD_00026.wav,"Dhaqanku waxa uu saamayn ku leeyahay horumarka iyo ilbaxnimadda bulsho,"
COD_04092.wav,Ugu dambayntii ayuu doortay bawdo oo uu yidhi tanaa la tagayaa? 
COD_03813.wav,dagaallo aan dhammaad lahayn oo ka dhex dhaca dadka dhexdooda. 
COD_06051.wav,"kadib markii ay halkaas isaga baxayn xubnihii ugu badnaa ee ka tirsanaa Alshabaab, "
COD_06486.wav,Hoos ka Akhriso qoraalka kasoo baxay Guddoomiyaha gobalka Mudug.
COD_06997.wav,"Dalka Soomaaliya ayaa kaalinta ugu dambeysa ka galay musuqmaasuqa ,"
COD_01904.wav,Eeddo waxay wiilkeeda fartay in uu i xiro markii aan imaado. 
COD_03411.wav,"Wuxuu Wiil-Waal dadkii ku yiri: Maanta waxaan doonayaa in aan idiin sheego hadal murti iyo maharto leh oo maguuraan ah,maandhooyinow si wacan ii dhegeysta."
COD_06245.wav,Manchester City markale ma garaaci kartaa Chelsea ciyaarta caawa?
COD_00995.wav,"Dukaanku dukaankaadi waaye ee na soo booqo, oo ka adeego, asxaabtaadana noo keen. "
COD_02637.wav,Markey Qanciye Quraacda hoos dhigtay ayay ku taabatay hadalkii Maamada.
COD_04561.wav,Sababta ayaa ah in inta badan shakhsiyaadka leh qorshayaasha ganacsi ee waaweyn iyo fikradaha ay sugayaan waqtiga saxda ah ee ay bilaabaan.
COD_04873.wav,Mar walba waxaa jiraya waxyaalo kaa qarsoon ama wejiyo kale oo aadan ogayn oo uu qofkaasu yeelan karo. 
COD_02204.wav,Qof ila joogay ayaa igu yiri: gabadha maxaad uga nixisay? 
COD_00231.wav,"Haku bahdilin ciyaalkaaga hortooda, ha yasin, hadal xun ha dhihin."
COD_05700.wav,Cabdi Warsame Baanji oo  Cabdi-Gahayr  lagu garan og yahay
COD_00961.wav,"Shaah iyo shaafto midda uu siiyayba, sidaas ayuu ku dhaqay siyaasigii uu boobka canshuurta qaranka ku eedeynayay."
COD_05669.wav,wixii wakhtigaas ka dambeeyay xagga suugaanta aad buu ugu hodmay. 
COD_06728.wav,"Waddamada Soomaaliya ku wehliya kulanka maanta ayaa kala ah Kenya, Djibouti iyo Ethiopia."
COD_04915.wav,qof kasta wax walba ka fila oo.
COD_05218.wav,Ninka guul soo hoyn doona wuxuu ka faii`deystaa qaladaadkiisi hore wuxuuna isku dayaa in uu waddo tii hore ka duwan qaado.
COD_00258.wav,Ku tala gal markaad xil qaaddo inay intii hore ka sahlantahay in ceebahaaga la arko. 
COD_07019.wav,Dhibcaha dalkastaa helo ayaa ka tarjumaya aragtida khubarada iyo ganacsatada.
COD_05828.wav,"Wuxuu ii sheegay askarigaasi inuu dhaawac ka soo gaadhay lugta isagoo ku jira hawl shaqo magaalada Hargeysa, "
COD_02812.wav,"ayaduna waxba kama diidin oo wey ka ogolaatey codsigii, waaney is guursadeen."
COD_05526.wav,"marka ay timaado in go'aanka ugu dambeya la qaato xilliyada la fadhiyo shirka guddiga fulinta ee shirkadda,"
COD_03579.wav,"ugu dambeyntii inta aysan gawaaridoodii fuulin ayey ninkeygii ku dhufteen xabado aad u badan, "
COD_06121.wav,1- dhoofiinta iyo soo dajinta dambiilayaasha.
COD_00095.wav,"Waxaan ka dhashay qoys abwaanno ah, waxaana ku soo koray miyiga,"
COD_05196.wav,in aad dadka ku kalsoonaato waa shay loo baahan yahay
COD_02265.wav,"Xushmad iyo tixgelin badan ayaan u heynay, waxayna aheyd qof afgaaban oo aan shaqada kaliya ka wadahadalno. "
COD_06317.wav,inay ku dareen taageeradooda ku aaddan in Afrikaanku ay kuraas joogto ah ka helaan golaha ammaanka.
COD_02625.wav,Qosol iyo Wayrax ay keentay Farxad aan looga baran ayaa ka baxaya.
COD_02921.wav,"Gabadhii way ka quusatay maadaama ay ogaan karin qofkaasi qofkuu yahay ,ama goortuu dhiman doono. "
COD_02872.wav,"Su’aashii intuuna waydiin ninkii tuuga ahaa ayuu waxa uu codsaday in faraska meesha laga fogeeyo, "
COD_01561.wav,waxaana ugu bedelay in aan galab kasta free ugu caseeyo kabihiisa. 
COD_04982.wav,"Waana ku faa'iidaayoo, waatan aan haddaba kaga badbaaday, kuna helay jeex jaad ah."
COD_01579.wav,"balse arigu markiiba wuxuu dhalaa hal, labo iyo ugu badnaan saddex."
COD_03884.wav,Waxaan u jeednaa inaan ka fikirno qarnigii 20-naad inta badan mid ka mid ah horumarka maaddada. 
COD_02857.wav,tuugyahaw Faraska aad seedigay ka iibisay waa faraskaygii oo aniga ayaad iga soo xadday. Tuug ayaad tahay.
COD_04995.wav,Arrintan waxay nagu noqotay fajiciso kale oo ciidamadii nagu soo duulay naga mashquulisay.
COD_04538.wav,laakiin ma rabaan inay naftoodu hagaajiyaan; sidaas darteed way xiran yihiin.
COD_01751.wav,"Waxaa isugu imaan jirey odayaasha deegaanka markii ay xaajo jirto,"
COD_05342.wav,"Aqoon la,aani waa iftiin la,aan."
COD_02632.wav,"Maamo Ashkiro inta si xun u fiirisay ayay tiri: Jaceeyl ku teh, Naa ma haddaad ii keentay hadalkii Ciyaal Siiyaha?"
COD_03600.wav,"markii uu dhintayna kuwa gurmadka soo sameeyey ayey ka mid ahaayeen, "
COD_07010.wav,"Xisaabiyaha guud waxa uu isna soo saaray lacag malaayiin dollar oo aan la xisaab celin,"
COD_02789.wav,Wuxuu sidoo kale aaminsanaa in isbarbardhigga ay waalidiintu ku sameeyaan carruurtooda ay abuurtay dareen kala sarreyn ama kala hooseyn ah.
COD_02532.wav,"Soomaaliya waxay maanta beylah u tahay tallaabooyinka horumarineed ee Itoobiya ka fulineyso wabiyada, "
COD_00449.wav,"Laakiin cabbaar markii laydiin qoortaagay, lana hubsaday in ‘geesihiinnu dhega dameer yihiin’, "
COD_05529.wav,mid ka mid ah xarumaha shirkadda Amazon
COD_01521.wav,Sheekadooda ayaa i taabatay. In aan duruuftooda fahmo oo wixii aan awoodana ayaan isku dayay.
COD_00502.wav,"Kalsooni xad dhaaf ah hakula degdegin qofna, waxaa laga yaabaa waxaadan filayn inay berrito yimaadaan. "
COD_04417.wav,1899kii Sayid Maxamed Cabdule Xasan wuxuu dagaal kala horyimid Gumaysigii Ingriiska. 
COD_03722.wav,"Axmed Alimam, oo ah nin ka sheekeeya taariikhda deegaanka ayaa BBC-da u sheegay in Hegra ay ahayd meel xuddun u ah isu socodka qaar ka mid ah dadkii isaga kala gooshi jiray gobolka."
COD_07349.wav,"Maxaad ku falaysaa Guddoomiye Degmo oo hadaf muuqda Alshabaab u ah, "
COD_00774.wav,"Maxaa dadka ka galay, oo ay uga baahan yihiin in ay ogaadaan daqiiqadaha aan hebel ama heblaayo wada hadalnay?"
COD_00936.wav,Duhurka ka dib ayuu gaarigii na dhigay iridka baranjigii Cabdullaahi Xiin ee Xararyaalle. 
COD_01524.wav,Waxay ii geeyeen koox cabsan oo wata caagado ay koollo ka dhuuqayaan. 
COD_06880.wav,Dadka u baahan fiisaha Midowga Yurub waxay marka hore nidaamka ku samayn doonaan akoon sugan.
COD_06872.wav,horumarinta nidaamka codsiga dhijitaalka ah ee ku saabsan Macluumaadka Socdaalka 
COD_00954.wav,Intaas kaaga hari maayo ee inta xaafadda kugu qabto oo ciyaalla xaafadda kugu soo jeediyo ayuu ku leeyahay:
COD_02777.wav,Daayeerkii markii ay u sheegeen dhibaatada ku dhacday aad ayuu uga xumaaday. 
COD_00241.wav,"Wuxuuna go'aansaday inuu hooyadii meeshaas uga tago, si libaaxu ugu casheeyo,  isaguna uu webiga dhinaca kale uga tallaabo."
COD_01075.wav,"isaga oo leh Caawa halkan ayay ka shidan tahay, oo aan koobka adduunka ku daawanaynaa xayaati."
COD_00464.wav,"oo Ilaahaan kugu dhaarshee qaladkaas madaxda kaa dambaysa yaysan kaa dhaxlin, sidii horey laysaga dhaxli jirey"
COD_05117.wav,Nin Soomaali ah oo saaxiibkiis oo madaxweyne ku-xigeen noqday awgeed waxbarasho ugu noqday
COD_04055.wav,subaxdi danbo ayado miska quracada lajoogo aya inanti waxeey istir walasha kaween usheeg ama ugu faan 
COD_05644.wav,"magaalada Xamar ayaa laga helay xabaal lagu aasay haweeney muslimad ah oo magaceeda la yiraahdo Faadumo Cismaan,"
COD_02770.wav,Beri baa waxaa wada deganaa Lax iyo Ri’. Waxaanay wada lahaayeen guri qurux badan. 
COD_07026.wav,Wuxuu tartan maxalli ah ku matalay kooxda Dowladda Hoose ee Nairobi NCC kaas oo uu kaalinta kowaad ka galay 
COD_02417.wav,balse waa inaan kordhinaa ciidanka oo isku dhafno.
COD_00269.wav, raalligelinta dadku waa yool aan la gaari karin. Waa mid ka mid ah casharradii waqtigu i baray.
COD_03061.wav,"Fiqishinni yaa yidhi boqorow, waxaan karaamo iyo burhaan lahaa waxaan iskugu geeyay qardhaastii hore, "
COD_06632.wav,Cabdullaahi Suldaan Timacade uuna ku yiri:  DUGSI MA LEH QABYAALADI .
COD_05561.wav,"Toddobaadkan waxaa marki ku ahayd Abigail Forsyth,"
COD_00363.wav,"dadka dhaqanka suubban ku dheggan yasaya, culimadii wax soo bartey iyo dadkii soo barbaariyeyna ixtiraam darro u miisaaya. "
COD_01799.wav,"Noloshu ma aha cad iyo madow xarash iyo madax,"
COD_00265.wav,Weli qof wax ku weydiistey ma wada siisay inti yareyd ee aad maalintaas haysatay 
COD_00706.wav,"waxaanse xusuustay in Singabuur maanta loo yaqaanno magaalada ganaaxa oo ganaax la dul dhigayo qof kaste oo dhaqanxumo ku kaca, "
COD_06885.wav,"Marka fiisaha la ogolaado, codsadayaashu waxay awood u yeelan doonaan inay fiisahooda ka galaan internetka."
COD_06011.wav,ee ku saabsan gunnooyinka loo sameeyay.
COD_04427.wav,"Isla sanadkaas kowda July, 1960kii Soomaalida Koonfurtu waxay ka heleen madaxbanaani Talyaaniga, "
COD_02755.wav,"Juxa ayaa u jawaabay oo yidhi in ay cidi iga iibsato uma keenin Saylada, ee markii horeba waxa aan u keenay in leyla arko dhibka uu igu hayo aniga"
COD_02505.wav,Tiyaatarka qaranka oo uu ka shaqeyn jiray ayaa lagu celiyay. 
COD_06878.wav,"Si kastaba ha ahaatee, wax isbeddel ah kuma iman doono dukumeentiyada iyo shuruudaha qiimaynta ee looga baahan yahay codsiga."
COD_04230.wav,Degaanka u marayo daawashadiisu wuu ku farxayaa. Aad buu ugu farxayaa. 
COD_02925.wav,"waxaa ka qabtay taleefanka walaalkeed, waxay ku tiri ii dhiib hooyo aan u sheegee in u sheegee in indhahaygii ii soo noqdeen,"
COD_00501.wav,"Sirtaada, arrimahaaga gaarka ah, kuwa qoyskaaga, kuwa asxaabtaada haka sheekaynin iyadoo aysan jirin wax kugu qasbaaya "
COD_01981.wav,Marna nin gaari-dameer cidaha biyaha ugu dhaamiyo ayaan la shaqeyn jiray
COD_05612.wav,"Galbeedka Virginia waxay ahayd meel ay xaaladdeeda adag tahay markii aan soo korayay. Walina waa sidaas, ayuu yiri."
COD_02120.wav,"Way na canaanteen, kadibna korontada ayay naga jareen."
COD_04201.wav,Ninkii beerta lahaa ayaa ogaaday in beerta lagurto Maalinwalba. 
COD_02028.wav,Qofkii ugu horreeyay ee niyadda ii dhisay wuxuu ahaa Xasan Abshir. 
COD_02101.wav,Baar Fatxi oo Salaama ku yaalla ayaan Hamburger macaan badan ka sii cunay. 
COD_00869.wav,"oo la qabto Istanbul Somali Awards, Minneapolis Somali Awards, Stockholm Somali Awards iyo London Somali Awards. "
COD_02635.wav,"ku tasho hadduu Jaabkiisa ka arko inuu kula guursanayo, Naa Shilin yuusan Shilin kale u qaban, "
COD_05014.wav,"Wuu soo kacay, maydhay, labbisna kiisii ugu qurx badnaa soo xidhay."
COD_05260.wav,Waxaa dhici karta in aadan dooneyn qoyskaaga wax ku saabsan in aad kala hadasho dad kale
COD_05377.wav,"hashiiskaas oo uu toddobaadkii ku qaadanayo  200,000 gini- Mail. "
COD_07067.wav,Khaliifa oo hooyadiis ay ka soo jeeddo mid ka mid ah bulshooyinka Kenya ayaan ku soo dhex barbaarin dad Soomaali ah. 
COD_00955.wav,wlhi kan caadi ma aha yaah. Lajanow waxaas kaligaa miyaa qortaa? Faysbuug jib waaye.
COD_05963.wav,"waxaana ay sheegtay in sicirka kacay dhankooda ay lacagta ku dareen Shaaxa, "
COD_02906.wav,"Gabadhan hooyadeed ayaa u labistay oo uu xidhay toobki cambuurki arooska waxaa la gaadhay xilligi/wakhtigii goobta la tagi lahaa, "
COD_00723.wav,"Maalin Isniin ah oo ay saacaddu aheed toddobada aroornimo ayaan diyaarad uga safarnay magaalada Tokyo ee dalka Jabbaan,"
COD_05143.wav,Waa kuma ninka ugu taajirsan adduunka ee hadda booska ka qaatay Elon Musk?
COD_01938.wav,2017kii aniga oo ay mootadu iiga halleysan tahay agagaarka Digeer ayaa waxaa i arkay Axmed. 
COD_02910.wav,Aroosadii waxay iska gashay qolkeedii iyadoo ku calaacalaysoo ku ooyayso in aysan waxa arki karin
COD_06178.wav,waxaa sidaas qoraal uu twitter soo dhigay ku yiri Redwan Hussein oo ah la-taliyaha amniga qaranka ee ra'iisul wasaare Abiy Ahmed.
COD_06395.wav,Kooxda Al-Shabaab ayaan weli si rasmi ah uga hadal dhacdadan.
COD_00204.wav,waxaana heshiiskan maalgelinaya mid ka mid ah maalgeliyayaasha Al-Nasr. Wuxuuna qandaraaska soconayaa muddo 3 sano ah.
COD_02365.wav,Xubnaha baarlamaanka ee labada gole  waxaan marka koowaad idin kugu hambalyaynayaa  kalsoonidii ay idin soo siiyeen 
COD_07286.wav,"Been ayaan kuu sheegayaa, waad ogtahay inaan been sheegayo, "
COD_00149.wav,iyagoo sameeyay fursado badan ee goolal loo filan karo.
COD_05492.wav,"ka dib markii uu shil gaari uu galay,"
COD_04629.wav,"Si kasta oo ay u adag tahay una xanuun badan tahay, waxaan wada qiran karnaa inaan ku guuldaraysanay nolosheena qeybo kamid ah."
COD_06753.wav,Ah dal somalia udhisay ciidan Awood lah nasiibdaro ciidankii
COD_03677.wav,"abwaan iyo nabaddoon bulshada ka wacyi gelin jirey aafada qabyaaladda, kalatagga iyo aayo-xumada colaadaha, "
COD_06162.wav,Ayuu yiri Jamaal oo ahaa Wariye ka howlgala telefishinka Channel 4.
COD_01526.wav,In aan noloshooda wax ka beddelo ayaan go’aansaday. 
COD_05810.wav,cisbitaalka guud ee Hargeysa wuxuu igu leeyahay taariikhda ugu weyn noloshayda.
COD_00098.wav,Durbadiiba waxa ay bilawday in ay gabayadeeda soo dhigto Faysbuug-ga ugu dambayntiina waxa ay ku dhiiratay in gabayadeeda ka akhriso bandhig faneed dadbadani daawanayay.
COD_05960.wav,"laakiin xilligaan mararka qaar waxaa ay sheegtaa in lawaayo qiimaha Sokorta,"
COD_02805.wav,"Carruurta madiga ah ayaa intooda badan la sheegaa in ay horumar shakhsiyeed isgaarsiiyaan, "
COD_06481.wav,"Guddoomiyihii hore ee degmada Buursaalax ee gobalka Mudug,"
COD_04874.wav,"Waxaa laga yaabaa in uu si kuula socdo, si kalana uu kaaga socdo."
COD_01517.wav,Ha halmaamaan dadkii garabkooda taagnaa waagii ay ka jajabneyd.
COD_05940.wav,"Goobjoog News ayaa waxay u kuurgashay sicir barar muddooyinkii ugu dambeeyay  laga dareemayay Shaaxa,"
COD_01047.wav,"taban sano ayaa laga joogaa maalinkii ugu horreysay ee aan arday hor istaago, si aan cashir ugu dhigo."
COD_04735.wav,kuwaas oo raba siddii ay ku maamuli lahaayeen adduunka oo dhan iyo aqoonta taalla.
COD_02968.wav,"Inkastoo laga yaabo inaadan ka warqabin, waxay u badan tahay inaad leedahay qaar ka mid ah waxyaabaha lagu xuso sheekooyinka ku saabsan kala horreynta dhalashada."
COD_02642.wav,wuxuna u sheegay inuu Berito oo Jimco ah Qadmo Quraan ah iyada iyo Gabadheeda Lacagtan ku saari doono; 
COD_01988.wav,Dadka ugu dadnimada iyo dunta wanaagsan ee aan aqaanno waa dad duruuf iyo nolol adag ku soo koray. 
COD_03254.wav,"shabaabaan imaan Karin, dowlado shisheeye ayaan imaan Karin  saas darteed waa inaan shacabka u dhawaanaa."
COD_01770.wav,Meel ikhyaarku ikhyaar yahay ardaalkuna ardaal yahay 
COD_04141.wav,Qaarkood haddii aysan Wiil Waal wajigiisa ku ixtiraamayn gacantooda ayaaba gaadhi lahayd 
COD_04911.wav,kolkaas bay iyada oo aan xirin inta illowday u dhiibtay moobeelkeedii. 
COD_03732.wav,"Maanta, Hegra waa goob taariikhi ah oo ay maamusho hay'adda Unesco, waxaana loo tagi karaa dalxiis."
COD_00973.wav,"Mid jawaan qoraal ah copy ku wato oo meel uu dhigo raadinaya ayaa qoraalkaadii arkaya, asuu paste ku dhahaa."
COD_00493.wav,"Maxaa farqiya oo idiin dhexeeya markii aad kusoo biirtey baraha bulshada Faysbuug, twitter, iwm, iyo hadda?"
COD_02934.wav,"waxay ku tidhi, waxaa cunay Waraabe, markii aan isku dayey in aan ka celiyo, wuu diiday waanu ila dagaalamey."
COD_03981.wav,Noqo Mid Deeqsi ah
COD_02499.wav,"balse aanan ka fikirin waxa ka dambeyn doona, ayna gadaal ka riixeysay Itoobiya ayaa abwaanka u cuntami weysay, "
COD_05510.wav,"Markii ay sida xowliga ah ku bilowdeen bogagga internet-ka, "
COD_00721.wav,"Reer Jabbaan waxay cunaan wax kaste, waxayna caabudaan wax walba,"
COD_01085.wav,Waxaan rajaynayaa in raad muuqda iyo dhaxal lagu soo xusuusto degmada uga tago maalinka uu xilka wareejinayo.
COD_04773.wav,Sidda kal hore ka dhacday 1978-dii waxaa dhacay dil la yaab leh  kaasoo lagu fuliyay  mid ka mid ah mucaaradka dowlada Bulgaria.
COD_06391.wav,"Waxaan u maleynayaa in xaaladda Bariga Dhexe ay si degdeg ah isu beddeshay marka ay timaado siyaasadda juquraafiga,"
COD_04034.wav,ka dib isbarasho ka dib ayaa waxaa la kala qortey lambaradii 
COD_05426.wav,waxayna u qaadaneysaa qaab u dhigma lacagta ugu horreysa ee guryaha.
COD_06291.wav,Hoos ka dhageyso Wareysi lala yeeshay Guddoomiyaha degmada Maxaas Muumin Maxamed Xalane oo 
COD_01906.wav,6 saac ka badan ayaan geedkii ka xirnaa. 
COD_04459.wav,"sabab la xiriirto, dagaalada aan dhamaadka laheen iyo dowlad la'aanta 21ka sano gaaray. "
COD_05569.wav,Wuxuu igu yiri waxa aad ka hadleysid waa koob uun.
COD_06392.wav,"ayuu yidhi June Park, oo saaxiib la ah Madasha Istaraatiijiyadda Caalamiga ah ee Schmidt Futures. "
COD_01030.wav,"Faysbuug jib waaye ee ha ku dhex amban ee sharaftaada iyo mustaqbalkaada ilaasho, sharafey."
COD_06655.wav,hadii laga soo qaadana waxay keeni kartaa khataro culus  ayuu yiri sarkaal sare oo katirsan laamaha Amniga ee gobalka Gedo.
COD_01249.wav,"Xisbigii Leegada ee hormuudka u ahaa halgankii gobannimadoonka wuxuu dareenka shacabka ku kicin jiray in wax kasta gumeystuhu uga fadhiyo, "
COD_06761.wav,Geele ha u arkin nin somali jecel uladhaqan sida labo dal oo daris ah
COD_04771.wav,"Siddoo kale, dilalka qorsheysan ayaa wuxuu u dhacaa sidda aad moodo in uu yahay shil."
COD_03369.wav,waxaana si dhaw loola socon doonaa khudbadda madaxweyne Cabbaas.
COD_01741.wav,"Waxay sheegaan dadka ugu badan ee waddammadooda ka ganacsada inay Itoobiyaan yihiin, "
COD_06660.wav,ee ahaa in Argagixiso saameyn ku leedahay xaalka Laascaanood.
COD_04846.wav,"In adeerradi uu ka dhaadhiciyo in uu dal shishiiye u safrayo, oo aan la ogayn waxa uu kala kulmi doono."
COD_04524.wav,Qoraagu waxa uu ku dooday in dadka ku nool cabsida joogtada ah ee cudurrada ay yihiin kuwa dhab ahaantii ku dhaca. 
COD_01004.wav,Ninkii mid asxaabtaada ah inta arko ayuu leeyahay saaxiibow ninkaas deyn ayaan ka qaatay.
COD_05720.wav,"Geela ay sidaas u jeclaayeen wuxuu ahaa mid dhaqiddiisa, "
COD_02045.wav,Haweeneydii ayaa gabadhii waydiisay sababta ay suulida ugu soo daahdo. 
COD_06960.wav,Heerka dilka ee dalkaasi ayaa ku dhawaad laba laabmay tan iyo 2015  
COD_03300.wav,inaan mooralkoodu kor u kicino si ay uga hortagaan  cadowga usoo xeedxeetay inay Soomaaliya u diidaan  nabad iyo nolol  u diidaan.
COD_00802.wav,Dad aan ka xusuusto abwaan Abshir Bacadle Alle ha u naxariistee iyo abwaan Guure ayaa shacabka kula hadlaya Isbartiimada. 
COD_01936.wav,2010kii ayuu ka qalinjebiyay iskuulka Khadiija bintu Khuweylid ee degmada Dharkenley. 
COD_03970.wav,"Kadib markaa geerarkii dhemeeyey, Gabadhii ayaa igu qososhey "
COD_02516.wav,isaga oo halgankaas suugaaneed kacaanka kula jira ayayna dowladdii dhacday.
COD_00779.wav,"Haddii lagu tusi lahaa waxa ku jira qalbiyada dadka, waxaad arki lahayd saaxiibbo badan oo adiga kuu qosla,"
COD_01221.wav,Ma jirto shaqo shaxaad iyo baagamuudannimo ka liidata. Bal gabdhaha Faysbuug shaqo ha ku siiyaan
COD_01019.wav,"Qofka sidaas ku dhahayo inta ku soo raadiyay, kuma waynin ee warbadi ayay ka tahay oo afkiisa ayaa hadalkaas qabatimay."
COD_00758.wav,"Dowladdii Farmaajo waxay ku guuleysatay in ay taageerada dad badan ku hanatay qab iyo guulo dhalanteed ah,"
COD_01101.wav,lafdhabarna u ah shaqadeeda iyo in ay soo gaarto halka ay maanta joogto. 
COD_00612.wav,"qaarkoodna shaqada laga eryay iyagoo bahdilan, kana shallaysan sannadihii dhallinyaranimadooda iyo dadaalkoodii"
COD_00679.wav,"waxayna kuu tusaaleyneysaa masiirka diktaytar kaste oo u awood sheegta shacabkiisa, iskuna taago Allihii abuuray."
COD_03043.wav,laakiinse dhanka ilaahay ayay ka suuroobi wayday oo boqorkii waa kari waayay inuu wiilkii wax yeelo. 
COD_02793.wav,"lagu tiirsanaado, feejigan, laakiin laga yaabo inuu isdareensiiyo madaxnimo ama inuu wax xukumo."
COD_03015.wav,Ninkii ayaa yidhi anigu geel ayaan hodan ka ahay. 
COD_01167.wav,"Hugunka dagaalka waan maqlayay, balse ma fahmin halka ay tahay. Markii aan xisada ka soo baxay ayaaan Siinaay imid."
COD_06068.wav,"Garaadka guud ee Gobollada SSC Garaad Jaamac Garaad Cali oo warbaahinta la hadlay,"
COD_01104.wav,"Isaga iyo walaalihiis waxay ku soo koreen agoonnimo iyo nolol adag, laakiin waxay ahaayeen wiilal karti u dhashay. "
COD_00044.wav,"07 October 2003: Annalena Tonelli oo ahayd haweenay u dhalatay dalka Talyaaniga, ka tirsanayd haayadda UNHCR, muddo 33 sanno ayaa Somaliland lagu dilay."
COD_05573.wav,"Abigail iyo walaalkeed Jamie waxay la imaadeen fikradda ganacsiga ee KeepCup ,"
COD_01311.wav,"adinka oo ka sheekeysanaya aalad culus oo Faysbuug la dhaho, ee aad ii samayseen ciwaankaan aan ilaa maanta isticmaalo."
COD_02781.wav,Dabadeedna wuxuu waydiistay in ay la joogaan si ay iskaga weheshadaan wixii soo weerara. Sidaas ayeyna saddexdoodii ku saaxiibeen.
COD_06377.wav,Saraakiisha Ukraine ayaa sheegay maanta oo Isniin ah 
COD_00815.wav,"Warbixin ay Wakaaladda Wararka ee Reuters maalinkaas daabacday waxay ku sheegtay in ay Itoobiyaanku Muqdisho ku dileen 16,000 oo shacab ah. "
COD_06027.wav,"ayaa qoraal kasoo saaray igu sawir uu sheegay inay baraha bulshada qarqisay, "
COD_03682.wav,si buuxdana loola shaqeeyo ciidammadeenna geesiyaasha ah ee har iyo habeen u taagan sugidda amniga dalka. 
COD_01254.wav,Bal muxuu macneeyoo i taray ministarkaan doortay?
COD_03532.wav,"iyo wax la mid ah si aan wax xalaal ah u arko, oo dhuunteyda u maraan wax uun xalaalnimadooda aan ogahay."
COD_01232.wav,"Goortu waa 20 sano ka hor, goobtuna waa tuulada Dac ee degmada Ceelbuur."
COD_05860.wav,Maxkamad Amartay In Lasii Daayo Wiil Soomaali Ah Oo Hore Loogu Xukumay boqol afartan iyo laba Sanno Oo Xabsi Ah
COD_06174.wav,Dowladda Itoobiya ayaa diginin kama dambeys ah u dirtay Ireland
COD_03870.wav,"Si loo caddeeyo, maahan in dadku aysan dan ka lahayn. "
COD_03741.wav,Kuuriyada Waqooyi: Xukuumadda ayaa Kuu Sheegaysa Qaabka aad Tinta U jaraneyso.
COD_02522.wav,"mar kastena garabtaagan ciddii uu dan Soomaaliyeed ka dhex arko ayuu ahaa, "
COD_01546.wav,Waxaad arkeysaa dad la gorgortamaya oo ka dalbanaya in iyaga oo labo qof uu saddex kun kabaha ugu caseeyo.
COD_03375.wav,"Balse Cabbaas oo ku sugnaa Isniintii magaalada Brussels ayaa ku eedeeyay Israa’iil in ay ka dambeyso rabshadaha,"
COD_03676.wav,"Alle ha u naxariistee Marxuum Beddel Jaamac Xirsi waxaa uu ahaa haldoor, "
COD_03257.wav,"hadana waa tii sanad ka hor la xiray  oo hawshii baarlamaanka  sharafta lahaa loo weeciyay  madal,  "
COD_06265.wav,Sidoo kale warar la helay ayaa sheegaya in Mas'uuliyiinta shirka dib u heshiisiinta Koofur ka qeyb galaya 
COD_07075.wav,Khaliifa ayaa ku tartami doona feerka miisaanka fudud ee 51-ka kiilo.
COD_03355.wav,waxaad kala dooranaysaan  inaad sidii  guddoomiyaha baarlamaanka  aad raali galin siisaan  
COD_03740.wav,waxaadse ogaataa in laga soo uruuriyay ilo lagu kalsoon yahay.
COD_03010.wav,"Wuxuu u yimid nin kale oo guur doon ah, marka ayuu ku yidhi waxaan rabaa inaan ku guursado. "
COD_03989.wav,Sii Dadka Waxa Aaad Jeceshahay Hasiinin Waxa aad Necebtahay
COD_02839.wav,"Tuugii faraska xaday oo socda ayaa waxa la kulmay ninkii faraska laga xaday seedigii, kolkaasuu faraskii gartay. "
COD_00040.wav,Bisha October waa bisha kaliya ee ugu maalmaha madow bilaha ay Soomaalidu tirsato.
COD_02609.wav,sida ka muuqata Jadwalkiisa iyo Daalka hayo Qanciye iyo Falis isuma helaan Waqti badan oo ay ku sheekeeystaan.
COD_02257.wav,Waa cajiib oo arday aad isku kursi ka soo kacdeen ayaa ku waydiinaya: What is you name? 
COD_03287.wav,ciidankaan halwgali Karin waxaan ka dhigaynaa hawl gab xaquuqdoodana waan siinaynaa  
COD_01670.wav,"Markay gabadheyda yar i weydiiso shaqadeyda, waxaan si quus ah ugu sheegi jiray in aan ka shaqeeyo farsamada gacanta. "
COD_04799.wav,Waxa uu ka doorbiday magaalada. 
COD_04177.wav,Raggii cargaagtamay markii ay hunguriga arkeen ayaa marxabbayn iyo weeye wajiyadooda laga dareemay.
COD_03714.wav,Dadkani waxay goobtaas uga tageen dhammaan qabuurahoodii waaweynaa.
COD_07018.wav,"shirkadaha khatarta ah iyo kuwa la-talinta, xarumaha cilmi-baarista iyo kuwa kale. "
COD_06646.wav,"Sida ay u xaqiijiyeen ilo lagu kalsoon yahay Puntlandtimes,"
COD_06469.wav,AKHRISO: Xabsiyada Puntland oo amar culus la dul-dhigay
COD_05133.wav,Guddoomiyaha Golaha Shacabka ee baarlamaanka Soomaaliya Sheekh Aadan Madoobe ayaa ku sugan magaalada Baydhaba
COD_03101.wav,Maalin baa waraaaha lagu yidhi waar waraabow caano ma taqaan?. 
COD_03864.wav,"Muddo labaatan sano ah, lugta culus ee militariga Mareykanka ee Bariga Dhexe waxaa lagu sababeeyey baahida loo qabo in la ilaaliyo marin u helidda kaydka saliida ee gobolka. "
COD_00142.wav,"Waxaan sanadkan sanadkiisa kale umadda Soomaaliyeed u rajaynaynaa inay ku gaaraan caafimaad, nabad iyo baraare ay dhibka uga raystaan."
COD_03910.wav,Qofku kuma qasbana in wax uusan niyad u hayn isku maaweeliyo.
COD_03202.wav,Dhalin ileeye ayaa markuu arkay dadkii oo hadalkiisii yaraystay wuxu yidhi waynu eegi doonaa.
COD_03277.wav,hadaad idoorataan magaaladaan nabad keeni waayo baabuurtii waaweyneed ayaan gadaal ka galayaa
COD_04517.wav,"Haddii aynaan ku beerin miraha ubaxyada quruxda badan beerteena, beerta lafteeda ayaa soo saari doonta caws aan faa’iido lahayn."
COD_04816.wav,Ganacsiga iyo maamulka ayuu ku takhasusay. 
COD_01764.wav,"Roobku kama qaadi jirin, qof kastana wuxuu noloshiisa u maareyn jirey si fudud. "
COD_02061.wav,waxayna ka sheekeysay ixsaankii ay u gashay islaantii shaqaalaha u aheyd.
COD_01654.wav,Waxaana cajiib ah sida ay isugu muuqdaan oo ay hal goob u wada joogaan iyo sida ay dareen ahaan u kala fog yihiin. 
COD_01907.wav,"Xariggii ayaa gacmaha iga naafeeyay, mana helin daryeel caafimaad. "
COD_07289.wav,"Marka uu shirka kasoo baxay, waxa uu xusay in taliyaha guud ee ciidamada Ruushka, General Valery Gerasimov, uu ku yiri"
COD_00232.wav,"Waxa ay shaqeysato haka daahinin, waxay u badantahay in qoyskeedu aad u sugayaan kista yar ee ay shaqeyso."
COD_04420.wav,Tani waxay keentay in uu hakad galo halgankii umadda Soomaalidu ay kula jirtay Gumaystihii dalka ku sugnaa.
COD_00115.wav,Faysbuug-gayga waxa buux dhaafiyey boqollaal farriimo oo la iigu hambalyeynaya abaal-marintan.
COD_01946.wav,Waxayna sidoo kale Jaamacaddu meel ii saartay shidaalka mootadayda.
COD_01727.wav,"Maanta waxaan joognaa marxaladii aan sharciga ku difaaci lahayn, "
COD_04894.wav,Waa wax aysan ka filanayn walaasheedii ay isku dhiigga ahaayeen in ay qof kale oo Soomaaliweyn ah sidaas uga ceeb warranto
COD_04502.wav,Maan nijaasaysan waxaa ka soo baxa nolol nijaasaysan iyo jir qurrun ah.
COD_01657.wav,Labo qof oo wada qaajeysan oo labo bukaan isbitaalka ku kala hayso ayaa hal miis isla soo fariisanaya. 
COD_01875.wav,"Sanadkii 1984tii ayuu Jaamac iska casilay xilkii Wasiirnimo, wuxuuna ka baxay Xisbigii Hantiwadaagga Kacaanka oo uu Golihiisa Dhexe xubin ka ahaa. "
COD_07062.wav,inkastoo uu u dhashay Kenya heer fiicanna uga gaaray xirfadda feerka.
COD_03239.wav,"Markii wiilkii yaraa sidaa ugu jawaabay abtigii wiilwaal ayaa uu wiilwaal yidhi nacas ayay iigu kaa sheegeen, laakiin nacas ma tihid."
COD_01134.wav,Hadde ogow waa shahaado uu Bakaaro ka soo daabacday. 
COD_06709.wav,"Ciidanka Muuse Biixi waa ku yar yihiin ragga dhallinyarada ah ee firfircoon, "
COD_00582.wav,"Wax isku daya Allena tala saarta, Ilaahay qof dadaalay dadaalkiisa ma dayaco. "
COD_04338.wav,"waxaana Somaliland ay ku wayday askar badan, gaadiid dagaal, iyo saanad ciidan "
COD_04454.wav,"waxeena soo saari jirtay waxyaabo badan oo kala duwan, sida sonkorta, hilibka, caanaha, qudaarta, miraha iyo waxyaabo badanoo la tiri karin. "
COD_04468.wav,Waxaana la sameeyay dawlad uu madaxweyne ka noqday Allaha u naxariistee Aadan Cabdulle Cusmaan Aadan Cadde
COD_04140.wav,Lun adduunoow Hunguri sideebuu madasha u keeni karaa
COD_02206.wav,"Waa run oo wuu dhintay, waana caadi."
COD_03175.wav,"Kolkii la waydiiyay waxa uu raadinayo ayaa uu yidhi waxaan raadinayaa hilib idinka iniga soo baxay, annagana aan nasoo gaadhin. "
COD_01684.wav,"Waxayna igu dhaheen: ha murugoonin, annaga ayaa ku garabtaagan, waxayna i siiyeen joornaatigii ay maalinkaas shaqeysteen oo ay iska soo aruuriyeen. "
COD_04104.wav,"Ma anigaa shirka hunguri la taga, oo Garaadka waxaas oo xurmodarro ah u gaysta. "
COD_00382.wav,"Wiilashii waxay ka xishoodeen inay ninka odayga ah yiraahdaan waxbaa kaa qaldan, "
COD_00800.wav,"Barqadii ayaan ka baxay Gaashaandhigga, waxaana ku lugeeyay laamiga Warshadaha. "
COD_02074.wav,"Barnaamijka Madasha idaacadda Horn-Afrik oo ay soojeedinayaan Falasdiin Axmed Iimaan, Faarax Lammaane iyo Maxamed Xaaji ayaa gaariga ka shidan. "
COD_01795.wav,"Baro inaad xamili karto aragtida ama dhaqanka qofka aadan jeclaysan  inta ay duruuftu isku kiin qasbayso, dartiisna ha u gelin gef. "
COD_01080.wav,Wuxuu safka hore uga jiray dadkii dagaalka warbaahineed la galay kooxdii galbatay ee Nabad iyo Nolol. 
COD_01724.wav,Anigu ma arkin cid u diyaar ah in ay dhisaan ciidan bad iyo mid dhul toona. 
COD_00360.wav, Maxeey Xarardheere muhiim ugu ahayd Khawaarijta Shan Qodob
COD_01979.wav,"Waagii aan yaraa waxaan iibin jiray cajiin, ciyaalka xaafadda oo igu caynaya shaqadayda ayaana iigu yeeri jiray Xasan Cajiinle"
COD_01584.wav,"Waan fahmay, ee maxaa arigu barakada ku mudeystay, oo ay eeyuhuna ku waayeen?"
COD_00412.wav,"Waxaa jirta qiso ka dhex dhacday laba jufo oo ka mid ah hal qabiil, in nin aan u malaynaayo in la dhihi jirey 'Cali Wigle' oo loo haystay dilka nin ka mid ah jufada kale."
COD_03988.wav,Aqoonso Xadidka Aaad leedahay 
COD_05813.wav,ha ugu weynaado dagaalkii dawladdii Maxamed Siyaad Barre ay ku burburisay magaalooyinka Somaliland kuna xasuuqday shacabka iyo maatida Somaliland eh.
COD_03516.wav,laakiin maba dareensaneyn in jaadka uu yahay wax lacag badan laga soo bixiyo oo suuqa lagu gado. 
COD_04167.wav,Hal gabadh ayaa dhamaantiin idin dhaanta oo idinka aragti saraysa.
COD_05949.wav,taas oo ka sarreysa qiimihii horay loo iibin jiray oo ahaa 3000 oo Shillinka Soomaaliga sida ay sheegtay.
COD_03404.wav,"Wiilkii laftiisa wuu maleeyey, Hase yeeshee uma hubneyn"
COD_04410.wav,"1875kii waxay ahayd markii ugu horaysay ee gumaystayaashii Ingriiska, Faransiiska, iyo Talyaanigamarka ay soo cago dhigeen gayiga Soomaaliyeed. "
COD_06387.wav,"Qorshahan ayaa dhaleecayn kala kulmay, madaxweynihii isaga ka horreeyey. "
COD_04869.wav,jeerkaas baa la fahmay sababtii uu u soo celiyey ilma-adeerradi oo uu dalka uga haajiray. 
COD_03159.wav,Laba nin oo cirwayni waxba aanay deeqin ayaa nin deeqsi ah marti ugu soo hoyday. 
COD_00430.wav,"Waxaan xasuustaa baaygii ama serbidii uu gacanta ku haystay, kursigii uu ku fadhiyey, tusbaxiisii, cimaamaddiisii, koofiyaddiisi iyo weliba sida ay ardaygu uga haybaysan jireen. "
COD_06844.wav,"Wasaaradda ayaa tacsi u dirtay dowladda iyo dadka Pakistan ay ehelkooda ku waayey qaraxyada,"
COD_02173.wav,Meel aan ka billaabo ayaan garan waayay. Anigoo jeejeesanaya ayaa waqtigii iga dhacay.
COD_05215.wav,Ma jiro wax la yidhaahdo guuldarro.
COD_05439.wav,Waxaa jiraa shaqooyin qaar oo ka ciribtirmi doono dunida maadama ay soo ifbaxayaan aalado casri ah oo qaban karaa shaqooyinkaas
COD_01945.wav,Khamiista iyo Jimcahana waxaan ka shaqeynayay xafiiska Maaliyadda ee Jaamacadda oo aan shaaheyga ka heli jiray. 
COD_02500.wav,wuxuuna u safray magaalada Cadan ee dalka Yaman oo uu 1984-tii ku curiyay maansada Maxaan god abeeso galay? oo uu uga shallaaynayo in uu jabhadaha xal mooday.
COD_03331.wav,"dan guud ummadda iskuma qabsato,  "
COD_06373.wav,"Yoonis Khalif Hassan waa Xoghayaha Fulinta ee Ururkaas, "
COD_01971.wav,Cidda uu TV ugu jiro ayaana ciyaarta laga wada daawanayay.  
COD_03608.wav,"si aan u qiro in markii hore xoog laygu keenay ka dibna lay mehersaday oo aan marwo noqday, "
COD_00846.wav,"Xaaskiisa ayuu u sheegay in uu doonayo in uu haddiyad u soo iibiyo walaashiis, "
COD_01921.wav,"Aug 24, 2008 shir ayaa Cabdullaahi Yuusuf iyo Nuur Cadde ku dhexmaray Addis Ababa, "
COD_02564.wav,"Nabiga oo ilmeynaya ayaa asxaabtiisa ku yiri: Kuushaan waa tii Khadiija bint Khuweylid, ee asxaabey ninkaan xidid ayaan nahay, "
COD_04647.wav,Waana waddooyinka kali ee  ku xaqiijin karto inaad tahay qof jira oo nool oo waliba naf ay ku jirto. 
COD_03578.wav,"ka dibna nimankii waxey bilaabeen in ay dhameytiraan qaar ka mid ah maleeshiyooyinkii dhaawaca ahaa oo cabaadayeen, "
COD_03747.wav,"Waxaa la ogolyahay Saddex Telefishin oo kaliya oo ku hadla codka xukuumadda, "
COD_03342.wav,Sidaas darteed waxaa waaye  in la joojiyo dhaqankaas  dhaqan fiican maahan 
COD_03968.wav,"kadib waxaan utagay gabadhii, Geeraarkii ayaan dawada uqabtay sida qof quraan aqrinaya camal, "
COD_05456.wav,waxaana la xaqiijiyay in xitaa dhakhaatiirta ay ku adkaatay inay ogadaan cudurrada qaar taa baddalkeedana lagu ogaado teknooloojiyadda.
COD_01360.wav,"Gabadhii noloshaas iyo cidladii ayay igu dhibsatay, waxayna ii soo jeedisay in aan shaqada joojiyo ama aan kalatagno. "
COD_06759.wav,oo aan kawado wadani inuu ahaa Geele wuu xanaaqay dagaal ayuu lagalay
COD_02394.wav,waxan walaalo isku mida  nahay walaalo  waxba aan kukala duwaneyn  
COD_01106.wav,Wuxuu ahaa xaafidul Quraan. Waxaanna xasuustaa in uu dhibsan jiray in uu magaalada aado isagoo aan weyso qabin. 
COD_03861.wav,Inta badan saameyntaas waxaa lagu eedeeyn karaa isticmaalka mareymanka uraniumka ee ay geysteen ciidamada Mareykanka. 
COD_00781.wav,"horumarkaaduna dhibayo, oo ka naxayo markii ay maqlaan inaad guul gaartay."
COD_06129.wav,seddax Askaraynta Caruurta.
COD_02573.wav,"Waxay gacanta qabsatay carruurteedii, waxayna u guurtay magaalda Madiina."
COD_04398.wav,markasay dadkii dhaheen faraskii Cigaal shidaad waa kanaaa. 
COD_01005.wav,Maqaayad dhexdeeda xitaa waa igu waydiiyay ee maxaa ka khaldan?
COD_01755.wav,Qof kasta oo beerta ama goofka yimaada lama weydiin jirin qolada uu yahay iyo Meesha uu ka yimid 
COD_05016.wav,"Mustafe aad ayuu uga niyad jabay iyaga oon is baran inay halkaa ku kala tagaan,"
COD_00119.wav,"Mar walba oo aan murano ardayda iskuulka ama aan kaftanno, ma aysan waayi jirin fursad ay Soomaaliya wax qaldan uga sheegaan,"
COD_04304.wav,Wallee aniga Libaaxow caawa i ma dagtid geedna iskagama kay dhigtid. 
COD_00037.wav,"inta aysan dhicin tawraddan, waddanka Shiinaha waxa ka jirey dhaqan xirxiran oo aan oggolayn in lagu sameeyo wax isbeddel iyo horumarin ah,"
COD_02374.wav,"waxaan intaas ku sii darayaa oo marqaati ka tihiin  in masiirkii dalka iyo dadka ay qatar weyn ay ku jirto , "
COD_01564.wav,Markii uu i arkay in aan Soomaaliga iyo Ingiriiska qori karo ayuu ii soojeediyay in aan caseeyannimada iska dhaafo oo aan xaruntaan kala shaqeeyo. 
COD_04511.wav,"Kaliya doorashada saxda ah iyo adeegsiga fikirka, ninka ragga ah wuxuu raaci karaa dhaqan iyo dabeecadaha rabbaaniga ah; "
COD_01214.wav,"Waan warsaday, wuxuuna igu yiri: Faysbuug ayaa habeen hore la iga jabsaday,"
COD_01717.wav,Anigu inta aan ogahay Qaanuunkii soo baxay 1972-dii waa ka diiwaan gashan yahay.
COD_05795.wav,"kana soo cararay abaartii Daba-dheer loo yaqaanay, "
COD_00104.wav,"In ka badan boqol qof ayaa goobta yimid. Waxay ahayd markii ugu horreysay oo aan ku hor bandhigo dad badan oo i daawanaya,"
COD_04528.wav,"Haddii aan hal ilbiriqsi ku yara hakanno oo aan u kuurgalno dadka inagu xeeran, waxa aan arki karnaa dad sagaashamaadkii ku jira oo wajiyadooda dhoola cadeynaya. "
COD_03005.wav,Wiilkii ayaa yidhi anigu xoolo riyo ayaan hodan ka ahay. 
COD_05793.wav,"Wakhtigii ugu adka, uguna duruufta adka cahdigaasi wuxuu ahaa sannadkii 1974-kii"
COD_00311.wav,"Markaan billaabay inaan weesa qaato ayaa waxaa i arkay wadaad masaajidka masuul ka ahaa markaasuu inta igu soo orday isugu key daray qeylo iyo aflagaaddo, "
COD_03268.wav,"xaaladdaadni way adagtahay shacabkaan dowlad marabaan  xaqiiq maahan  dhibka shacabku maahan, "
COD_01696.wav,"Alle mahaddii, maanta ma dareemayo in aanan faqiir ahayn, oo sidee ayaan saboolnimo u dareemaa aniga oo heysta gabdhaheygaan"
COD_05086.wav,Qorshahan oo ay ku dhawaaqday Wasaaradda Amniga Gudaha ee Mareykanka bishii Oktoobar
COD_03162.wav,"Ninkii deeqsiga ahaa ayaa labadii nin ka codsaday inay u hoydaan isaga caawa, "
COD_00503.wav,Waxaa dhici karta qofaad si khaldan ugu kalsoonaatay inuu berrito kugu xanuunjiyo waxyaabihii aad ku sireysatay. 
COD_07050.wav,Markii aan dhammeeyay fasalka ugu dambeeyay ee dugsiga sare ayaan ogaaday inay jiraan kooxo kala duwan 
COD_04392.wav,waxaa dhacday faraskii inuu dadkii oo dhan kala dhexbaxo cigaal oo saaran ileen fardaha oo dhan ayuuka dhereyaa. 
COD_05643.wav,"Diinta Islaamku waxay Afrika soo gashay muddo fog, "
COD_04308.wav,"Isaga oo yaaban wuxuu yidhi, Geed-yahow ma waxaan ku mooday, mise waxaad noqotay, mise waxaan loo noqon doonin. "
COD_01446.wav,"Waxaan jeclahay bunka, qaxwada, qaraamiga, mugdiga, dumarka, fardaha, safarka, fooxa, cuudka iyo cidlada. "
COD_03098.wav,"Waraabuhu waxan la isku dhiibayo waligii isma waydiin, mana yaqaan. "
COD_06119.wav,waxaana loo arka in ay ku jirtay Shanta Magaalo ee ugu muhiimsanaa Khawaarijta.
COD_00303.wav,"Arrimaha qaarkood lagalama hadli karo waddamada xorta ah, laakiin waddamada tuugsiga dawarsiga ku nool waxba ma diidi karaan, "
COD_00447.wav,maadaamma dad tacliinta kasoo shaqeeyey ay xukunka qabsadeen. 
COD_00239.wav,"Waa tabar yareysay, ilaa ay indha beeshay. Wiilku wuxuu hooyadii u arkay inay culays iyo caqbad ku tahay noloshiisa wuxuuna go'aansaday inuu ka takhalluso. "
COD_03306.wav,dhaliyaradaan shabaabka waxaan aaminsanahay inay qasbanyihiin 
COD_03867.wav,Waxay qaadatay summaddan qumman ee u dhaxaysa dagaallada warshadaha iyo dhiig-miirashada warshadaha ee dhulka 
COD_07228.wav,waxaana lagu baahiyay qaar ka mid ah dalalka Caalamka.
COD_07021.wav,Feeryahanka wacdaraha ka dhigay Kenya ee doortay in uu Soomaaliya ku matalo caalamka
COD_03794.wav,hadaba akhristoow bal kawaran hadaan ku iraah waxa jira nin aan qubeysan ku dhawaad 60-Sano oo noloshiisa ka mid ah.
COD_00852.wav,Markii ay guriga ku laabteen ayuu ku yiri: gacaliso in muddo ah ayaan ka fikirayay nuuca hadiyaddii aan ku xuli lahaa. 
COD_05319.wav,Alla aamin ma iisho.
COD_03617.wav,"Biil ayaa meel la ii saaray, waxaana maalin walba u tagaa dhalinyaro meel jid ah fadhida oo baabuurta lacag ka aruurineysa, "
COD_00770.wav,Qof weyn oo caqli ku tuhmaysay ayaad Whatsapp ama Messenger ku sheekeysanaysiin. 
COD_02552.wav,"Abul-Caas fadhiga ayuu uga istaagay, wuxuuna ku canaantay sababta ay ula tashan waysay."
COD_00084.wav,"Dhamaadka sanadkii hore, Mursal wuxuu Faysbuug-ga ku arkay in la shaaciyay tartanka gabyada ee uu qabtay Hoyga Maansada Soomaaliyeed ee 2021,"
COD_02081.wav,Malaha Conversation ayay ku jiraan. Waan u tegay. Waxaa sheekeysanaya wiil iyo gabar. 
COD_04490.wav,oo waxa ay doortay hadiyad qiimo yar oo raqiis ah 
COD_01340.wav,"Waxaan u sheegay reerka aan ahay, waxaana ka codsaday in ay dadkeyga igu raadiyaan. "
COD_06613.wav,kaas oo maanta ka dhacaya xeyndaabka garoonka diyaaradaha Muqdisho.
COD_02773.wav,"Laxdii baa tiri, Itus maska. Markaas ayey israaceen si ay maska u arkaan, "
COD_05135.wav,kuna heshiisiiyo madaxweynaha Koonfur Galbeed iyo siyaasiyiinta kasoo horjeeda.
COD_03224.wav,Wiilwaal ayaa walaashii wiil dhashay. 
COD_01426.wav,Qolada dukaanka tuhun ma gelin oo waxay u maleynayeen in ay gabadha iyo ninku wada socdaan.
COD_04172.wav,hungurigu waa cadka rag ama walaalo ka dhiga ama cadow ka dhiga. 
COD_06516.wav,"dhammeystirka Dastuurka, Dimuquraadiyeynta iyo Dayn cafinta."
COD_05674.wav,Laamaha ay waxbarashadu ka kooban tahay dhammaan waa la tixgalin jiray.
COD_00780.wav,"balse xiqdi iyo xaasidnimo kuu haya, oo jillaafo iyo hagardaamo kula damacsan; "
COD_00010.wav,"waxaana la xusaa inay jiraan labo arrimood oo isla falgalay inuu dhaqanka ka abuurmo, "
COD_03964.wav,"Anigoo waxaan Sameeyo garan la, ayaa Mid aan saxiibo nahay igu dhahay Ninyahow Waxad soo gadataa Buugaagta jaceylka kadibgeeraarada ka aqriso, "
COD_01245.wav,sida uu sheekada isugu xirayo iyo laxanka laqbada ka maran ee uu saarayo micnaha erayada.
COD_03684.wav,"iyaga oo saldhig u ahaa halgankii xurnimo doonka iyo aasaaskii qarannimadeenna, "
COD_01326.wav,Adigoo aan 20 sano gaarin oo nolosha yoolal badan ka leh ayaad ifka ka tagtay. 
COD_06301.wav,kuwaas oo ay ka dhigeen kuwa ay dilaan iyo kuwa ay dhaawacaan.
COD_01343.wav,"Labo maalin kaddibna, inta fiiso bug ah ii sameeyeen ayay i saareen tareen Finland u socday."
COD_01866.wav,"Waxaan marqaati ka ahay in uu wariye Macallimuu warbixin naga siin jiray xaalado adag iyo goobo halis ah oo ay adkeyd in war laga keeno, "
COD_02490.wav,"balse taasi isagoo Muqdisho jooga uma fududeyn oo dil iyo xabsi ayuu ku muteysan lahaa, "
COD_04458.wav,"Maanta dhaqaalaha soomaaliya wuu burburay, "
COD_01690.wav,"Nasiib wanaag, maanta curaddeydu waxay ku jirtaa sanadkii ugu dambeeyay jaamacadda. "
COD_02373.wav,Da’yartii Soomaaliyeed oo dalkooda ka cararaya qaarbadana ay badaha ku dhamaadeen  
COD_04212.wav,Odaygii waxa uu bilaabay inuu ka ducaysto inuusan illaahay halkan ku dilin. 
COD_06042.wav," Dowladda Galmudug waxay bogaadineysaa howlgalka  Ciidanka Xoogga Dalka, iyo ciidanka kacdoonka shacabka ay ku xoreeyeen Degmada Ceeldheer "
COD_02806.wav,madaxbannaani raadsadaan islamarkaana ay jecelyihiin in la dhageysto.
COD_06576.wav,"War-murtiyeed ayaa laga soo saaray shirka madaxda dalalka Soomaaliya, Kenya, Itoobiya iyo Jabuuti"
COD_04851.wav,Waa ay la wacnaatay oo inta odayaashii loo tagay baa la isku daray. 
COD_03710.wav,Isagoo sharraxaad ka bixinaya waxyaabaha lagu xasuusto goobtan ayuu yidhi
COD_04752.wav,marna suurta gal ma ahan in bulshada ay ku maqasho adiga oo raba inaad sheegto wanaag iyo waxyaabo fiican ilaa iyo inyar mooyaanee.
COD_06785.wav,waxa ayna ugu dhexeysay meelaha uu ku dhuunto inkasto deegaan rasmi ah u ahaa Gaalkacyo.
COD_05144.wav,Waa ganacsade maal qabeen ah oo u dhashay dalka Faransiiska.
COD_01331.wav,"Anigoo taban jir ah ayaan soo galay Muqdisho, si aan u kaalmeeyo hooyadey oo agoonnimo nagu korinaysay. "
COD_00457.wav,"Mudane dowladdii idinka horreysay waxay ku guulaysatay inay arrinkaas ka joojiso waxbarashada hoose,"
COD_01099.wav,"oo leh aqoonta iyo khibradda ay u baahan tahay, shaqadeedana fahamsan. "
COD_03957.wav,"mana aqaanin qofta Ereyo aan kushukaansado, "
COD_02159.wav,"Maalin heblaayo sidaas ayaan iri, sidaasna waan yeelay; iyo sidaas ma aadan dhihin, "
COD_06298.wav,waxay ku sheegtay illaa 25 qof  halka dadka la xiray ay xustay inay yihiin ku dhawaad 50 qof.
COD_03216.wav,gorayooyinkii kale iyaguna oodda ayay jibiyeen oo way baxsadeen. 
COD_04443.wav,Wuxuu ahaa xisbiga kaliya ee loo ogalaa dalka. 
COD_06230.wav,Halkaan hoose ka dhageyso wareysiga Guddoomiyaha:
COD_01353.wav,Sannad kaddibna isla gabadhii madaxda ii ahayd ayaan guursaday. 
COD_01573.wav,"konton maalmood ayaa maanta laga joogaa maalinkii uu xafiiska la wareegay Madaxweyne Xasan Shiikh, "
COD_05321.wav,Nin daad qaaday xumbo xuskaday.
COD_02319.wav,Waxaa uu khubadiisa ku bilaabay salaanta afka mayga 
COD_01077.wav,Markii uu call-kii dhammaystay ayuu dadkii ku yiri Raalli ahaada naag maseyr badan ayaan wax ku darsaday.
COD_00702.wav,"Galabkaas waxaan cagta soo mariyay beerta ubaxyada, beerta xayawaanadda iyo beerta balambaalista,"
COD_03474.wav,"curadka aabeheey ahaa, balse aysan hooyadeey dhalin, "
COD_01539.wav,Mid ardayda ka mid ahaa ayuu kabaha u dhiibtay wiil caseeye ah oo bannaanka fadhiyay. 
COD_01357.wav,"Macaamiisheyda ugu badan Soomaali ayay aheyde, inta deyn badan iga qaateen ayaa dukaankii musallafay. "
COD_00101.wav,Waan ku dhiiradaa markaan arko faallooyin wanaagsan iyo dadka oo ka hadlaaya gabayadayda.
COD_07273.wav,"ma rabo in aan anigu ku dhaawaco, laakiin gantaalka waxay ku qaadan doontaa hal daqiiqo oo kaliya'."
COD_05436.wav,oo ah gobolka ugu weyn ee ay ka baxdo toonta.
COD_02115.wav,Xaafaddayda Furayaasha ayaan imid. 
COD_01853.wav,"Hadalka Yuusuf Garaad waxay ii yeeshay dareen gaar ah, "
COD_00492.wav,Fiicnaan lahaydaa inaan soo celinoo dhaqankii carruurteennu ay qof kasta ugu arkaayeen xigtadooda iyo xigaaladooda si ay dunidu waasac ugu noqoto
COD_04646.wav,Waa xaqiiqa jirta cidna kama sugaysid midaas. 
COD_00147.wav,Daqiiqadii 16-aad kooxda Chelsea ayaa hoggaanka u qabatay ciyaarta waxaana eber iyo hal ka dhigay xiddiga reer England ee Raheem Sterling.
COD_04385.wav,"markasuu cigaal wuxuu isleeyahay isagoo isla hadlaaya, "
COD_04881.wav,inta ay qolka fadhiyaan walaasheed iyo saaxiibkeed iyada ayaana u adeegi jirtay. 
COD_02521.wav,"Qof ay aragtidiisu hoggaamiso oo aan qof iyo koox gaar ah u nacamleynin, "
COD_01577.wav,ariga iyo eeyaha yaa dhalmo badan?
COD_01394.wav,"Wuxuu ii sheegay in uu xubin firfircoon ka ahaa kooxdii ololaha ee Madaxweyne Xasan Shiikh, uuna sugayo in meel loo magacaabo. "
COD_03853.wav,ciidamada qalabka sida ee Mareykanka ayaa siidaayay sunta sunta ah hawada Kuwaas oo lagu eedeeyay inay xanuunsadeen rayidka reer Afghanistan
COD_04526.wav,Inaad cuntada isbeddel ku sameyso kuma caawinayso adigoo aan beddelin hab-fikirkaaga. 
COD_03631.wav,"hooyo ay xanuusatay, walaalkey dhaawicii muddo ka dib u dhintay, reerkii loo raray Yaman. "
COD_01978.wav,maalinkii uu aabbahaa dhintay waxaa geeridiisa iiga sii xanuun badneyd oo aan ka walwalsanaa sidii aan ku keeni lahaa quudkii aan idinku korin lahaa
COD_04142.wav,ninkan ay u arkeen inuu lama maqal lamana aragta dhigay. 
COD_03823.wav,Soosaarida warshadaha ee dagaalka ayaa hadda na siiyay awood aan ku burburin karno bini-aadamka kale iyo dhulku 
COD_06943.wav,in la yareeyo tirada ciidanka lugta iyo in laga maarmo taangiyada.
COD_01728.wav,Hadda marxaladii shaciga ayaa la joogaa.
COD_04037.wav,Dhanka kale  waxaa CANAB niyadeeda ka tiri runtii wiilkan waa wiil aad iyo aad u wanaagsan oo qurux badan 
COD_06167.wav,"Wariye Jamaal Muxumed Cismaan ayaa sheegay in amarka lagu hor istaagay shaqadii uu qabsan lahaa uu bixiyay Agaasimaha Hay'adda NISA Mahad Salaad,"
COD_00962.wav,Dantiiisa ayuu shaati qaran noogu geliyay.
COD_01995.wav,waxaana mahaddeeda iyo abaalkeeda leh Madaxweynihii hore ee Soomaaliya Xasan Shiikh Maxamuud oo dacwaddaas horgeeyay maxkamadda ICJ
COD_01036.wav,"Hadalkaasi waa saameeyay wiilkii, wuxuuna billaabaay in uu shaqada ka cagajiido."
COD_04893.wav,Waxa ay fiirsatay xan iyo cay aad u fool xun oo ay ninkii saaxiibkeed ahaa uga sheegayso.
COD_06134.wav,"Maadaama Xarardheere tahay Magaalo Kulmisa Qabaail badan,"
COD_03377.wav,"Magaalada Gevena ayaa la filayaa in uu diiradda saari doono xaaladda dadka Falastiiniyiinta, "
COD_06418.wav,"Hadaanan laga xoreyn meelaha ay heystaan Al-Shabaab, "
COD_06724.wav,isagoo gogol xaar u ah shirka madaxda afarta dal berri uga furmaya Muqdisho.
COD_02324.wav,waxana uu xilli danbe habeennimadii jeediyey khudbadiisii u danbeeysey ee macasalaamaynta.
COD_02833.wav,"Waabarigii hore ayuu toosay, dabadeed ayuu raadkii hadana daba galay. "
COD_02339.wav,"waxaan doorbiday in aan umadayda ugu hagar baxo xirfadayda waxii aan qaban karo, "
COD_06165.wav,Kuwa Nabadsugida ah ee u yimid Jamaal wuxuu sheegay inuu horkacayay mid askari ah oo ka tirsan Hay adda oo lagu magacaabo Mahad Carab dhiblaawe
COD_06007.wav,laakiin tallabadaas ayaa ku guuldareystay.
COD_00861.wav,Filinkaas markii uu is cunay Coffee shop ayaa lagu daatay.
COD_00080.wav,"Waxa uu aaminsan yahay in gabayga, inkasto oo aan loo isticmaalin sidii hore, haddana uu ka ciyaaro door muhiim ah."
COD_05083.wav,Baarlamaanka Midawga Yurub ayaa sheegay inay dhammaadkii toddobaadkan ay hakiyeen awoodaha
COD_00767.wav,Wuxuu rabaa in aad u hadasho sida uu jecel yahay. 
COD_07249.wav,Wuxuu ka shekeynayaa qoys Soomaaliyeed oo sabool ah oo ay la soo deristay dhibaato dhanka nolosha ah 
COD_06749.wav,Waa arin fiican hadii xasan sheekh maxamuud
COD_05172.wav,Buugan waxaa u hibaynayaa hooyaday macan oo aan aad u jeclahay
COD_03511.wav,"markii aan u tagay wuxuu ii sheegay in aan xaaskiisa ahay, hadaan diidana uu i dili doono, "
COD_04067.wav,"Af-niijiye ayuu idmay oo intuu shirkii ka dhex kacay faray in nin walba gurigiisii ku noqdo, "
COD_04407.wav,"60% Soomaalidu waa dad reer baadiya ah, "
COD_04703.wav,Hufnaanta xirfadeed waxa loola jeedaa in aqoon buuxda loo yeesho goobta ay khusayso. 
COD_06340.wav,Dawladda Maraykanka ayaa warbixin cusub oo ay sii daysay ku sheegtay inay diiwaangeliyeen illaa shan boqol iyo tabban dhacdo 
COD_02290.wav,Hadalka Salaad oo u badnaa mid qosol ayaa aad ugu amaanay shacabka iyo Madaxda maamulka Puntland
COD_02842.wav,Tuugii waa ogolaaday shantii halaad oo waxa uu yidhi waan kaa iibiyay. 
COD_00478.wav,"Kabaha yaryar ee bambiirada water buruuf ah, inta badan waxaan uga tegi jirey meesha aan ku ciyaaro, "
COD_07213.wav,maadaama uu xiriir dhaw la lahaa madaxweynihii hore ee Mareykanka 
COD_07099.wav,"Marwalba waxaan dhahaa waa ay wanaagsanaan laheyd inaan maalin uun ku guulaysto tartankan, laakiin waa in howl adag laga maro. "
COD_06923.wav,kaas oo ay u arkeen musiibo ku soo wajahan ciidanka Mareykanka.
COD_00769.wav,"ee aad is dhahdo bal u hadal sidii aqoonyahan Soomaaliyeed, oo aan qoys iyo qabiil lahayn."
COD_02303.wav,"maadaamma qeyb yar oo ka mid ah khudbadda Kheyre, ay in yar isaga egyihiin khudbadda caanka ahayd ee uu jeediyay madaxweynihii hore ee Maraykanka."
COD_00003.wav,ama isbedel ku samaysay oo tilaab togan hore u qaaday.
COD_00118.wav,sidaas darteed waxaan rabaa in aan isticmaalo saameyntayda si aan u xoojiyo iyaga oo aan ka caawiyo inay la wadaagaan bulshada xirfadahooda qarsoon
COD_03799.wav,"In ka badan hal qarni ka hor intaanan gaarin masiibada dabiiciga ah, "
COD_00681.wav,Muuqaalkeedii iigu cajiibsanaa wuxuu ahaa maalinkii carafo. 
COD_06658.wav,DAAWO: Garaad Jaamac  Muuse iyo Argagaxisadu waa wada shaqaystaan 
COD_01567.wav,Waxaan xaruntaan ka qaataa lacag aan qoyskeyga ku biilo. 
COD_00872.wav,"reer Laasacaanood waxaa galeen maalinkii 6aad ee uu gumaadayo maamulka Somaliland, "
COD_05599.wav,"aabihiis, awowgiis iyo awowgiis labaadba waxay kasoo shaqeeyeen - oo ay noloshooda kasoo maareeyeen - waaxda tamarta."
COD_02640.wav,"Shalay Galabkii markuu irida kasoo Galay ayuu Maama Ashkiro u dhiibay Bac Cosmatics ah, "
COD_02024.wav,"Danyarta cidna uma maqna, ceelna uma qodna. "
COD_00728.wav,"Waligey kuma fikirin in ay jirto meel Muqdisho ka amni xun, waxaanse tegay magaalada Detroit ee dalka Mareykanka."
COD_01607.wav,Wuxuu higeliyay iskuul si bilaash ah wax loogu baro dadka indhoolayaasha ah. 
COD_04217.wav,haddana waxaad mooddaa in uu xinjiro afka ku sito. 
COD_04930.wav,Wax dhega-adayg loo maleeyey baa u beddelay dhego-fudaydkii ay caanka ku ahayd.
COD_03319.wav,Arrinta nolosha saan sheegay  isbadalkeenno waa nabad iyo nolol  
COD_05752.wav,sidaa awgeed in geela lagu celceliyo adhi foofkii meel jirta 
COD_04492.wav,sidaa daraaddeedna xil badan iska saarin.
COD_06886.wav,"Haddii loo baahdo, waqtiyada fiisaha sidoo kale waxaa muddo korodhsi lagu sameyn karaa isla internetka."
COD_03115.wav,Laakiin sidaydaba uguma tala galo inaan xoolaha cuno. 
COD_06322.wav,sidaa awgeed waxaanu taageernay laba kursi oo rasmi ah oo qaaradda Afrika ay hesho ayay tidhi Berkook.
COD_00343.wav,"In kastoo uusan fahmo badnayn haddana halkii masalo oo uu fahmo ayuu dadka ku kadeedi jirey,lana qeylin jirey,  qofkii aan fahamsanaynna ku ceebeyn jirey. "
COD_00778.wav,oo qodxo u dhigaya tallaabo kasta oo aad horay u qaadi lahayd. 
COD_02544.wav,"waxayna sabab u noqan kartaa dagaal cunnada iyo biyaha ah oo mustaqbalka dhex mara Soomaaliya iyo Itoobiya, "
COD_01445.wav,"Markii aan qaangaadhay ayaan u soo hayaamay Berbera, oo aan uga soo digarogtay Hargeysa. "
COD_00476.wav,Weligeed hooyo ima dhihin  qofkaasu waxba nooma aha. 
COD_01065.wav,"Waxaan wax badan ka bartay la dhaqanka dadka, tixgelinta kala duwanaanta awoodaha iyo duruufaha ardayda,"
COD_04144.wav,Hoos ayuu indhaha u rogay isagoo iska dhawraya in indhihiisa iyo kuwa Garaadku kulmaan. 
COD_03679.wav,Waxaan xanuunka tacsida la qaybsanayaa ehelka Marxuumka iyo dhammaan ummadda Soomaaliyeed.
COD_06045.wav,oo ay fuliyeen ciidanka Xoogga Dalka iyo ciidamada Kacdoonka shacabka.
COD_06589.wav,"iyo Ciidamada Dawladdaha Jabuuti, Kenya iyo Itoobiya, kuwaas oo lagu ciribtirayo Argagaxisa Al-Shabaab."
COD_02820.wav,Dacawadii sidaas ayey ku dhaxashay xoolihii waraabaha oo dhan.
COD_00154.wav,"Arsenal ayaa sii dhedreysatay hoggaanka horyaalka Premier League kaddib markii ay kaga adkaatay Brighton  labo iyo afar,"
COD_05762.wav,"Markay libdhadu soo baxdo ilaa inta ay liiqa dhigayso waxa ay ku foognaayeen geel, "
COD_04821.wav,Wax kasta oo ay u baahan yihiin; baad iyo biyaba ayuu ugu diri jiray halkooda. 
COD_04513.wav,"Sidaas awgeed, fikradaha wanaagsan iyo natiijooyinka weligood ma dhalin karaan natiijooyin xun; "
COD_02622.wav,Sida ka muuqatay Shekadodana waxay isla gareen  inay Qaab Nololedkoda wax ka bedelaan.
COD_05280.wav,Horumarka Ilbaxnimada
COD_02571.wav,"Zaynaba way yara naxday, wuxuuna u sharxay waxa jira."
COD_00086.wav,Ma fileyn in aan ku guuleysanayo balse sharaf ayay ii tahay in aan ku guuleysto abaalmarinta ugu sareysa Hoyga Maansada Soomaaliyeed
COD_04124.wav,Wax yar ka dibna Garaadkii ayaa soo muuqday. 
COD_05004.wav,Dunidu sida ay hadda u waalatay ma ahayn berigaa.
COD_02810.wav,ujeeddaduse wey ka duwanayd midda xidhiidhkooda saaxiibnimo. 
COD_00777.wav,"Waxaa badan dad aad malaynayso in ay ku jecel yihiin, balse caqabad ku ah horumarkaada, "
COD_00012.wav,"Labadaan arrimood ayaa qaabeeya nooca dhaqan ee ay bulshadu yeelanayso,"
COD_04871.wav,"Nabsigaan ayaan dhaxayn, adigu haw yeedhan."
COD_00282.wav,"waxaana loo baahan yahay in guddiga tabartiisu waxay doonto hala ekaatee lugula xisaabtamo inuu degdeg uga jawaabo baahida waddooyinka, "
COD_05274.wav,sidaa daraadeed biyo la'aantood nololi ma jirteen.
COD_01669.wav,"Waligey carruurteyda uma sheegin waxa aan ka shaqeeyo, waayo ma rabin in ay niyadjabaan. "
COD_01152.wav,Waa is arkaynaa ee horta kaalay sararta iga gado.
COD_04292.wav,Markii ay ka tagtay wuu cidlooday wuuna hiloobay.  
COD_05327.wav,"Magacyadu waxa ay u kala baxaan afar qeybood oo kala ah magac gaar ah, magac guud, magac wada-jir, magac qarsoon."
COD_03521.wav,"Iyadoo ay dhibaatadaasi jirto ayaa waxaa dhacday inuu bilaawday dagaalkii afarta bilood, "
COD_04879.wav,waxa uuna ugu imaan jiray gurigooda oo uu kula haasaawi jiray.
COD_07006.wav,kharashka ay bixisay sida ay u bixisay iyo halkii ay mareen deeqihii dalka soo galay.
COD_00952.wav,Waa mid ciyaalka xaafadda ah oo soo qoray Waraa caawa waa ka soo dartaye. 
COD_03699.wav,ayaa u duceeyey waalidiinta iyo dhallinyarada Soomaaliyeed ee ku naf waayey iyaga oo maskaxdooda iyo muruqooda ugu adeegaya dalkooda.
COD_01450.wav,Magaceygu waa Cabdi Yare. Waxaan ahay Ciyaal Waaberi. Barasho wanaagsan.
COD_02756.wav,Cigaal iyo rag kale oo gabbal dhac geelayawgii sii carraabinaaya ayaa ku soo hagaagay doox. 
COD_04795.wav,"Muuse, waxa uu ahaa wiil madi ah. "
COD_02661.wav,"Carawelo Kaftankan ujeed kale ayay ka lehed, hadalkii Labadooda dhex-marayna Taleefoonka ayay ku duubaneysay"
COD_01542.wav,"Ilaahey ka baqa oo cunuggaas miskiinka ah haku addoonsanina labada kun ee aad siineysaan, "
COD_04267.wav,Wuxuu ka dhex eegay cid la joogta markii uu arki waayeyna iska dhaafay. 
COD_03758.wav,haddii kale waxa uu la kulmi karaa dil sida qabsatay dadka qaar oo naftooda ku waayay arrinkan.
COD_03007.wav,"Gabadhii haddana waxa u yimid nin kale oo guur ka doonaya, markaasay ku tidhi xoolo maxaad leedahay. "
COD_02540.wav,"ayna kala gasho heshiis masiiri ah, si loo badbaadiyo dhaqaalaha dalka, iyo dadka ay noloshoodu ku tiirsan tahay cunnada iyo biyaha ay ka helaan labadaan wabi."
COD_05361.wav,Nimaan kuu furi doonin yuusan kuu rarin.
COD_05259.wav,"Haddii lagugu xadgudbayo, waxaa dhici karta in aad dareento cabsi, ceeb iyo keli."
COD_05409.wav,kaasoo horseeday in uu ka tago kooxda. 
COD_06834.wav,"Warkan waxaa qortay wakaaladda wararka ee AFP, waxaa soo jeedineysa Caasha Ibraahim Aadan."
COD_06079.wav,"Wafdi uu hoggaaminayo Madaxweynaha Soomaaliya Xasan Sheekh Maxamuud, ayaa shalay gaaray Magaalada Baydhabo,"
COD_02913.wav,"Hooyadii ayaa waxay u timi dadkii, waxay u sheegtay in gabadheedii basarkii ama aragii ka tagayoo indhaha waxba aynan ka arag"
COD_05550.wav,"Waxaan ku adkeystay in aan shaqadeydii sii wato, sidaas ayaan ku diray dumarkii"
COD_00499.wav,Iska hubi inaadan ka hooban haadaanta siririqda ah 
COD_00548.wav,wuxuuna gacanta u geliyey xoogaa sanuud ah. 
COD_03130.wav,Iyada oo laantii cinabka ahayd la ordaysa ayuu ninkii beerta lahaa arkay. 
COD_03926.wav,ninki waxuu dhahy wax ba kama qabo shimen baxaynaa 
COD_06843.wav,kuwaas oo ka horimanaya qiyamka iyo mabaadii da aadanaha.  
COD_06915.wav,Tiro badan oo ka mid ah taliyayaasha sare ciidankan ayaa saf ugu jira sidii ay u weerari lahaayeen hoggaanka hadda jira
COD_01432.wav,Gacaliye tuug ayaa taleefankii iga xaday
COD_00165.wav,kaasoo sidoo kale ay xiiseynayaan adeegiisa kooxaha Liverpool iyo Manchester United.
COD_01200.wav,"kaddibna biibito uu isagu kushiinka ugu jiray oo uu sambuuska, burka, macsharada iyo shaaha ku sameyn jiray ayuu sameystay. "
COD_01595.wav,"Magaalo furin dagaal ah oo ay ka jirtay sabab kasta oo ku dhiirrigelin kartay in uu ka cararo ayuu ku dhiirraday in uu ku noolaado, oo ganacsina ka dhex abuuro."
COD_00108.wav,iyo dhiiranaan ay ku gashay abaal-marinaha suugaanta ee Hoyga Maansada ee sannadlaha ah.
COD_07032.wav,Waxaa isoo koriyey hal waalid oo hooyaday ah taasna waxay sababtay inaan ciyaalka darbi jiifka ah ku biiro 
COD_06224.wav,"Iyadoo maanta la sheegay in xubno ka tirsan Kooxda Al-Shabaab ay laayeen xoolo ka badan 300,"
COD_01970.wav,Haddii dibadda loo baahdana baranjiyada xaafadda ayaa la wada aadayay. 
COD_04755.wav,Dadka qaar oo aan weydiyay waxay ii sheegeen in ay dhibaato u ku tahay bulshooyinka qarsoon balse inteena badan inooma muuqato.
COD_02670.wav,"Bac Khudaar ah uu waday ayuu istaagga ka tuuray, "
COD_05527.wav,haddana wuxuu Bezos sidoo kale aminsan yahay in ay wanaagsan tahay in la yeesho dood daacadnimo ku dhisan.
COD_03537.wav,mar walbana waxaan filanaayey in saacadaha soo socda mid ka mid ah uu i dili doono. 
COD_05705.wav,"markii suurta la afuufo ee siraadka la maro, inuu solayga naareed ku siibto ayaan si xun uga yaabayaa. "
COD_03068.wav,"Midbaa wuxu yidhi anigu waxan jecelahay xoolo badan inuu ilaahay i siiyo, "
COD_05204.wav,Bulsho wax ay horumar ku gaadhaa iyadoo dadkeedu is kaashado oo isku kalsoonaadan. 
COD_05926.wav,"Waxaa saaka oo Khamiis ah inta badan xiran waddooyinka Caasimadda, "
COD_05915.wav,Wasiirka Waxbarashada Soomaaliya Faarax Sheekh Cabdulqaadir ayaa dowladda Masar uga mahad-celiyey 450 oo deeq waxbarasho ah...
COD_06568.wav,sidoo kalena meelaha ay weerari rabaan usoo basaasi jirtay.
COD_06623.wav,taas bedelkeedana la adkeeyo Amniga Xarardheere iyo Galcad oo dhowaan laga saaray kooxda argagixisada ah ee Al-Shabaab.
COD_06324.wav,"Guddoomiyaha Midowga Afrika ee xilka ka sii degaya Macky Sall, sidoo kalena ah madaxweynaha Senegal,"
COD_02077.wav,Jardiinka ayaan soo fariistay. Labadhagax waa hoy waxbarasho.
COD_03668.wav,oo laga hortago taariikhda soo socota hadii ay shacabka soo wajahdo masiibo la mid ah tii dhacday kun sagaal boqol sagaashan iyo kowndii
COD_04934.wav,Isbitaallo badan baa lagu la tacaalay oo looga quusay.
COD_04621.wav,Waa maskax ay tahay in aad qaadato si aad himiladaada u fuliso oo aad u korto qof ahaan.
COD_05121.wav,fasalka sagaalaad ilaa kan labo iyo tobnaad ayay wada dhigteen.
COD_06586.wav,"howlgalladii lagu xoreeyey deeganno badan oo ka tirsan dalka,"
COD_02578.wav,"Wuxuu yiri: Maya. Waxay tiri: makaa codsan karaa in aad soo islaanto, wuxuuna ku yiri: Maya. "
COD_06173.wav,Halkaan hoose ka daawo wareysiga oo dhameystiran oo uu arrinkan kaga hadlayo Wariye Jamaal Muxumed Cismaan.
COD_00609.wav,"maanta qaar badan oo ka mid ah milyuneerro yihiin, hanti badanna ay ku leeyihiin shirkaddii ay iyagoo shiid ah ka shaqa billaabeen "
COD_06766.wav,"Markuu arkay: Talo soo jeedinta Wasiirka Waasaradda Arrimaha Gudaha, Federaalka iyo Dimuqraadiyeynta."
COD_04039.wav,dhinac kalena Mustaf ayaa intii uu imtixaanka ku jirey la hor keenaa gabadhii uu badbaadinaayey qurux deeda
COD_01834.wav,"waxa ayna dalka ka soo noqotay wasiir ay iska casishay markii ay aragtay badweynta wasakheysan ee siyaasadda dalka, "
COD_04194.wav,"makraas ayuu intuu kusoo booday ayuu yidhi Naw, war khamsa nalaga diiday markaas ayaad talaada la ordaysaa."
COD_03402.wav,"Haseyeeshee wax yar kadiba waxay isaga hor yimadeen meel dhexe oo labadii reerood u dhaxeysa, "
COD_02158.wav,Xogo hoose oo dadweynaha ka qarsoonaa ayaa lagu dooday. 
COD_07100.wav,"Orodyahankan lixda jeer ku guulaystay tartanka World Track Champion,"
COD_06290.wav,balse ma shaacin inta uu la egyahay.
COD_05276.wav,"Biyaha waxaan u isticmaalnaa siyabo kala duwan sida cabbid,, qubays, dharka oo aan ku dhaqanno,"
COD_04761.wav,kuwaas oo lagu kalsoon yahay tabbabarkooda iyo sidda ay u gudanayaan waajibaadkooda shaqo.
COD_03848.wav,"Taalibaan ayaa laga soo nooleeyay geeri dhow, ugu yaraan dadka boqol iyo taban kun ayaa la diley, "
COD_00859.wav,Ka dibna in buug la qoro ayaa lagu yaacay. Dad ayaa filinkaas arkay oo magaalooyin badan Book Fairs ka hirgeliyay. 
COD_03246.wav,intaas wayba dhaaftaba  waxay taaganatahay intay dowladdii timaado ay tiraahdo hebal baan rabnaa  
COD_02621.wav,"Wallahi Dumarku ma wada heystaan adiga oo kale ee Alle ha iisoo kaa Nabad-Celiyo Abowe, isaguna leeyahay Aamiin. Nabad iyo Nolol Xabibty."
COD_01408.wav,Bajaajlihiina wuxuu ka codsaday in uu na sugo. 
COD_00710.wav,"Waxaan ka degay magaalada Beijing ee dalka Shiinaha, waxaana booqday goobo taariikhi ah sida derbiga weyn ee sumadda u ah Shiinaha."
COD_05005.wav,"Intaan qurbaha joognay laba goor, ayaa reerkayagu qarka ugu sigtay inuu qabyaalad darteed ku burburo."
COD_06690.wav,DAAWO: Garaad Jaamac  Muuse iyo Argagaxisadu waa wada shaqaystaan 
COD_01124.wav,"Wuxuu horseed u noqday in Madiina laga furo maxkamaddii ugu horreysay inta aan xasuusto, "
COD_01804.wav,"oo aan hortaada ka qirto maangaabideydii,tala xumadeydii, isla saxnaanteydii dhalanteedka ahayd"
COD_04603.wav,"Maxaa kaaga baxay hadlkaas, saameyn maku yeelatay waxbarashadaadii?"
COD_01581.wav,ariga ayay mar kaste dadku qashaan. 
COD_05853.wav,"isla markaana aan kula kulmay magaalda Delhi ee dalka India sannadkii 2019 kii ,"
COD_01802.wav,"Baro inaad waayaha wax ka barato oo aad arrin kasta saarto miisaanka maalintaas, saacaddaas ama daqiiqaddaas"
COD_04111.wav,"Wuxuu mar is yidhi waa dhallaannimo iyo waayo aragnimo la’aan, "
COD_00979.wav,Agaasime Waaxeed ayaa Wasaarada looga magacaabaa. 
COD_01153.wav,wuxuuna ku canaantaa sababta ay u soo dhigtay
COD_00455.wav,"Tusaale ahaan waxaan qarsoodi ahayn in jaamacado ay dowladdu aqoonsantahay laga iibsado shahaaddooyinka,"
COD_00688.wav,Waxaan u dalxiisay magaalada taariikhiga ah ee Qarnaadah oo aheed caasimaddii boqortooyadii Andalus iyo magaalada Ishbiiliya oo aheed taajkii boqortooyada. 
COD_04605.wav,Tusaalle aniga Cabdijabaar ahaan waxaa saameyn igu yeeshay buuggaag badan.
COD_02305.wav,Xassan oo jaaliyadda Soomaalida ee ku nool Qadar uga warbixinayay waxa ay xukumadiis kaga ka duwan tahay kuwii ka horeeyay ayaa yiri: 
COD_00751.wav,"oo ay sidaas Soomaaliya ay ugu gudubtay darajada ugu sarreysa ee maamulka hawada sare, halka ay horay ugu jirtay heerka ugu hooseeya ee Class G. "
COD_07276.wav,"Si kastaba ha ahaatee, marka la eego weerarradii hore ee Ruushku ka fuliyey gudaha Britain "
COD_07266.wav,Ra'iisul wasaarihii xilligaas wuxuu sheegay in uu Putin ku yiri  hal daqiiqo oo kali ah ayey qaadan.
COD_05165.wav,"Ilkahaaga iyo ciridka ayaa saameyn weyn ku yeelan kara caafimaadkaaga,"
COD_02701.wav,isna soo duceey waa La kheyrayaahe ayuu ku yiri.
COD_05047.wav,ilaa markii ay kulmeen kulankoodii ugu horeeyay.
COD_01668.wav,Waxaan ahaa shaqaale nadaafadeed. 
COD_05104.wav,Wax ka ogow dalka sooryo ahaan looga bixiyo hilibka jiirka
COD_01243.wav,"Marka laga tago in taariikhda iyo sheekooyinka iskood u xiiso badan yihiin, qoraaga kutubkuna ku dadaalay in uu akhristaha dhex geeyo sheekada, "
COD_01217.wav,"Jaamacad ayuu sanadkii hore ka baxay, welina shaqo ma helin. "
COD_03138.wav,Dameeradu waxay ka mid yihiin duunyada anfaca innoo leh. 
COD_04655.wav,oo macnahiisu yahay waad garanaysaa meesha aad u socoto.
COD_05951.wav,"waxaa ay Goobjoog News u sheegtay in saameyn xooggan ay ka dhalatay sare u kaca ku yimid Sokorta oo hadda  hal kilogaram la iibiyo labaatan iyo afar kun shilling,"
COD_02987.wav,"Bacdii oo qafiska ku daboolan ayaa waxay ku shidday laydh, "
COD_02346.wav,Waxase ii muuqda oo aan diidanahay maamul xumada maanta dalka ka jirta 
COD_00788.wav,Waana sababta ay fannaaniin badan ugu heeseen Nacabku waligii ha daalo. 
COD_00247.wav,Ma aragtay mid waalidkii taleefanka ku dhegeysta iyagoo dantiisa iyo noloshiisa ka welwelaaya?.
COD_07178.wav,"Kooxda Everton ayuu suuqu u ahaa mid adag, iyadoo lumisay mid ka mid ah ciyaartoydeeda muhiimka ah,"
COD_04353.wav,"wuxuuna qaatay ul iyo wayso markii salaadii duhur ayuu iska dhigay ushiina dhinaca midig markuu waysadii isyidhi bilow, "
COD_07299.wav,"kuwaas oo ka caawinaya in ay yareeyaan xanuunka caadada, "
COD_01171.wav,"Aniga oo ka walwalsan halka aan caawa aadi doono ayaan biibitadii ku arkay macallinkeyga Carabiga ee iskuulka, "
COD_05336.wav,Yaa curiiyay Gabayga?
COD_04455.wav,"Soomaaliya waqtigaas waxee eheed wadan aad loogu soo dalxiisi jiray, oo dhaqaalihiisa neh kor u socday."
COD_03666.wav,"aniga xitaa intaan is heyn waayey ayaan yara dabcay oo illin ka masaxay isheyda, "
COD_04291.wav,In ay la sii joogto ayuu ku dadaalay kana codsaday laakiin dheg uma ay jalaqsiin. oo way xanaaqsanayd.
COD_05462.wav,tani waxay horseedi kartaa in uu hoos u dhac uu ku yimaado tirada shaqaalaha caafimaadka ee adduunka.
COD_04932.wav,"Isbeddelka ku yimid inanta waxaa la yaabay waalidkeed, walaaleheed iyo saaxiibbadeedba. "
COD_00445.wav,"Dhurwaagii hal mar ayaa neetfu kasoo boodday, wuxuuna billaabay inuu meeshuu ku arkaba dameer uu ceyrsado ama bursado, halkii uu ka cabsan jirey."
COD_02643.wav,sida muuqato Maamo Ashkiro waa la qeylo-tiray.
COD_00978.wav,"Isagoo Bakaaraha ka shaqeysto, oo deggan Xamarjidiid oo uu ku dhashay, ilmuhuna ay dugsi iyo iskuul xaafadda uga dhigtaan ayuu dowladda shaqo ka raadsanaa. "
COD_03807.wav,ee ay hadda awood u leeyihiin aaladda sayniska casriga ah.
COD_05545.wav,"Aniguna waxaan ku iri, 'weli waxaan hayaa macankeedii aan ku talagalay in aan ku shaqeeyo,"
COD_02529.wav,waxay ku sheegeen in dhaqaalaha Soomaaliya uu 64% ka ku tiirsan yahay waxsoosaarka beeraha dalka.
COD_00680.wav,Waxaan tagaayaa  magaalada barakeysan ee Maka. 
COD_01572.wav,"Boqolka maalmood ee ugu horreyso waxaan dib-u-habeyn ku sameyn doonnaa hey’adaha amniga, sharciyaddooda iyo qaabdhismoodkoodaba."
COD_06722.wav,"iyadoo ay ka qeybgalayaan Wasiirada Difaaca dalalka Jabuuti, Itoobiya iyo Kenya."
COD_06702.wav,Waxay ku dambeeyn doontaa fashil iyo faragelin shisheeye iyo in ugu dambeeynta loo wadahadlo labo qabiil iyo in qolo kastaa ku ekaato dhulkeeda.
COD_03428.wav,"Iyadoo la tixgelinayo xilligan dalku uu u jiheystay doorashada, "
COD_00109.wav,"Waxayna aad ula yaabtay Raxma in ay ku guulaysatay abaal marinta Gabadha ugu gabay wanaagsan,"
COD_01568.wav,Gaabow waxaan abaal uga hayaa sida uu u bedelay nolosheyda. 
COD_05207.wav,Daacadnimadu waa tilman ka mid ah tilmaamaha ay leeyihiin dadka guulaysto
COD_00669.wav,Sidii Ibnu-Baduudah ayaan kusoo wareegay shanta qaaradood ee adduunka. 
COD_03171.wav,"Hilibkii neefka markii la bisleeyay ayaa ninkii deeqsiga ahaa u keenay nimankii martida ahaa, "
COD_01398.wav,Yariiskii markaan waydiiyayna wuxuu igu yiri: wixii dhamaa ninkii ayaa cunay kaddibna iriddaas ayuu ka baxay.
COD_02572.wav,"Waxay ka codsatay in uu raaco oo uu islaamo, si aan noloshooda u sii wataan, balse wuu ka diiday. "
COD_04098.wav,Gabadhii ayaa qadar gaaban aamustay oo ka fakartay xujada aabaheed iyo raggii kale ee Bartire haysata. 
COD_03142.wav,Waxase jirta inay soomaalidu dameerada yasto. 
COD_05038.wav,waa inuu arkaa sawirka ama hummaaga uu gabyaagu sawirtay markuu tixdaas curinayey;
COD_00065.wav,Mursal ilaa yaraantiisii wuxuu jeclaa suugaanta si uu u noqdo qof argti dheer oo dadka kalena ku dhiiri galiya
COD_04929.wav,Maahsanaan baa booskii ka saartay dhiifoonaantii lagu yaqiinnay. 
COD_00143.wav,"Dabcan waa inaad ka fikirtaa, kubadda cagta waligeed ismay bedelin."
COD_04088.wav,"waynu ku qasbanahay ee aabo sarakac oo durduri, ayuu ugu jawaabay. "
COD_03872.wav,Dalka Mareykanka waxaa ka jiray dhaqdhaqaaq bii'ada deegaanka ah oo togan muddo tobanaan sano ah.
COD_05209.wav,Waa maxay dulucda sheekadu ? 
COD_05699.wav,Wallee geel jacaylkaan u qabo waw jirrabi ruuxa
COD_02320.wav,Khudbadda Reysal wasaarihii hore Xasan Cali Kheyre ayaa aad u dheereyd asigoo meel fagaaro ah kula hadlayey shacabka Koonfur Galbeed.
COD_06721.wav,"iyo dalalka dariska ah ayaa maanta ka furmaya caasimadda dalka ee Muqdisho, "
COD_06638.wav,ee deegaan Doorashadiisu tahay Magaalada Dhuusamareeb ee xarunta dowlad goboleedka Galmudug 
COD_02429.wav,mushaar joogtana waan u qoreynaa  hadduu ilaahay yiraahdo. 
COD_01443.wav,Waxaanse ku soo hanaqaaday Burco. 
COD_01240.wav,"Su’aalo ma jiraan oo Shiikh nooma joogo, gadaal ayaana canjalka loo celinayaa haddii meel la fahmi waayo."
COD_03933.wav,waxuu radiyaya mesha lays ka dhiibo cabaar mar kuu so socday ayuu waxuu imaday is goska debka waxuu arkay wiil dhalin yaraa ee mesha marayo 
COD_01620.wav,Abaal aan duugoobeyn oo aanan ogeyn goorta loo gudi doono ayuuna dadkiisa iyo dalkiisa gashaday. 
COD_04936.wav,Qoysku waa u sameeyey wax walba oo looga saari karo waxa haya.
COD_03559.wav,"Nolosha qaraarka iyo macaanta isku darsatay waxey igu aheyd markii anigoo ninkeygii xoogga igu heystay nalagu soo weeraray gurigii aan deganeyn, "
COD_00184.wav,iyagoo sameeyay fursado badan ee goolal loo filan karay.
COD_04241.wav,Waa walaalkii oo intii uu isagu maqnaa nin ay isku degmo yihiin qudha ka jaray. 
COD_01324.wav,"Waxaana ugu wacan saaxiibtinnimadii, garashadii, dadnimadii, duntii wanaagsanayd ee aan kugu bartay iyo waayihii dahabiga ahaa ee aan soo wada qaadannay. "
COD_00067.wav,"Si ka duwan carruurta kale ee da’diisa ah, waxa uu caado ka dhigtay in uu la sheekeysto dadka ka waaweyn si uu ugu dhageysto hadalkooda xigmadda leh iyo aqoontooda."
COD_00629.wav,laakiin iyaga welwel kuma hayso kol haddii aysan Carabi ahayn
COD_00054.wav,"Shabaab waxa ay gumaad aan loo meel dayin ku hayaan bulshada muddo shan iyo toban sano ah, "
COD_05031.wav,sidaas awgeedna waa in aad loo dhowraa.
COD_07165.wav,Manchester United oo iyadana suuqa lugta lasoo gashay ayaa heshiis amaah ah ku soo qaadatay weeraryahanka reer Holland 
COD_05010.wav,"Jinku waxuu soo weeraray mar kale habeenkii xigay, waxuu soo weeraray marar badan, "
COD_02174.wav,Labo daqiiqo oo xirasho ah ii soo daa ayaan ku iri. 
COD_00187.wav,"Ugu dambeyntii ayaa ku dhammaatay barbardhac hal iyo hal ah ay ku kala baxeen labada kooxood Barcelona iyo Espanyol, "
COD_02366.wav,"dadkii idin soo doortay Soomaalidii ina soo dooratay waxaan ilaahay idin ka baryayaa inuu hawshiina idiin fududeeyo,"
COD_04743.wav,markii aan tagay dalka Kenya waxaan ku biiray iskuul ku yaala xeryaha dhagaxleey. 
COD_01661.wav,Dhismahaan waa qeybta kilyaha lagu dhaqo. 
COD_04717.wav,Uma kala meermeeraan waxa la samaynayo ama waxa aan la samaynayn xaalad gaar ah.
COD_01559.wav,Kadib Bakaaro ayaan caseeye ka noqday. 
COD_06066.wav,meelihii ay tageen hormar Kuma aysan soo kordhin intii sano ay joogeen bay ka dambeeyaan dalka intiisii kale  Ayuu sidoo kale yiri Sheekh Cabdiqani Qorane.
COD_03920.wav,Waxuu u imaday saxibkiis oo degan magalada muqdisho waxuuna u shegay bufiska hayo iyo in uu rabo dalka maraykan ka. 
COD_01468.wav,Iskiisa ha u shaqeysto ama dad kale ha u shaqeeyo. 
COD_06877.wav,Codsadayaashu ma aadi doonaan qunsuliyadaha ama safaaradaha.
COD_01052.wav,"Muddo bil ah ayaa sidaas ku jiray. Ardaydii waan caburiyay oo shib ayaa ka soo hartay,"
COD_03915.wav,Haddii intaas uu qof walba Ka fekiri lahaa ma jiri laheyn ama wey yaraan laheyd in waalid niyad jabo.
COD_03572.wav,"oo isagiina markey rasaastii ka dhamaatay qoriga intuu sariirta hoosteeda ku tuuray doonaya inuu iska dhigo inuusan dagaalameyn, "
COD_01554.wav,"Anigoo 6 jir ah ayaan iskuulka soorta galay, waxaana ka bartay qoraalka af Soomaaliga. "
COD_00374.wav,"Maxaa ka dhib badan marka uu helo hanti iyo jago uu dadka baahidooda uga faa’iisaysto, wareerkiisana qaadsiiyo."
COD_01370.wav,iyo shaqoyinka aan siiyo dhallinyarada Soomaaliyeed ee dalkaan ku dayacan.
COD_01707.wav,Waxayna hadda wareejinayaaxaafaddeenna oo ku taalla cirifka koofureed ee magaalada. 
COD_03691.wav,si aan u xaqiijinno hiigsigeenna dowlad-dhiska iyo horumarinta dalkeenna.
COD_02229.wav,"Si gobannimo leh ayuu gumeystaha ula diriray, waxaase taariikhdiisa iyo halgankiisa barmadow ku ah qabiilladii uu laayay ee uu xoolohoodiina mooraduugay. "
COD_01676.wav,Hal maalin ayaa ka dhiman maalinka ay xirmayso isdiiwaangelinta jaamacadda. 
COD_02835.wav,Walaashii ayaa kusoo baxaday oo inta ay salaantay ku tidhi  walaal iska waran. 
COD_05258.wav, xadgudub qoys waxay dhacdaa marka qof qoyskaaga ah ama qof aad shukaansaneyso uu wax ku gaarsiiyo jir ahaan
COD_03184.wav,Bari waxa jiray nin la odhan jiray dhalin ileeye. 
COD_04072.wav,Si guud iyo gooni gooniba raggii way u shawreen hase ahaatee dhakafaar ayey ka qaadeen in kasta oo ay arinta sii rogrogaan. 
COD_01585.wav,"Arigu wuxuu seexdaa fiid hore, waxa uuna soo kacaa salaadda subax, waqtigaas oo ay barakada iyo naxariista Alle soo degayaan. "
COD_01348.wav,"Seddax bil kaddib ayaa waxaa nala kala dooransiiyay shaqo iyo waxbarasho,"
COD_02424.wav,maalgalin shisheeyo ma imaanayo  waddan uu musuqmaasuq hareeyay marna ma imaanayo maxaa yeelay  yaa tuug wax ku darsanaayo  
COD_03889.wav,laakiin Dagaalkii Labaad ee Dunida oo keli ah ayaa lagu dilay dad ka badan 70 milyan oo qof ah. 
COD_02740.wav,"Dabagaalihii ayaa yiri, ma maqashey waxa layiri, Nin waxa uu ku raaxaysto ninka kale ayey dhibtiisa tahay ee saaxiibow amaanka iigu dadaal."
COD_06434.wav,waxaa sidaas sheegtay wakaaladda wararka Talyaaniga ee ANSA.
COD_05695.wav,"Guud ahaan Soomaalida,  waxaa ku jirta ruuxaan geela jecel, reermiyiguna waabu ka sii xagjiraa. "
COD_06909.wav,Mareykanka oo isku diyaarinaya dagaal uu la galo waddanka saddexaad ee ugu awoodda badan adduunka
COD_06046.wav, Madaxweynaha Dowladda Galmudug mudane Axmed Cabdi Kaariye ayaa hambalyo iyo boogaadin u diray Ciidanka Xoogga Dalka iyo ciidamada Kacdoonka shacabka 
COD_01480.wav,"dhalinyaro badan ayay shaqo u abuureen, oo waxay dalka ku soo kordhiyeen ganacsiyo ay qoysas badan ku tiirsan yihiin"
COD_02759.wav,Waa cigaal oo ma sugine wakaa qaylo ku dhuftay dhawr dhagaxna kula haliilay oo ku muguijiyay xaggii ay wax ka xigeen.
COD_02325.wav,"Habeenkaas oo inkastoo Baarlamaanka sheegeen inay xilkii ka qaadeen, isagu dhankiisa waxa uu sheegay in uu is casilay."
COD_06854.wav,ayaa mustaqbalka dhow laga dhigi doonaa qaab internet-ka laga buuxsan karo.
COD_00540.wav,Wuxuu qoraagu weydiiyey adeer ma sidataa lacag waxaasoo dhan kuu goysa. 
COD_04665.wav,waxaa jira qanacsanaanta aad ku qanacsan tahay shaqadaada.
COD_05019.wav,Markii uu iskuulkii usoo baxay ayay Faysal dariiqa ku kulmeen laysna salaamay
COD_00866.wav,"Soomaaliya inta la iskala tegay ayuu hadda dunida kale ku sii siqayaa, "
COD_01261.wav,Midna kama dhaboobin ballanqaadyadii Xasan ee boqolka maalmood. 
COD_06529.wav,Hoos ka Akhriso wareegtada kasoo baxday Madaxweyne Axmed Madoobe.
COD_01745.wav,Haddii 4-taan sano aad cuna qabateyntaas nooga qaaddo waxay noqon doontaa abaal aan kuu hayno iyo wax qabad aan berrito noo sheegan karto.
COD_01914.wav,wuxuuna kusime u magacaabay Maxamed Cusmaan Cali Dhagaxtuur. 
COD_01625.wav,Waxaan saakay ku kallahay isbitaalka Digfeer. 
COD_00306.wav,Taariikhdii ay ahayd ma xasuusto laakiin waxaa jirta dhacdo aan soo xasuusto mar kasta oo aan ag maro ama aan ku dukado masjidka qeybta daawada ee suuqa Bakaaraha.
COD_05808.wav,isla markaana ay noloshooda ku waayeen waxaa ugu weyna dayacii ka muuqday cisbitaalka guud ee Hargeysa wakhtigaasi.
COD_01851.wav,"wuxuuna ku sifeeyay nin masuul ah, runyaqaan ah, dhiirran oo aan shaqadiisa cidna uga baqan."
COD_02837.wav,"waxay tiri walaashii walaal waa goor dambe ee caawa guriga iska joog, ninkaygu marka uu yimaado ayaa faraska lagula raadine. "
COD_03167.wav,Labadii nin ee martida ahaa ayaa waxay arkeen neef la gawracay oo harigii laga saarayo. 
COD_00326.wav,Kii dhagar la damacsan isaga dhagartiisa Allaha ku celiyo. Umaddana Allaha ka badbaadiyo.
COD_03485.wav,"markii uu u sheegay in aysan jirin meel ay wax lacag ama dahab ah ugu jiraanna waxey ku yiraahdeen Ashahaado, "
COD_00634.wav,"Maadaamma aan Carabta deris nahay maxaa diidaya in erayo aan Carabi u haysano ay asal ahaan af-soomaali yihiin, "
COD_03654.wav,hadana waxaa ka baqay inuu Ilaah aakhiro dhiigooda ii qabsado. 
COD_00473.wav,Waa marka ilmuhu uu qof soo socda arko oo uu ku cararo si uu hab u siiyo
COD_03209.wav,"Subaxii markay gaadhay wakhtigii la sii daynayay gorayooyinka ayay isku yaac-yaaceen, "
COD_02852.wav,Ninkii waxa uu yidhi waan ogolahay.
COD_01960.wav,Waxaa la igu soo barbaariyay in ay dadkaas waalid iyo walaal ii wada yihiin. 
COD_04263.wav,Waxay ahaayeen biyo qabow oo nadiif ah oo jidhka iyo naftaba qaboojinaya. 
COD_00433.wav,iyo inaanan illoobi jirin wixii uu hal mar ii sheego  Adiga macallinkaagu waa kuma?
COD_05370.wav,"Waa inuu ku dadaalaa sida uu xumaanta uga hortagi lahaa, af iyo addinba."
COD_06361.wav,ama warbixinta shay kasta oo muujin kara in cadawgu horumariyey tiknoolojiyad cusub ama karti dheeraada.
COD_03998.wav,Hacaroonin Waayo Carada Sheydaanka Ayaa ku Shaqeysta
COD_01628.wav,Halkan waa mesha laga jarto lambarrada dhakhaatiirta. 
COD_02721.wav,"markaasey inta Qanciye wacday weydiisay Lacagta Qasaaro-Qeybka ah, "
COD_01323.wav,"Dad badan oo aan ehel iyo asxaab nahay ayaa ifka ka tegay, balse waxay geeridaadu igu reebtay raad iyo xusuus gaar ah. "
COD_06242.wav,iyadoo muddada uu shirku socday ka hadlleen halkaas dhakhaatiir ka kala socday xarumo caafimaad oo ku yaalla Gobollada dalka.
COD_02385.wav,"Waxaynu badalaynaa in ammnigeena ay cid kale nooga noqoto mas’uul, "
COD_01682.wav,Qaar baa ogaa walwalka i haya. 
COD_06833.wav,sida ay sheegeen saraakiisha maxalliga ah ee dalkaasi.
COD_04121.wav,Shirkii ayuu odaygii u dhalandhoolay. 
COD_01188.wav,Waxbarashada dad badan oo aan ka mid ahay ayuu kaalin ka qaatay. 
COD_01630.wav,Dad badan ayaa saf ugu jira in ay lambar ka goostaan. 
COD_01820.wav,Hadda ayaan fahmay sirta degganaanshiyahaagii
COD_06294.wav,"Xarunta madaxa bannaan ee xuquuqal insaanka ee Somaliland, oo ka hadashay xiisada ka jirta laascaanood,"
COD_06901.wav,Codsadayaashu waxay awood u yeelan doonaan inay ka helaan dhammaan codsiyada fiisaha ay soo gudbiyeen hal akoon.
COD_05603.wav,Rusty qudhiisa markii uu iskuulka dhiganayay iyo markii uu jaamacadda ku jirayba wuxuu shaqada la aadi jiray aabihiis.
COD_00059.wav,"Bulshada Soomaaliyeed oo horay noloshoodii u saameysay colaaddii sokeeye, lana daalaadhacaya waxyeeladii ay reebeen dagaaladii dalka ka dhacay, "
COD_00284.wav,Waxaa jira meelo hadda dhib badan lugu qabo oo ay ka mid yihiin isgoyska Fagax iyo waddada hormarta Iskuulka Dhagaxtuur
COD_04925.wav,soojeed iyo dhafar ayeyna eersadeen.
COD_05251.wav,Dajiso nidaam joogto ah. Haduu waqtigaagu u badan yahay guriga waxaa lama huraan ah in aad sii wadid nidaam joogto ah.
COD_04175.wav,"Bal ii sheega, maxaa kale oo aan hunguri ahayn oo rag isu geeya? "
COD_07078.wav,ma ogi inaad daawatay muuqaaladayda feerka iyo in kale .
COD_03735.wav,"Waxyaabaha cajiibka ah ee dabiiciga ah ayaa neeftaada kaa qaadi doona, "
COD_03329.wav,ninka ugu yar ayaa saddex Raiisulwaare keenay  
COD_03089.wav,Dadka goobta iskugu yimid qaarkood baa isku haystay; hebel baa ugu taajirsan iyo mayee hebel ayaa ka hanti badan.
COD_01943.wav,Degmada Kaxda ayaan degganahay. Xarunta Jaamacadda ee Warshadaha ayaan subax kasta iman jiray.
COD_06023.wav,"Naadiyada ugu fiican adduunka, sababtoo ah waxaan kuu sheegayaa, aad bay ugu daran yihiin dhan walba:"
COD_05269.wav,"Haddii aad garaneysid qof u cabsanaya amaankiisa sharafta qoyska daraadeed, la xiriir booliiska."
COD_01404.wav,"Walaalkey oo taleefan Samsung ah watay ayuu ku dhahay lambarkaan ii qor, wuuna u qoray. "
COD_05316.wav,laab Sinnaanta dadka sharciga hortiisa waa muhiim
COD_01656.wav,Waa kala duruuf oo qofba tabartiisa ayuu dalbanayaa. 
COD_01122.wav,"laakiin odayaashii xaafaddu arrinkaas waa diideen, iyagoo aaminsanaa in ay burcaddu xaafadda difaaci doonaa markii qolo kale soo weerarto."
COD_03214.wav,Markay guriga ka dhex baxday ayaa waxay dhabarka kusii qaadatay kabad guriga ku dadbanayd. 
COD_04057.wav,maalin maal maha ka mid ah ayaa waxaa dhacday sheekadan 
COD_00358.wav,"Dhawr sano ka dib ayuu soo laabtey isagoo sheeganaya inuu xaqiiqda gaaray, "
COD_02033.wav,"Hortiisa Alle kheyr ha dhigo, gadaashiisana kheyr ha dhigo. Ninkaas waligay ma illoobaayo."
COD_00935.wav,Darawalkii oo daal iyo dhafar ka muuqdeen wuxuu gaarigii ku baakimay iridka idaacaddii IQK ee Suuqbacaad. Wuxuuna ku wareejiyay darawal kale. 
COD_06629.wav,waxaa loo arki karaa inaad raali ka tahay in degmada Baladxaawo maamulkeeda Shabaab la wareego.
COD_04767.wav,Caqlinimadu waa awoodo kala duwan oo la xidhiidha garashada.
COD_06827.wav,"ay u xidhan yihiin eedo la xidhiidha musuq maasuq, sida waxa VOA u sheegay ku-xigeenka Duqa Magaalada Hargeysa Khadar Axmed Cumar."
COD_02283.wav,Iyagoo saddex carruur ah isu dhalay ayaana iigu dambeysay oo aan shaqadii ka tegay.
COD_00701.wav,Waa caasimad faqri aheed oo isu bedeshay magaalo warshadeed leh suuqyo casri ah iyo dhismooyin dhaadheer. 
COD_02595.wav,"lakin waxaa Maalmahan naga dhex-taagan Khilaaf ay abuureen dad soo dumiyay Guryahooda oo rabo inay keedana dumiyaan, "
COD_01066.wav,"saameynta ay talada iyo hadalka wanaagsan ku yeelan karaan mustqbalka ardayda, iyo in aan aqbalo fikirka igu duwan, oo aan ogaado in ay ardaygu wax i dheeraan karo. "
COD_03946.wav,"asagoo ula jeeda, jiro maqabtid ee niyadaada lee waaye."
COD_04745.wav,maarkii aan ka baxay dugsiga sare waxaab bilaabay jaamacad.
COD_02638.wav,Wuxuu u sheegay in Maamo Ashkiro saxantahay lakin fahamka ay Guurka iyo Farxaddiisa ka heysato uu yahay kii Casrigeeda jiray oo aan la jaan-qaadi Karin Casrigaan. 
COD_03513.wav,"Hadalka ugu yaabka badnaa ee uu habeenkaas i dhahay wuxuu ahaa Waan geerasheeynaa aniguse maba aqoonin waxa uu ulla jeeday, "
COD_00466.wav,laakiin ma aqaanno sababta uusan faldambiyeedkaas muddada soo jirey uusan wax welwel ah ugu haynin madaxdii kala dambeysa ee wasaaradda.
COD_05416.wav,Shirkadaha iibka dhulka iyo guryaha oo lacag ahaan u qaadanaya qare iyo khudaar kale
COD_02427.wav,waxaan xoogga saareynaa  aniga hadaad i doorataan  madaxweyne noqon mayo nabaddoon ayaan noqonaa  
COD_03585.wav,Mar waxaan ku farxay inuu Ilaah ninkii aabahey igu hordilay i tusay isagoo horteyda lagu dilaayo 
COD_05850.wav,isla markaana uu waayay si uu dacweeyo.
COD_00350.wav,"Wuxuu billaabay inuu dhexgalo doodo uusan u bisleyn, sidaa darteed waxaa fududeyd in la aftiro la shibbiyo."
COD_05193.wav,waana furaha ugu muhiimsan ee guusha lagu gaadho.
COD_05068.wav,ma waxaad faraysaan dadka wanaaga ood halmaansantihiin naftiina
COD_01805.wav,sidii aan kuula yaabi jirey markaad iiga digto arrimaha iyo saaxiibbada qaar.  
COD_02168.wav,Libinta maanta badda uga soo hoyatay Soomaaliya waa miraha geedkii uu Xasan Shiikh beeray 2014. 
COD_05494.wav,Waa sheekadan midda uu ilaa maanta ka sheekeeyo Bezos.
COD_00507.wav,KAALIN INTEE LA'EG AYAAD KU LEEDAHAY SAMMAANTA iyo XUMMAANTA?
COD_03542.wav,"hadduu i mehersan lahaa waxaa ii sahlanaan laheyd in aan isaga la hadlo oo derbiga nagu hor gudban ee cadaawada ah aan ka talaabo, "
COD_01781.wav,Wax kastoo aad weydo lagama quusto. 
COD_00741.wav,"Adduunyadu markii ay humanitarian ka hadlayso waxaa u sawiran dal abaar ka dhacday iyo carruur gaajeysan oo u baahan gargaar degdeg ah, "
COD_03790.wav,Brazil Xaaskaaga oo aad iskaga celin karto muddo taban cisho ah gudahood
COD_06014.wav," Haa, waan ka hadli karnaa gunnooyinka, laakiin gunnooyinkani waa inay ahaadaan kuwo la heli karo oo macquul ah, aynu nidhaahno. "
COD_03189.wav,Haddaba dhalin ileeye reerkoodu wuxu ag daganaan jiray buur wayn.
COD_03410.wav,"wuxuu ugu dambeysti soo istaagay inu maalin maalmaha ka mid ah shir deg deg ah qabtay, oo dhammaan dadkii deegaanka ka dhowaa ay shirkii ka soo qayb-galay."
COD_05895.wav,"Askarta Eritrea ayaa dabayaaqadii bishii hore isaga baxay dhowr magaalo oo waaweyn oo Tigray ah,"
COD_00990.wav,Mar aad lacagtii tuurtay ayaa waxaa dukaankii ku soo leexanaya xariif jidka iska maraayay. 
COD_00994.wav,Hadhoow ayay inta xaafadda kugu arkaan waxay ku leeyihiin: Maalmahaan kuma hayno. 
COD_04762.wav,Dilaayaasha qarsoon inta badan wax kuma dilaan waxyaabaha caadiga ah amase hubka aynu naqaano.
COD_02007.wav,madaxdana ugu baaqin in ay kiiskaan siiyaan miisaanka uu mudan yahay.
COD_01919.wav,"Aug 4, 2008 Cabdullaahi Yuusuf ayaa sheegay in uu dalku ku jiro xaalad adag, uuna isagu la wareegay awoodda dalka,"
COD_06616.wav,"Dawladda Federaalka ayaa qabanqaabisay shirka oo kusoo aadaya xilli degmooyin iyo deegaano muhiim ah ay ka saareen argagixisada Al-Shabaab,"
COD_00125.wav,Lix sano ka hor ayaa ugu horeysay markay go'aanka weyn qaadatay inay ku soo laabato Soomaaliya. 
COD_01375.wav,Allow garashada ha naga madoobeyn.
COD_01571.wav,Boqolka maalmood ee ugu horreysa waxaan xoogga saari doonnaa in aan soo gebagabayno deyncafinta. 
COD_04597.wav,"Koow, goobta ama nidaamka waxbarasho ee aad soo martay ayaa saameyn kugu yeelan waysay noloshaada. "
COD_04157.wav,Isagoo dhakafaarsan ayuu Garaadkii sidaa u eegay. 
COD_00336.wav,"Maxay ku kala duwan yihiin shahaadooyinka nafta loo biimey jirey si loogala soo baxo xaafad uu dagaal xun ka socdo, iyo kuwa sida fudud dabka loo qabadsiinaayo? "
COD_04738.wav,Bulshooyinka qarsoon ayaa ah kuwa ku dhex milmay aqoonta aynu maanta baranno taasoo keentay in meesha laga saaro aqoonta saxda ah.
COD_01844.wav,Macallinka iyo ciyaartiydana ugu baaqay in ay dhaqankaas wax ka bedelaan.
COD_02208.wav,"Shalay ayaan contactskeyga fiiriyay. Waxaa ku wada qoran murxuum hebel iyo marxuumad heblaayo, waxaana ka nool 2 qof kaliya oo inta kale way dhinteen."
COD_00045.wav,"afar ito tobankii Oktober labada kun toddobi iyo tabankii waxaa dhacay qaraxii abid ugu weynaa, uguna qasaaro badnaa, ee dhulka Soomaaliyeed ka dhaca ee Soobbe."
COD_01538.wav,Annagoo jaamacad dhiganeyna ayaan bareeg u soo baxnay. 
COD_05070.wav,dhab ahaan yaan kuugu soo dajiyay aayado cad cad
COD_05055.wav,Magaca Eebe yaan ku billaabaynaa ee naxriis guud iyo mid gaaraba naxriista
COD_02190.wav,"Maalinkii xigay ayaa shacabkii isu soo baxeen, warbaahinta ayay la hadleen."
COD_07222.wav,Mr Alexandre ayaa wargeyska Financial Times Isniintii u sheegay in Mr Bolsonaro  uusan wax mas uuliyad ah ku lahayn  qalalaasaha.
COD_00960.wav,"Wuxuu ku jawaabaya Doqontu meesha lagu dagaalay ayay ogayd, ee ma oga halkii lagu heshiiyay."
COD_00570.wav,dawo maaha fursaddiinni oo meel iska taalla inaad shaqo la’aan sii ahaataan. 
COD_06577.wav,"oo maanta ka dhacay caasimadda Soomaaliya ee Muqdisho, "
COD_04456.wav,Dhaqaalaha soomaaliya waxuu mar ahaan jiray dhaqaalaha ugu xoogan bariga afrika. 
COD_01501.wav,Sannad kasta waxay suuqa soo galiyaan koox ganacsato ah. 
COD_01368.wav,Waxaana xirfado ay ku shaqeystaan ku tababaraa gabdhaha Soomaalida.
COD_06253.wav,uga badin karto dhigooda kooxda Manchester City ciyaarta caawa ee FA Cup.
COD_05030.wav,Maxay ka dhigan tahay nadaafadda dhulku?
COD_06154.wav,"Wariye Jamaal Muxumed Cismaan oo dhawaan lagu xiray Muqdisho,"
COD_07065.wav,marka fikirka ah inaan matalayo Soomaaliya ayaa ah aniga oo doonayey inaan fuliyo Soomaalinimadii aabbeheey 
COD_05078.wav,"waa ciyaaryahan wanaagsan, waxaana uu naga caawin karaa inaan gaarno yoolalka aan raadineyno."
COD_05784.wav,"cisbitaalka waxaa lagu aas-aasay inuu qaado afar boqol oo qof, waxaana loogu tallo gallay 400 oo sariirood."
COD_01424.wav,Markii la wacay ayuu bannaanka la istaagay. 
COD_01627.wav,"Marar hore ayaan Digfeer imid, balse maanta ayaan fursad u helay. "
COD_01917.wav,waxaana xukuumaddii Nuur Cadde oo ka koobneyd 15 Wasiir ku soo hartay 5 Wasiir kaliya. 
COD_01462.wav,"Gelinka hore ee maalinka jimcaha ah kaliya ayaan fasax helaa, nasiino iyo qaraabosalaan ayaana uga faa’iideystaa."
COD_03299.wav,mooralkooda waa inaan kor u kicinaa annagoo la shaqeyneyna  oo garab taagan  oo caanaha iyo biyaha ka dabo wadno 
COD_05692.wav,"Iska dhaafe, ubadka ay dhalaan magacyadii ay ugu wanqali jireen ayaa jacaylkii geela ay u qabeeni ka soo dhex tafay,"
COD_05094.wav,Aabihiis oo macallin iskuul ahaa ayaa u geeriyooday burukiito
COD_06451.wav,WAR DEG DEG AH: Ciidamada DF Somalia oo la wareegay degmada Xarardheere
COD_06744.wav,Dowladda ayaa sheegtay in baahi ay keentay in labada maalmood ee maanta iyo beri la xadido dhaqdhaqaaqyada 
COD_05779.wav,maadaama caafimaadku yahay laf dhabarta iyo nolosha koobaad ee bini aadmiga.
COD_00641.wav,Sheekadaan carabiga ah markaan akhriyey waxaan soo xasuustey wiilasheenna
COD_05959.wav,"iyadoo taas sabab uga dhigtay in marka ay sokortu raqiisto ay dalabka Shaaxa uu aad u badan yahay,"
COD_04464.wav,Waqooyigii Soomaaliya oo la oran jiray British Somaliland 
COD_02447.wav,"Meel iska dhiga aniga iyo ragga ila midka ah ee wax soo kharribay, "
COD_06274.wav,wixii ka danbeeyey dilkii xildhibaan Sir David Ames oo dilkiis wiil Soomaali ah loo xiray sannadkii 2021kii.
COD_01591.wav,wuxuuna sababi karaa in ay qofka dhaafto salaadda subax oo uu waqtiga barakadu sidaas ku seego. 
COD_02908.wav,"hooyo waxba ma arko indhaha waxba ugama jeedo,,wax kasta mugdi ayay ila yihiin "
COD_06160.wav,barnaamijku arrimaha bulshadoo ku saabsan yahay waana barnaamij ku saabsan dumarka Soomaalida ah 
COD_02924.wav,"farxad ayay la booday, waxay soo qaadatay taleefan,hooyadeed ayay wacday inay uu sheegto ayay doonaysay, "
COD_01838.wav,Waxaan daawaday wareysi kooban oo telefishanka Asal24 uu shalay garoonka Stadium Muqdisho uga qaaday Cabdullaahi Cabdifitaax 
COD_00714.wav,Socdaalkeygii Kuuriyada-waqooyi dalxiis ma aheyn ee wuxuu ahaa booqasho aan ugu tegay dad ku jira xasbi dowladed. 
COD_03177.wav,Ninkii martida loo ahaa ayaa haddana waxa uu soo lisay labadii halaad. 
COD_00370.wav,Wuxuu beeniyaa wax kasta oo ka yimaada culimada iskumana dayo inuu marka hore xaqiiqdooda raadiyo ama dood cilmu ku dhisan geliyo.
COD_02244.wav,Duleedka magaalada Buuhoodle ayuu ku dhashay. 
COD_03229.wav,seeftiisiina galka ka soo saaray u jehaystay dhankii wiilka. 
COD_03556.wav,"hadana waxaa laga soo diley laba maleeshiyadii ka mid ah, jaadkii la soo dhacayna waxaa la keenay gurigii aan deganaa, "
COD_04964.wav,Ka warrama haddii ay ishelaan nin war jecel iyo nin marqaansan? 
COD_00116.wav,Raxma waxa ay doonaysaa in ay u adeegsato caannimadeeda cusub si ay u xoojiso codkeeda oo ay u dhiirigeliso dumarka kale ee gabya ee u baahan tusaale ay ku daydaan.
COD_03956.wav,"Habenkii koowaad waxaan ugu tagay gurigeeda, "
COD_02848.wav,Seedigii ayaa yiri faraskaagii mid u eeg ayaan shan halaad soo siistay. 
COD_04727.wav,Way u nugul yihiin isbeddelka mana ahan qoraallada u adkaysta. 
COD_03973.wav,"markaas kadib waxan Umaleyn jiray, Shukaansiga inuu yahay wax jaamacad looga soo baxay, "
COD_06044.wav,Sidoo kale qoraalka oo koobnaa ayaa lagu sheegay in howlgalka lagula wareegay gacan ku haynta degmada Ceeldheer
COD_04332.wav,"kaddib markii Issimada dhaqanku ay soo saareen go’aamo adadag oo muujinaya midnimada dadka iyo dalka Soomaaliyeed, "
COD_04023.wav,Mustaf markii uu arkey in gabadhan meesha mareyso la xoogi rabo ayaa uu u gurmadey  ragii ka dhiciyey  
COD_02495.wav,"oo uu jabhadaha ugu baaqayay in ay kala fahmaan dowladda iyo dowladnimada, "
COD_00001.wav,Muddo fog oo aan yarayn ayaan ku fooganaa weyddiinta ah xiriir noocee ah ayaa ka dhexeeya dhaqanka iyo horumarka. 
COD_02035.wav,Dad badan oo maanta duruuf adag ku jira ayaa in ay nolol fiican helaan waxay ugu xiran tahay wax adiga kuu fudud 
COD_02247.wav,"waxay u badan tahay in uu ku dhiirran doono nin aan aqoonteeda iyo shaqadeeda wax badan ka ogeyn,"
COD_04185.wav,"Qof rag iyo dumar toona u dhigma ma jirto, "
COD_00106.wav,Gabaygeeda ay kaga hadlayso midnimada iyo muhiimada ay leedahay ilaalinta dhaqanka Soomaaliyeed.
COD_01002.wav,Maalinka dambe adigoo xaaladdu jiq kugu tahay oo mushaaru-aakhir ku jiro ayaad maqaayad ugu soo galee xariifkii oo kalaankal cunaya. 
COD_03353.wav,"Hadda adinkaa qalinka haysto,  qalinka adinkuu gacanta idin kugu jiraa  "
COD_03155.wav,"Ninka kale baa hadal lasoo booday oo yidhi Adoogeeyoow Timiri macaanaa, "
COD_05072.wav,Kaama raalli noqdaan yahuud iyo nasaara intaad ka raacdo diintooda
COD_02858.wav,Tuugii hadalka ayaa ku dhagay oo wax uu ku hadlo ayuu garan waayay. 
COD_00294.wav,Siyaasiyiinta xildoonka ah qaarkood waxba ma caddeystaan marka laga reebo inay mar kasta meelaha taag-taaganyihiin
COD_01596.wav,Jid qodxo badan ayuu qaaday. 
COD_01756.wav,"Markiiba dadkii Meesha joogay oo yaab iyo amankaag kasoo haray ayaa ninkii hororay, "
COD_04484.wav,waydiisana sababta ay kalluunka madaxa iyo dibka uga goyn jirtay?
COD_04049.wav,"Gabadhii baa kujawaabtay Waa lii qabaa aniga marwo baan ahay, marka sideen ninkeyga ugu soo fasax qaataa?"
COD_02861.wav,Ninkii faraska laga soo xaday ayaa yidhi ma maqasheen waxa uu yidhi. 
COD_05737.wav,"Inkastoo arami hore ladhkeedii ku soo kacayo,"
COD_05694.wav,Jacaylkii Ay Geela U Qabeen
COD_00918.wav,"Dadka inta badan waa hurdeen, balse hurdo ciil uma qabo, oo waxaan rabaa in aan wax kasta arko. "
COD_05227.wav,carruurtu waxa ay sheegeen in ay ku hanweyn yihiin ku hadalka Soomaaliga.
COD_04839.wav,markaas buu inta is yiri hawl ku mashquuli wiilkii u dhuumasho deyn waayey.
COD_06082.wav,"iyagoo Baydhabo ugu qeyb galaya shirka dib u heshiisiinta Koofur Galbeed,"
COD_02817.wav,"Dacawadii waxay cuntay neefkii ugu shishlaa xoolaha libaaxa, "
COD_02884.wav,"Wuxu kusoo hagaagay wakhti abaar ah, iska dhaaf xoolo kalee xataa guriga uuna oolin wax dabka la saaro. "
COD_07143.wav,halkaas oo uu kusoo gabagaboobayo suuqii January 2023.
COD_03984.wav,Tixgeli Adanimada 
COD_03881.wav,xitaa dadka laga yaabo inay ka murugoodaan wararka noocaas ah waxay umuuqdaan kuwo aan dooneynin inay ula dhaqmaan sida xaalad deg deg ah.
COD_04973.wav,Waxa ay doonayeen in ay feer iyo laad iyo bugayn kala daalaan darawalka Bajaajta. 
COD_03564.wav,"waxaan ku sigtay in aan waasho, mar qaylo ayaan bilaabaa, "
COD_05042.wav,hadii aan ciyaartoy dhaawici lahaa waan bixin lahaa raali galin
COD_06637.wav,Ilyaas Sheikh Axmed Ibraahim ayaa ku soo baxay doorashada Kursiga Hob boqol afartan iyo todobo
COD_01597.wav,Halgan dheer oo ugu dambeyn miradhalay ayuuna ku gaaray heerka uu maanta joogo.
COD_02859.wav,Odayadii ayaa yidhi waar hadal oo sheeg faraskaaga ceebtiisa. 
COD_00418.wav,oo uu ula jeeday in nin heerkaas laysku cariyey ay adagtahay inuu badbaado 
COD_00655.wav,Xagguu nooga yimid dhaqanka yiraahda wiil hawl looma diro? 
COD_06475.wav,labbo In xabsiyadu qaban qof aan maxkamad soo xukumin ama aan lagu soo xirin waraaqda ogalaanshaha xabsiga Rumaan
COD_04503.wav,"Dadka intiisa badan waxay ku dedaalan inay horumariyaan mawqifkooda nololleed, "
COD_04956.wav,Maantii dambe ayey samaysatay mid aysan ku darsan laakiin ay qeybta baarista kala socoto waxa uu soo dhigo boggiisa. 
COD_00041.wav,"Sedaxda Oktober 1993: Muqdisho ayaa lagu soo riday labo diyaaradood oo ahaa kuwa qummaatiga u kaca helicopters, Maraykankuna lahaa,"
COD_04035.wav,Mustaf ayaa ku yiri abaayo macaanto waan kula soo hadli doonaa hadii ilaahey yiraahdo 
COD_04341.wav,"Waxaa kale oo Somaliland kacdoonka buluugga ku weyday kumannaan askari oo u dhashay gobolka, "
COD_02352.wav,"waxaan ku nuxnuxsanayaa  in marnaba aanay beelaha ay ka soo jeedaan aan loo aanayan Karin eraygaas  iyo siyaasada guracan ee ay hal abuurkooda leeyihiin, "
COD_05468.wav,Lacag intee leeg ayaa ku baxaysa haweenaydii ugu horraysay ee dayaxa u safraysa?
COD_06608.wav,kuwaas oo kal horeba ugu baaqay maamulka Somaliland inuu uga baxo deegaanadooda.
COD_05033.wav,Nolosha wiilasha iyo gabdhaha waa ay kala fogayd xilligaas.
COD_01017.wav,Qof aadan maalmahaan is arkin ayaad meel isku arkaysaan.
COD_02082.wav,Sida ay Ingiriiska u kala aqoon badan yihiin waxaa daawadayaasha uga muhiimsan sida ay u kala hadal badan yihiin.
COD_00169.wav,Kooxaha Man City iyo Everton oo dhibcaha ku qeybsaday garoonka Etihad
COD_00964.wav,Hal bil ayay ganacsiyada magaaada ku wareegayaan. Wuxuu guuleystayaal u aqoonsanayaan shirkadihii iyo shakhsiyaadkii lacag baxsado. 
COD_04627.wav,Waxaa jira farqi udhaxeeya Waxaan rabaa inaan noqdo dhaqtar iyo hamigeygu waa inaan noqdo dhaqtar waana dadaalayaa si aan dhaqtar u noqdo.
COD_03924.wav,Waxuu dhay saxib waxan maqlay in lagu aado lacag garay so taban kun dollar
COD_02256.wav,Raysulwasaarihii hore ee Soomaaliya Xasan Abshir Faarax oo markaas ahaa Duqa magaalada Muqdisho. 
COD_00588.wav,Nin ka shaqeeya suuliyada dadweynaha u furan ayaa shaqdiisu ahayd inuu kirliyada biyo ka buuxiyo oo meel safo si dadka yimaada ay ugu qaataan uguna isticmaalaaan musqulaha. 
COD_02020.wav,"Waxay u sheegeen baahida jirto, waxayna ka codsadeen in ay siiyaan cuntada ka soo harta qadada, si ay dadkaas baahan ugu quudiyaan."
COD_02618.wav,lakin aysan muhiim aheyn inuu Fagaaraha iyo Feysbuugga dadka uga sheego heerka uu gaarsanyahay Jaceylkoodu.
COD_01121.wav,"wuxuu cumar isku dayay in uu abaabulo xaafadda gaar ahaan reer tolkiis si la iskaga dhiciyo burcaddaan naxariista daran, "
COD_02566.wav,"Asxaabtu nabiga way ka aqbaleen. Nabiga ayaa kuushii u dhiibay Abul-Caas, wuxuuna ku yiri: ninyohow Zeynaba ku dheh kuushaani ha kugu weynaato. "
COD_06213.wav,islamarkaana deegaano u dhow Xarardheere ay ka wadaan howlgallo ka dhan ah iyo kuwa miino baaris ah.
COD_04243.wav,"Waxbarasho imika u soo dhammaatay ayuu isagu markaa dalka Masar ugu maqnaa, "
COD_00930.wav,Dhul deex ah ayaan soo galnay. Waxaan soo marnay Warsheekh iyo Ceel-Macaan. 
COD_02403.wav,waxaana kordhinay dakhliga dowladda  oo markii aan iscasilay oo aan ka tagay  oo aan qasnadda dowladda aan uga tagay 7.5 malyan oo dolar  
COD_05457.wav,Waxaana shaqadan halis gelinayaa qalabka casriga ah ee caafimaadka qaabilsan
COD_06251.wav,hadana weli waxa ay heystaa kalsooni fiican.
COD_03922.wav,ninkii reer badiya ahaa waaa uu farxay waxuuna ku dhahay ninkii muqdisho degnaa saxib waad mahadsantahay. 
COD_03088.wav,"Maalin ayuu meel lagu kaftamayo soo galay, ka dib na wuu iska fadhiistay. "
COD_03781.wav,"arrinkan ayaa salka ku haya dhacdo sandkii 1924-tii ka dhacday gobolkaas, "
COD_05964.wav,"waxaana ay meesha ka saartay in wax dhibaato ah ay ku qabto sicir bararka, waxaana ay carrabka ku dhufatay in 25 sano ay ku jirtay,"
COD_04483.wav,"Isla goobtii ayay hooyadeed wacday, "
COD_06676.wav,Dunida Darood meelakasta ayaa loogasoo gurman reer SSC hadii daaquud Biixi uu dagaal bilaabo
COD_02262.wav,"Waxay aheyd gabar akhlaaq badan, aqoon leh, oo hawlkar ah."
COD_04171.wav,"Hadalkayga guntada, oo xikmadayda dhagaha u fura; "
COD_01227.wav,godka mugdiga badan iyo nolosha aakhiro ee ka dambaysa. 
COD_02559.wav,Qureysh oo guuldarreysatay oo Makko soo geleysa ayay Zeynaba ku tiri: iiga warrama aabbahey? Waxaa lagu yiri: wuu guuleystay. 
COD_06823.wav,in ay taageeraan dadaallada xasilinta goobaha laga xoreeyey kooxda Al-Shabaab 
COD_04999.wav,Shirkii iyo madaxweynihiiba wuu ku waafaqay.
COD_01312.wav,"Waxaad ahayd saaxiib naxariis iyo garasho badan, oo ay damqiyaan duruufaha danyartu ku nool yihiin. "
COD_02360.wav,Inaad si dhakhso ah aad isugu yeedho waayeelka iyo waayo araga umadda kalana tashato xaalda adag ee dalku maanta maraayo sidii looga bixi lahaa.
COD_03018.wav,"Waxay ku horraysay ninkii riyaha lahaa, waxayna ku tidhi arrintii guurka hadda ayaan diyaar u ahaye ka waran. "
COD_06369.wav,"Dalka Sweden wuxuu ka mid yahay dalalka ku yaalla wadamada galbeedka ee ay ku nool yihiin Soomaalida badani,"
COD_05412.wav,Dhowr maalmood ka horna waxaa warbaahinta qabsaday warka ku saabsan Ronaldo ka dib markii kursiga keydka laga fariisiyay
COD_03705.wav,"xoojinaya midnimada, waddaniyadda iyo dal jacaylka."
COD_01841.wav,Oo banooni qababac iyo qajajac ah ayay dheeleysay. 
COD_02593.wav,Qanciye oo iska dhigaya Nin aan fahamsaneyn ayaa ku yiri: Shankaroon runtii waxad tahay qof Wanaagsan oo u qalanto inan Mustaqbal la sameeyo
COD_02210.wav,Dagaalka kahor tirada shacabka Suuriya ku nool waxay aheyd sideed iyo taban malyan. 
COD_03309.wav,hadii la siiyo awoodooda dhaqaale iyo awoodooda aqoon la siiyo waxaan aaminsanahay sirdoonka oo la xoojiyo 
COD_02018.wav,"Waxay isku qanciyeen in aysan qarash u heli karin cunto ay danyartaas siiyaan maalin kasta, "
COD_00362.wav,"Waxaa kasoo lumay wax kasta marka laga reebo anshaxdarradii, afxumadii, waxaase usoo kordhay dhiirranaan iyo af-adeyg isagoo , diintana ku jeesjeesaya, "
COD_02797.wav,Cunugga dhexda ku jira ee aan curadka iyo yaraanka toona ahayn waxaa la sheegaa inuu inta badan noqdo mid dhexda ku luma. 
COD_03173.wav,Labadii nin markii ay arkeen in hilibka badhidii ka maqantahay ayaa midi intuu kacay qori daba qaatay. 
COD_07102.wav,ayaa tan iyo bishii Oktoobar 2019 waxa uu orday todoba jeer oo keliya.
COD_06299.wav,Xarunta madaxa bannaan ee xuquuqal insaanka ayaa cambaareysay qaabka ciidamada Somaliland 
COD_05932.wav,waxaana ka soo qayb galaya mas uuliyiin ka tirsan dowladda Soomaaliya.
COD_00608.wav,marka laga reebo inay ahaayeen dad aamin ah
COD_02588.wav,"waxayna kula talisay inay Feysbuug ka sameysato Ciwaan cusub kana Shukaansato Qanciye iyadoo iska dhigeyso Gabar Calaf-Doon ah, "
COD_02741.wav,"Hooyo maanta waan Allah baryayaa ee lacagtan qaad oo suuqa aad, waxaadna innooga soo iibisaa neef Adhi ah? "
COD_00136.wav,Taasina waxaa tusaale u ah filim ay goordhow soo saartay oo la magac baxay ‘Dhalinyarada hagaysa mustaqbalka Soomaaliya’.
COD_05129.wav,Waxaad u xilsaaran tahay in aad warqaddaas gaarsiisid Xasan Guuleed
COD_05128.wav,Raysulwasaare Cigaal wuxuu warqaddaas u xilsaaray Janaraal Jaamac Maxamed Qaalib oo markaas ahaa Taliyaha Boliiskii ee Woqooyi.
COD_00900.wav,"Waa xilli colaad ah oo xurguf jirto, waxaase Abgaal looga bartay in ay nabadgeliyaan musaafirka. "
COD_01008.wav,Halkii uu isaga waryaa deynta iska bixi dhihi lahaa ayuuba adiga ku soo aadaa. 
COD_00902.wav,Waa meel dhul adag sidii Ceelbuur. Sagaal saac oo galabnimo ayaan Galcad ka soo xawaareynay.
COD_02917.wav,"Lakin gabadhii uma soo noqon arageedii, ninkeedi ayaa kula taliyay inay u tagto dhakhaatiir kala duwan, iyo wadaado kala duwan."
COD_05118.wav,Cabdullaahi toddobaadkan ayuu iska diiwaan galiyay kuliyadda muhandasnimada ee jaamacadda Jigjiga.
COD_02449.wav,"ee ha seegina in aad doorataan qof xishooda, oo leh dhaqan suubban, diin, aqoon, iyo garasho celineysa"
COD_03694.wav,ururrada shaqaalaha iyo ururrada bulshada rayidka ah.
COD_02002.wav,Taas ayaana suuragalisay in ay mar kasta shacabka si dhow ula socdaan halka ay dacwadu mareyso.
COD_04402.wav,"waxana uu xuduud la wadaagaa Gacanka Cadmeed, Jabuuti,Itoobiya,Kenya iyo Badweynta Hindiya."
COD_00248.wav,Ma aragtay mid waalidkii ka dhuunta si uu iyaga u xanuujiyo? 
COD_04239.wav,"Siddeed iyo labaatanka dayrood ee uu jiro inta badan dhulka wuu ka maqnaa, laakiin waa dhulkiisii."
COD_05849.wav,"wuxuuna ii sheegay nasiib darrada ka sii xun inay tahay in weli dhakhtarkaasi ka sii shaqeeyo cisbitaalka Hargeysa maanta,"
COD_01378.wav,Hadalka dadkii iga horreeyay ayaa dhammeeyay oo intii aan dhihi lahaa waa la yiri. 
COD_01928.wav,"Dec 16, 2008 ayuuna Raysulwasaare u magacaabay Maxamed Maxmuud Guuleed Gacmadheere oo isaguna asbuuc kaddib iska casilay."
COD_03301.wav,Waxa ay shabaab nooga reynayso nooga adkaanayso  wax kale maahan  waa shacabka waaye  
COD_04834.wav,"Dhawr jeer buu gabadha si sarbeeb ah u waaniyey, laakiin indhaxamil waa garabmariyey in ay si saxa u fahanto."
COD_04668.wav,Inaad dedaasho oo kali lagaagama baahno.
COD_04638.wav,"Ma mari kartid waddo aan toos ahayn adoo raadinaya nolol guulaysata, adiga oo aan go’aamin jidkaaga ama hadafkaaga. "
COD_03463.wav,"waxaana ka koobneyn 6 caruur ah oo illa dhalatay iyo hooyo iyo aabe, "
COD_03815.wav,Tagore wuxuu arkay isku dhacaasi inuu yahay kii ugu horreeyay ee dagaalladii casriga ahaa 
COD_03496.wav,hadana nooma aysan arwaaxi Karin Ilaah baa arxan ku filan.
COD_01476.wav,"Waxaan jeclahay in aan shaqeysto inta aan yarahay, oo aan isku filnaasho gaaro, noloshana wax ka barto."
COD_00107.wav,Guusha ka soo hoyatay xafladaasi waxay ahayd mid Raxma siisay kalsooni 
COD_00071.wav,"Mursal ma uusan helin waxbarasho heer sare ah. Waxa uu kaga baxay isaga oo aan dhamaysan sannadkii ugu dambeeyay ee dugsiga hoose,"
COD_01723.wav,"Haddii aan dhahno badda hadda ayaa la sharciyanayaa, macnaheedu waxa uu noqonayaa hore in aanaan waxba u lahayn."
COD_01497.wav,Gaarigaas caasiga ahna wuxuu bil walba ka qaataa canshuur khonton iyo shan dollar ah. 
COD_03645.wav,"Marka labaad ninkii aabaheey horteya ku dilay, hantideenii dhacay, walaalkey dilay, hooyadeey faraxumeeyey ayaa igga dhalay "
COD_03247.wav,"hala doorto lacagteedana waan ka daba keeneynaa, "
COD_07104.wav,si layaab lehna uu kaga guulaystay ciyaaryahanka u orda kooxda ee Ellis Cross ee tartankii London ee taban kun ee bishii May 
COD_03280.wav,"Alshabaab ayaa meeshey rabto weerarta, shabaabaa meeshii ay rabto qarxisa "
COD_01985.wav,Maalinkii aabbe dhintay subixii ku xigay ayaa nin qaraabada ah igu yiri Aabbahaa waa la soo duugay ee yaa badar ka sugee maa shaqaysatid? 
COD_01016.wav,Shacabku dabaallo ma aha ee dayac masuuliyadeed iyo in loo gefo oo caqligooda la dhayalsado yaan la isugu darin.
COD_02631.wav,ayna hadda heshay dhadhanka saxda ah ee Farxadda Qoyska ayna guranayso Miraha Jaceylka.
COD_03916.wav,Xaqqa allaah ha tuso hanuunka allaah ayaa hayo allaah ha u soo hanuuniyo 
COD_06420.wav,"Sidoo kale, Madaxweynaha ayaa ugu hambalyeeyay ciidamada xoogga dalka iyo kuwa Galmudug"
COD_00286.wav,Waxaa xusid mudan in isgoyska Barkaaruhu uu soo maray waqti haddii wax laga qaban lahaa uu u baahnaa boqolaal doolar oo kaliya laakiin maanta ay ku baxayso kummaan kun oo doollar.
COD_05892.wav,ayaa waxaa kormeeray koox kormeereyaal ahka kooban xubnaha labada dhinac iyo urur goboleedka IGAD.
COD_03427.wav,"lama bixin karo ruqsad ku saabsan isticmaalka si kumeel gaar ah ama abadiga ah ee berriga, badda iyo hawada sare ee Jamhuuriyadda Federaalka Soomaaliya."
COD_05859.wav,Waxaa qoray Mohammed Abdi Hassan Diridhaba
COD_03455.wav,Anagu jaamacad ma dhigano walaal dugsiileey aan nahay waxaas ma gaarin ma ahee waa ka hadli laheyn
COD_00771.wav,Daqiiqado ka dib waxaad arkee qofkii oo Story-giisa soo dhigay screenshot uu ka qaaday daqiiqadihii aad wada hadasheen.
COD_05339.wav,Shiribku waxa uu u kala baxaa qaybo kala duwan
COD_01933.wav,Isaga oo 5 sano jir ah ayaa waxaa naafeeyay xanuunka dabeysha. 
COD_02978.wav,"Maalin uu ninkii safar u baxay ayaa sidii caadada ahayd sheekadii la iska gudo galay, "
COD_06286.wav,iyo Askar ilaalo u ahayd Xildhibaan Jacfar oo ku sugneyd gurigiisa xiliga uu dhacayay qaraxa.
COD_03265.wav,"waxay uga tagtaa  saddex Raiisulwasaare  iyo sanad walba in dowlad cusub la keeno, "
COD_06965.wav,"Maalintii ugu dambaysay ee ay xog ka helaan waxay ku wadahadleen taleefanka xabsiga,"
COD_03238.wav,xilna waxaan ka imid aniga iyo xididkay oo wada yaalla.
COD_05363.wav,Marti iyo meydba waa la maquunshaa.
COD_04264.wav,Laakiin isla markii uu ka dhaqaaqay dhadhankii dhiigga ahaa afkiisa wuu ku soo noqday. 
COD_04473.wav,waxaa dalka ka dhacay afgembi militari oo uu hogaaminayey Maxamed Siyaad Bare. 
COD_06496.wav,"Waxaan alle uga baryeynaa Marxuumiinta janatul fardowsa, Qabriga allaha uwaasiciyo, Dambigooda allaha dhaafo, Aamiin Aamiin  ."
COD_06609.wav,"SAWIRRO: Madaxda dalalka Itoobiya, Kenya iyo Jabuuti oo soo gaaray Muqdisho"
COD_06120.wav,"Sababo badan ayaa jiray, balse waxaan soo qaadanayaa Dhawr qodob kuwaas oo mudan in loo iftiimiyo Bulshada."
COD_03698.wav,"Ugu dambayn, Madaxweynaha Jamhuuriyadda oo ku baaqay in la ilaaliyo xuquuqda shaqaalaha Soomaaliyeed, "
COD_05832.wav,"wuxuu ii sheegay askarigaasi in dhiigii ka qulqulaayay darteed goobtii uu fadhiyay la moodaayay sida neef xoolo ah oo lagu gawracay,"
COD_07033.wav,"markaan ahaa fasalka 4aad, ayuu yiri Khaliifa oo la hadlay BBC Somali. "
COD_03135.wav,Waxay tidhi haddii aad laanta soo qaadato madaxa ayaa ku maqan. 
COD_00996.wav,"Qaraabo kuma qarxin kartide, waxaad iska soo jaree: bal waa isla joognaa walaalkeeyoow."
COD_01899.wav,"Intii aan hurdayay ayaa arigii iga tegay, goor dambe ayaana hurdadii ka kacay."
COD_06282.wav,inkastoo uu qaraxa uu dhacay xili uusan gurigiisa ku sugnayn.
COD_00999.wav,"Adigii waxaad is dhahee: ninkaan waligiis wax kuma waydiin ee bal u fududeey, "
COD_05328.wav,"Falka waa eray muujinaya hawlgal la fulinayo oo ku salaysan xilli socda, tegey, soo fool leh had iyo jeer "
COD_02072.wav,Dhalinyaro joornaalladii iibinaysa ayaa daaqadda taagan. 
COD_07343.wav,Shacabkii waxay naf bideen in kuwii qarxinayey garsoor u doontaan.
COD_06531.wav,ee magacaabida xubnaha Golaha Fulinta Jubaland.
COD_01773.wav,Muufo si u kala korreysaa loo kala hor cunaa.
COD_04015.wav,U caawi dadka Si aad Adugaba Ujeceshahay In Laguu Caawiyo Markaad Dhibaateysantahay
COD_04250.wav,"Wuxuu ku liibaanayaa udgoonka kala duwan ee ubaxyada, xabagaha iyo doogga ka soo baxaya ee sankiisa ku soo ururaya"
COD_03792.wav,"marka uu arko inaaney gabar ahayn, laakiin waxa waajib ah in muddo taban cisho ah aaney ka badan, mudada celin ah."
COD_04707.wav,taasoo tusinaysa inay dareemayaan inay xakameynayaan xaaladaha.
COD_00533.wav,"Qoraagu waa guursaday waxayna isaga iyo xaaskiisu ku ballaameen inay nolosha la wada halgamaan oo mustaqbal fiican dhistaan, "
COD_05186.wav,Ma rumaysan kartaa arrintaa?
COD_04205.wav,"Ninkii beerta lahaa ayaa yiri waryaada beertayda tuugada dhamaysay waa idinka, "
COD_04604.wav,Akhri buuggaag wanaagsan kuwaasoo ku saabsan waxyaabaha aad nolosha adiga ka rajeynayso. 
COD_04571.wav,Guuldarro waa marka aad guuldarreysato oo aad wax ka baran wayso guuldaradaasi.
COD_02100.wav,"Lacag eeddo i soo siisay ayaan sitaa, balse ma rabo in ay iga dhammaato oo aan baabuur ka raaco."
COD_02311.wav,"waxaan idin ballan qaadayaa inta aan xukunka joogno inaan yeeli doonin in nala cabsiiyo oo dariiqa saxda ah nalaga leexiyo, "
COD_04382.wav,Wiil uu cigaal shidaad adeer u yahay ayaa ladilay 
COD_06033.wav,"oo naftooda u huray dagaalka argagexisadda, "
COD_02826.wav,Laan geed madaxiisa ku aadan ayayba kasoo lulataa.
COD_01551.wav,Gudaha kaamka waxaa ku yaallay saddex iskuul oo waxbarashadoodu free tahay. 
COD_01259.wav,"Xasan ballanqaadkaasi kama dhabaynin, boqolkii maalmoodna waxay dhammaatay isagoo aan xitaa beddelin taliska amniga. "
COD_05015.wav,"Waxaa uu u soo dhaqaaqay goobtii uu ka raaci lahaa baska, goobta oo aad u dad badan"
COD_05785.wav,"Waagii ingiriisku dhidbaha u taagay cisbitaalka Hargeysa,"
COD_00649.wav,"dhaqrka dhaqeyso, hawshii oo dhanna qabanayso, iyadoon midkoodna damqanin? "
COD_05422.wav,iyadoo isbuucaan mid ka mid ah shirkadaha ugu waaweyn ay iska bixin waysay deymihii lagu lahaa.
COD_00124.wav,Sahra waxay ku dhalatay dalka Canada balse waligeed meysan arkin wadanka waalidkeeda ay ka soo jeedaan.
COD_01146.wav,"Markii ay dhacday dowladdii Maxamed Siyaad, waxaa magaalada Muqdisho ka soo baxay dabley aad u naxariis daran "
COD_03000.wav,"Marka ciyaar la isugu yimaado ee la ciyaaro ayaa halkaa la isku baran jiray, "
COD_03979.wav,Noqo Mid Firfircoon 
COD_05188.wav,waxaa jiray wiil dhalin yaro ah kaasoo aad u jacelaa inuu mar noqdo qof guuleysto
COD_04838.wav,Mar buu ku fekeray in firaaqada badan uu Shaydaanku uga faa'iidaysanayo.
COD_02903.wav,"Odaygii gabadha dhalay kadib inta uu aayar iska baxay ayuu wuxuu lasoo noqday boqol halaad iyo waliba tiro adhiya, "
COD_06988.wav,"Haddaba dalalkaas, waxaa kaalinta ugu hoosaysa ku jrta Soomaaliya,"
COD_03395.wav,"ilaa intii uu ka qaangaaray, Markastana Hooyadii wuxuu ku oran jiray Hooyo Maalin uun maad abtigay i tustid intaa ifka wada joogno, "
COD_03908.wav,Sow ma ahayn inuu caddeeyo inuusan waxbarasho diyaar u ahayn waqtigiisana uu si kale uga faa'idaysto? 
COD_03096.wav,Fiidkii marka ay tahay ayuu xerooyinka xooluhu ku jiraan ku dul wareegaa. 
COD_02222.wav,Wuxuuna gacanta ku hayay warqad ay lambaradaasi ku qoran yihiin.
COD_00249.wav,Ma aragtay dhoocil hooyadeed ku tiraahda Haddii aan sidaan rabo lay yeelin waa lay weyn doonaa?
COD_01038.wav,Dadka Faysbuug laga yaqaan ee wax ku soo qoro iyo dadka qoraalladooda ku xiran dhib ayaa kala haysto. 
COD_00395.wav,"Si kuwa wax kufsada loo ciqaabo ma waxaa loo baahanyahay sharci deel-qaaf ah, oo ay ha'ado shaki leh maal-gelinayaan? "
COD_05758.wav,Markay hawshaas u xidhxidhanayaan ayay ku heesi jireen:
COD_01465.wav,laakiin hadda waa hallaabay oo wuxuu noqday meel dhaqanxumo lagu faafiyo. 
COD_00607.wav,"Inta uu ogaalkeygu ku egyahay, Axmed Nuur Jimcaale waa ninka kaliya ee aan ogahay ee shaqaalihii uu shaqada siiyey iyagoo sabool ah oo aan waxba haysanin "
COD_07046.wav,Markii hore Khaliifa ma aanu fahansanayn in feerku uu yahay xirfad shaqo amaba wax micno weyn leh 
COD_03423.wav,"oo xaq u leh in ay la wareegaan, iibsadaan ama kireystaan si hareer marsan dastuurka iyo qawaaniinta dalka;"
COD_05562.wav,"oo aasaastay, agaasimena ka ah shirkad soo saarta koobabka qaxwada lagu cabo oo dib loo isticmaali karo."
COD_05317.wav,Kal iyo laab furan ku shaqee
COD_00453.wav,kuwaasi waqtiga ay doonaan ayay qaadan karaan
COD_04569.wav,Waxaa laga yabaa inay ku hayso cabsi ah inaad ku guuldareysato ganacsiga haddii aad bilawdo. 
COD_00007.wav,"Beerta marka laga waramayo waxa ay martaa maraaxil kala duwan, midaas oo kale ayuu dhaqankuna maraa maraaxil lamida midda beerta."
COD_04826.wav,"Muuse, waa nin hawlo adduun kala xallinaye."
COD_04953.wav,"Markii dambe ee uu adkaysan waayey wicitaankeeda iyo farriimaheedaba, waa iska xayiray oo, baloog buu meel walba ka saaray."
COD_03750.wav,"In internet-ka la galo waa mamnuuc uu qaanuunku ogoleyn, "
COD_00537.wav,Waxaana la socotay gabar isaga xoogaa ka weyn.
COD_00651.wav,"Miyaadan arag wiil aan hawsha guriga ka socota wax kaalin ah ku lahayoo aan cunid, cabid, iyo hurdo ahayn? "
COD_00042.wav,"intii uu socday dagaalkii Black Hawk Down ee garabkii Jeneral Maxamed Farax Caydiid uu hoggaaminayay iyo Maraykanka dhex maray, seddaxda ilaa afarta Oktoober."
COD_00227.wav,"Dabbaal deg ayaan arkaa laakiin ma arag cid sharxaysa faa'iido la taaban karo oo dhaqaale, awoodeed. Yaa wax nugu dhaamma?"
COD_00544.wav,"Qoraagu wuxuu garan waayey wax uu ku hadlo, wuxuuna soo xasuustay inaan sheekadaasi ku cusbbeyn "
COD_02938.wav,"Si lama filaan ah ayaa waxaa loo xaday Silsiladii waxaana baadi goob ugu dhaqaaqay dhamaan dadkii Boqortooyada hoos imaan jiray, "
COD_01984.wav,"Sakaraadkii aabbehey ayaan ku mashquulnay, oo gaari-dameerkii waan iska gadnay. "
COD_03426.wav,"Maadaama Sharci Baarlamaanka Federaalku uu soo saaro ay xaddidi doonto baaxadda, "
COD_02582.wav,"Abul-Caas wuxuu ku dul ooynayaa qabrigii Zeynaba, "
COD_02080.wav,Bareefad ii muuqdo barxaddiisa waxaa taagan boqolaal arday. 
COD_06122.wav,Khawaarijtu waxa ay Magaaladaan u isticmaalijireen in ay ka dhoofiyaan kana soo dajiyaan dambiilayaasha Caalamiga ah
COD_03053.wav,Markay salaaddii dhameeyeen ayaa boqor hayaan qardhaastii tabay. 
COD_00469.wav,Allow ma gaarsiiyay? Allow markhaati ka noqo
COD_01784.wav,Qof kasta oo dhoolla caddeeya ma faraxsana. 
COD_04732.wav,"Waxqabadka shaqada, waxay doortaan wax-siinta. Waxay aaminsan yihiin inay horumariyaan naftooda iyo sidoo kale kuwa kale."
COD_03797.wav,waxana Dadka ku dhaw-dhaw ay shegen in ay maskaxdiisa taam ay tahay oo uusan waalneen 
COD_00252.wav,"Badso ama yareyso, suuska aad ku amaahato ayaa luguugu gudi doonaa."
COD_06139.wav,"sidoo kale waxaa Magaalo ahaanteeda ku tiirsan dhul aad u balaaran oo dad farabadan ku noolyihiin,"
COD_01114.wav,"Wuxuu soo iibsaday qori, wuxuuna billaabay in uu ka dhiciyo qofkii lugu maago meelaha u dhaw gurigiisa iyo dukaankiisa. "
COD_05296.wav,Meeqa heer ayay mari-karaan marka ay is beddelayaan?
COD_02730.wav,Wey wada cayaari jireen. Waxay u dabaal tagi jireen webiga. 
COD_01310.wav,mana illaawin habeenkii aan adiga iyo Zakariye idiin raacay Internet Cafe
COD_01000.wav,"5ta bisha inta la dhaafo ayaa 20ka la gaaraa. Bisha aakhirkeeda ayaad wacee, asuu bisha kale 5teeda ku ballaminaa."
COD_04650.wav,Si aynnu u guulaysanno ugu horrayn waa in aynnu aaminnaa in aynu guulaysan karno.
COD_05264.wav,"wax ku dhufasho, dharbaaxid ama laadid"
COD_00460.wav,inkasoo hadda lugu xantamo in shahaaddadii laga iibsado wasaaradda
COD_03482.wav,"waloow ay tuugadaasi arxanka darnaa ay aabeheey ka qaateen dhamaanba furayaashii, "
COD_03269.wav,dhibku golaha shacabka maahan  dhibka waa madaxda la doorto  oo dadka quus gaarsiiya .
COD_04080.wav,"mid kalaa codsaday daqayda, midba cad gaar ah ayuu codsaday."
COD_03505.wav,"laakiin ninkii kooxdaasi tuugada madaxa u ahaa ee aahabeey dilay, hooyadeey soo faraxumeeyey wuxuu go’aansaday inuu keligiis i heysto "
COD_03555.wav,"Waloow tuugadii ninkeyga ay ku guuleysteen in ay soo dhacaan hal gaari oo jaad ah, "
COD_06255.wav,iyagoo qaarkood dhaleeceynaya tababaraha kooxda Chelsea Garham potter
COD_01179.wav,Arrinta layaabka leh waa in waxaas oo kale aysan cabsi iyo dareen weyn na gelinayn oo ay xisadii noo sii socotay. 
COD_00351.wav,"Maadamma uusan ahayn mid markii horaba aragti bisil oo sal adag ka qabay diinta, "
COD_00085.wav,"wuxuuna soo gudbiyay gabay uu ugu magac daray Qaranimada, kaasoo ka hadlaya arrimaha qaranimada iyo gumeysiga."
COD_02819.wav,Markaas ayuu libaaxii rumaystay waxay dawacadu sheegaysay oo cunay waraabihii. 
COD_04568.wav,Waa goorma wakhtiga saxda ah ee la bilaabi karo ganacsi?
COD_05546.wav,Wuxuu sheegay in dumar badan ay bartilmaameedsanayaan goobtiisa
COD_04630.wav,Laakiin qof walba waxaa haysta hammi iyo wax ku weyn maskaxdiisa ama maskaxdeeda.
COD_05637.wav,"markii ugu horraysay ee uu Bismillaahi yidhiba waxaa naarti laga soo saaray aabbihii,"
COD_03522.wav,markii uu dagaalkaasi socday muddo bil ah ayuu ninkii i heystay uu taabsaday guri ay ka qaxeen dadkii lahaa 
COD_02193.wav,balse way ka sii dartay. Sidaadna waxaa ku soo billaawday burburka iyo silaca Suuriya naafeeyay.
COD_02888.wav,Gabadhii ayaa iyada oo yaaban saygeedi ku tiri ninkan aan dariska nahay ayaan bal u tagi inuu wax nagu dhaamo.
COD_01829.wav,"Waxa ay igala weyn tahay malaayiin nin oo gar iyo shaarbo leh, "
COD_03160.wav,Ninka martida loo ahaa ayaa waxa uu lahaa adhi badan iyo laba halaad oo irmaan oo isku sidkan. 
COD_03945.wav,"oo jiradan dhan aadanba qabin, oo aad tahay qof caafimaadkiisa taam ah, "
COD_00926.wav,"Raagaceelle ayaan soo istaagnay. Kun shilin ma wadanno. Kaarigii gaariga ayaa taar diray, "
COD_03736.wav,oo ay bixiyaan muuqaal cajiib ah fasaxa ugu fiican Yurub. 
COD_06345.wav,"sida lagu sheegay warbixin hore sir u ahayd, hase ahaatee haatan la baahiyey."
COD_00151.wav,Ugu dambeyntii ciyaarta ayaa ku dhammaatay barbardhac hal iyo hal ah ay ku kala baxeen labada kooxood Nottingham Forest iyo Chelsea
COD_02261.wav,Shirkaan wuxuu shaqadiisa baray Telefishanka Qaranka SoomaaliyeedSNTV oo waayahaan ku hadlayay afka Nabad iyo Nolol. 
COD_05735.wav,Anna dhabarkiyo Meel dhexdaasoon
COD_00572.wav,"qasab maaha inaad wax lacag ah ku qaadataan, waxaa muhiim ah inaad gaarto khibrad iyo kalsooni"
COD_00555.wav,Ma xasuusata inta jeer ee adigoo ciyaaraya oo wax tuuraaya aad qof jidka maraaya ku dhufatay?
COD_02361.wav,Bismillahi Raxmaani Raxiim.
COD_03765.wav,"waa fikrad la yaab leh oo dadka kale agtooda aan laga aqbaleyn, "
COD_07198.wav,kaas oo ku eg muddo soddon maalmood ah.
COD_00797.wav,"Afhayeenkii Hawlgallada ee Maxkamadaha Cabdiraxiin Ciise Caddow ayaa iridka Gaashaandhigga kula hadlaya dadweynaha iyo saxaafadda, "
COD_02980.wav,"Markuu ninkii soo laabtay ayaa shimbirkii wuxu ku wargaliyay in wiilka yar uusan guriga ka dhamaan, naagtana ayay xidhiidh leeyihiin."
COD_00182.wav,"Daqiiqadii toddobaad Barcelona ayaa hoggaanka u qabatay ciyaarta kaddib markii uu hal iyo eber ka dhigay Marcos Alonso, waxaana ka caawiyay Christensen."
COD_04367.wav,cigaal naagtiisii buu ku yiri naa iga qabo afar foolaha rag la iskuma sii daaya oo gadaal gadaal u cararay 
COD_05043.wav,ka hor kulanka xasaasiga ah ee ay labada xul wada yeelan doonaan koobka adduunka.
COD_05829.wav,"waxaana ay xabadi kaga dhacday lugta midig, waxaana loo qaaday cisbitaalka guud ee Hargeysa."
COD_00856.wav,"Ka xaaxaabi ayaa ka dhacday. Wax aadan naftaada u quurin, ha u doorin qof kale, saaxiib."
COD_06058.wav, Deegaan walba oo shabaab laga qabsaday deegaanka dariska la ah waxay halis u yihiin inay kusoo faalalaan 
COD_04426.wav,"26 june, 1960 Soomaalida Waqooyigu waxay ka xoroobeen Ingriiska. "
COD_07045.wav,ayuu yiri khaliifa oo sheegay in uu xiligaas ahaa 11 jir.
COD_02223.wav,"miisaankuna waa free oo lacag kaama rabo haddii uu miisaankaadu noqdo: 46 kilogaram, 51 kilogaram, 61 kilogaram, 72 kilogaram ama 84 kilogaram. "
COD_05505.wav,waxaa lagu soo daraa nuqul ka mid ah warqaddii ugu horeysay ee dadkii shirkada saamiga ku lahaa.
COD_02776.wav,"markaas ayey ku yiraahdeen, waxaanu u baahan nahay cunto, biyo, iyo guri aanu seexanno."
COD_01732.wav,"iyadoo aaminsan inay inta kale ka saxantahay, ka fiicantahay, kana gar leedahay. "
COD_01280.wav,war waan u sheegay ee waxaa meeshaan joogo baariiste madaxadag oo qaraabokiil lagu keenay ee i sug sokor ayaan kuu soo qabanaahe. 
COD_06269.wav,Halkaan hoose ka dhageyso wareysiga:
COD_02804.wav,"Laakiin haddii aadan lahayn carruur kale oo walaalahaaga ah, ha dareemin inaad kaligaa tahay, "
COD_02032.wav,Xasan Abshir Ilaahey Jannadii ha geeyo.  
COD_07168.wav,inta ka hartay xilli ciyaareedkan.
COD_03399.wav,intay faraskiisi u heenseesay ayey jidka ku soo riday lana dardaarantay 
COD_02650.wav,"Naayaahee, Ninkaada adigoo ku kacsan ayaa iigu kaa dambeysee, warka igu dhoob hee, "
COD_01359.wav,"Halgan adag ayaan galay oo subixii sida aan u kallaho ayaan habeenkii saqdhexe soo hoyan jiray anigoo rafaadsan, "
COD_03586.wav,"oo waxaan ku farxay inuu Ilaah faraj ii furayo, "
COD_02660.wav,Waryaa Bashiiroow Qoftaan Indhaheda ayaa iga dhex-baxay ee hal Qalin-Sunni ah usoo qabo anaa Lacagtisa qabee ayu Kaftankodi kusoo dhamaaday.
COD_04349.wav,"Isku soo wada xaaxaabiyoo, waxaa la oran karaa damacii dhulballaarsi iyo darbigii aqoonsiga ee Somaliland ay dhisaysay muddo shan iyo taban sano ah wuxuu ku dumay maalmo kooban "
COD_05939.wav,xilli qaarkood ay ku xariiraan carruur ay waxbarashada kaga bixiyaan waxa ay ka helaan Shaaxa ay ku iibinayaan maqaayadaha.
COD_00278.wav,"Waxaa xusid mudan inay jirto lacag loo uruuriyo dhisamaha waddooyinka Muqdisho oo ku dhacda qasnadda guddiga dhismaha waddooyinka,"
COD_03697.wav,oo door weyn ka qaadanaya horumarinta shaqaalaha Soomaaliyeed.
COD_04913.wav,"Ma aysan xirine, isagii ayey sii baarbaartay."
COD_02225.wav,Wuxuu istaagay waddo ay ku soo rawaxayeen dad suuqa ka soo hoyaaday. 
COD_02419.wav,shacabka Soomaaliyeed inaan u dhawaano waaye cidda shacabka Soomaaliyeed udhaw ayaa guulaysanaysa.
COD_00885.wav,Waxaan shirka ka soo saaranahay gaari Inataree ah oo Xamar u soo socdo. 
COD_05283.wav,Qashinka jirkeenna ku jira oo ay dibadda u saaraan.
COD_05480.wav,Taajirnimo: Sidee maalqabeen ku noqon kartaa? raac taban qodob
COD_03875.wav,ma jiro mowduuc muhiim u ah warbaahintayada ama hadalkeenna siyaasadeed. 
COD_03032.wav,"Wuxu yidhi soo dhawow, arrinkiina diyaar ayaan u ahay oo inaan ku guursado ayaan rabaa. "
COD_02694.wav,"Naa Shilin yuusan Shilin kale u qaban oo ku fur Munaasado aad Lacag uga qaadi karto oo ka faa’iideyso Jaaniska aad Maanta heysato, "
COD_02046.wav,Anigoo uur leh ayaan shaqado ka dalbaday shirkadda ii kaa keentay.
COD_01893.wav,sababtaas ayaan ugu tegay shaqada Dowladda. 
COD_03398.wav,oo jilib xiran baan ahee ee abtigaa waa ku tilmaamayaaye aad 
COD_03673.wav,Arrintani waxa ay ihaano xooggan ku tahay jiritaanka dowladnimada curdunka ah ee Soomaaliya. 
COD_03123.wav,Riyuhu waxay geela ka sawaabiyaan soofka dheer iyo saloosha
COD_01878.wav,"Markii lagu soo jabay dagaalkii 1977dii dhexmaray Soomaaliya iyo Itoobiya, wuxuu Maxamed Siyaad ka baqay in xukunkii laga afgembiyo, "
COD_02089.wav,Boolbiraha iska dhaafa ee aan baraafuunkaan marsanno si uu sawirkeennu u carfo. Baraafuunkii ayayna isku jabiyeen.
COD_03909.wav,"Muxuu naftiisa u siraa, dad kalena qarash uusan waxba ka faa'iidayn u gelinaa maadaama uu qaan gaar yahay? "
COD_02230.wav,Wuxuu ahaa hoggaamiye geesi ah iyo aftahan uu gabaygu u ahaa hub uu ku dagaallamo. 
COD_00289.wav,Laakiin markuu u yimaado ayaa hadalku ku dhegi jirey oo wuxuu dhihi jirey Waxaaro naga dhumey lumey aan jerihaayey ee walaaley ammaad waxaro aragtay?. 
COD_06252.wav,Kooxda Chelsea waxaa dhaawacyo kaga maqan inta badan safka ugu muhiimsan kooxda waxaana arintaasi ay caqabad kunoqon kartaa fursadda kooxda blues
COD_04651.wav,Noqo qof hadaf ka leh nolosha
COD_04255.wav,Wuxuu dhinacyada u kala bixiyey laamo aad u laxaad weyn oo ay mid waliba kelideed geed gooni ah noqon kari lahayd. 
COD_03143.wav,"Magaca dameer ayaa wuxuu u taaganyahay bilaa mico, doqon amma wax xun. "
COD_02446.wav,ayna meel iska dhigaan dadka taariikhda uga jira baalka madoow. 
COD_07311.wav,Paula waxa ay ka mid ahayd kuwa la doortay.
COD_06506.wav,ku tilmaameen mid Geelle ku doonayo inuu u sii adkeeyo Xasan Sheekh Maxamuud xulufada dawladdiisa.
COD_04907.wav,Saaxiibteeda kale waa ay bartay.
COD_07285.wav,Wallace waxa uu ku tilmaamay  cagajugleyn ama awood muujin wuxuuna sheegay in ay ka dhignayd sida: 
COD_02433.wav,waana wax muhiima ah in looga daydo  insha allaah  hadduu ilaahay  
COD_05314.wav,Hantidu waa deeq Alle bixiyo.
COD_01758.wav,"Arrinkii wuxuu noqdey mid lala yaabay, wuxuuna isla markiiba gaarey xaakimkii magaalada oo ergo hubsiimo ah soo direy. "
COD_00549.wav,"Gabadhii yareyd waxay si kalsooni leh u qaadatay bacdeedii waxayna tiri Mahadsanid, saaxiibbadey oo dhan waa kaaga sheekeyn doonaa"
COD_02904.wav,kolkaasuu ku wareejiyay wiilkii uu soddoga u ahaa iyo gabadhiisii. Sidaa ayay reerkii caydhii iyo saboolnimadii kaga baxeen
COD_02051.wav,"Marka aan isla lisayo waan ilmeeyaa, waayo waxaan ogahay baahida uu cunuggaygu u qabo caanahaas aan musqusha ku qubayo."
COD_01626.wav,Intii aan dhakhtarka sugayay ayaan ku soo wareegay qeybaha isbitaalka. 
COD_05041.wav,"Hurdo ayaan iska dareemay, daal-maskaxeed awgiis, waxaan u luuday dhankii qolka hurdada."
COD_01622.wav,"Wuxuu astaan iyo tusaale nool u yahay hal-abuurka, halganka, adkeysiga, ammaanada, iskutashiga, garashada iyo waxquurka. "
COD_04229.wav,Xataa xalay markii uu cidlada joogay wuu faraxsanaa. 
COD_03327.wav,illeen musuqmaasuq micnaheedu waa tuug  diinteena ma ogola  
COD_04713.wav,Maareeyayaashu waxay u baahan yihiin inay ku daraan xaalado adag oo ka kooban arrimo muhiim ah iyo kuwo aan macno lahayn. 
COD_00498.wav,"Haddaba wiilow, gabarey isxisaabi, xummaanta iyo sammaanta isma beddelaan, laakiin wax is beddela waa dadka. "
COD_06830.wav,Xubno ka tirsan Al-Qacida oo lagu dilay weerar ka dhacay Yemen
COD_03476.wav,"si xun ayey u dhaawaceen isagoo dhiig baxaaya ayuu kushiinka aktiisa ku rafanayaa, "
COD_02597.wav,haddii xaalkeda wax iska bedeli waayaan waan kulasoo xiriirayaa ee hal Asbuuc kaliya iga war sug adigoo Mahadsan
COD_04158.wav,Wuxuu ka shakiyey in qawlka Garaadka afkiisa kasoo degay iyo ka dhagihiisu maqleen ay isku mid yihiin. 
COD_05166.wav,"Waxaa laga yaabaa in qaar ka mid ah ilkahaaga ay qalloocdaan, lakab uu ku jiro ama ay jajaban yihiin,"
COD_00516.wav,"Dad-xunku waa barambarada iyo duqsiga oo kale, waxay faafiyaan qurun, waxayna soo saaraan qurun"
COD_05185.wav,Si aannu sawirkani inoogu noqon mid mala awaal ah
COD_00287.wav,Waxaan maqli sheeko nin dhallinyaro ah oo ari jir ah oo aad u jeclaa gabar ay deris ahaayeen laakiin uusan weligii u sheeganin. 
COD_02096.wav,Koox dhalinyaro ah ayaa derbiga shaleemada ka fiirsanaysa akshinka filin caawa shaleemada ka bixi doono. 
COD_04710.wav,Rumaysadkani waxa uu ku beeraa kalsooni in ay sameeyaan wax ka wanaagsan iyo ka wanaagsan.
COD_02658.wav,"Cosmetics ay iibsaneysay ayaa loo qiimeeyay, intay Lacagta tuureysay ayay Qanciye erayo kaftan ah ku tuurtay, "
COD_03852.wav,"Xaalufinta dhirta ayaa dardar gelisay qalalaasaha ka dhex taagan dagaalka iyo, gubista qashinka iyo habab kale, "
COD_00373.wav,"una noqdo mid ay ku daydaan, una arkaa nin waxbartey adduunkana waaya-aragnimo kale yimid. "
COD_06339.wav,Warbixin sir ah oo la baahiyey: 'Maraykanka oo shaaciyey shan boqol iyo taban walxo duula oo aan la aqoonsan'
COD_00046.wav,15 Oktober 1969: Waxa shirqool lagu dilay madaxweyne Cabdirashiid Cali Sharmaarke
COD_00011.wav,"waa midda koowaade; deeggaanka dhulka, ay bulshaddu ku nooshahay; labo, is-maamulka bulshadda."
COD_00053.wav,29 October 2008: Waxa uu qarax lagu le’day ka dhacay magaalada Hargeysa.
COD_00661.wav,Habeenkii iyagoo lacagtii laga wada sugayo ayuu Faysbuug ku soo qorayaa 
COD_01417.wav,"Markii aan guriga tagnay wixii nagu dhacay kama sheekeyn karine, waxaan cidda u sheegnay in tuug taleefankii naga soo dhacay."
COD_04986.wav,"Waxaa caqliga tegsiiya dalabaadka badan ee dadka kaga imanaya, buunbuuninta kooxaha danaha ka leh."
COD_02087.wav,Maamulka Footadu waxay ku mashquulsan yihiin qancinta gabar oynaysa oo loo sheegay in sawirkeedii gubtay. 
COD_04736.wav,Tanni waxaa laga yabaa in aad la yaabbto waxan loola jeedo bulshooyinka sirta ah. 
COD_02169.wav,"Si kasta oo maanta la isugu dayo in libintaas la afduubto, shacabku way oyihiin, taariikhduna way xusi doontaa, "
COD_00971.wav,"Shiid iyo hunguri ayaa meeshaas la galay, shaqo kalena ma rabyo oo wuxuu helay si fudud oo uu sanad kasta lacag uga aruursan karo shirkadihii shaqooyinka u soo diiday."
COD_00654.wav,Wiilkaas ma wanaaggiisa ayaan ka shaqeynay mase dhibkiisa?
COD_03932.wav,waxuu arkay magalda oo dhalaalayso waxuu dhahay waad jogta marayka 
COD_02059.wav,Waxayna sheegtay in ay u nooleyd sidii ay u noolaan jirtay. 
COD_03869.wav,Ifafaalaha dagaalada aan dhamaadka lahayn iyo isbedelka cimilada ayaa ka faa'iidaystay dano kale oo la wadaago: danta guud. 
COD_02993.wav,Ninkii shimbirkii ma rumaysan oo halkii ayuu ku gawracay. 
COD_04724.wav,Waxaa lagu aqoonsadaa shaqadooda ee ma ahan kuwa hadla oo kali. 
COD_04748.wav,muddo ka dib waxaa ii suurta gashay in si qurux badan u dhameysto claassyada ama Simisterada ay ka kooban tahay jaamacada.
COD_06053.wav,Jubbaland iyo KGS oo loogu baaqay inay dagaal ku wajahaan firxad Al-Shabaab ee dhankooda soo aaday
COD_02172.wav,Internet Cafekii ayaan ku soo laabtay. Lambarkaygii ayaa la yeeriyay. 
COD_00593.wav,Dadka qaarkood waxay sameyaan adkayn aan loo baahnayn iyagoo isku dayaaya inay loo fahmo inay muhiim yihiin
COD_06788.wav,"Xafiiska xeer ilaalinta ayaa lagu soo wareejiyay eedeysanaha dabayaaqadii November, "
COD_05001.wav,Waan xasuustaa markii iigu horreysay ee aan muuqeeda arko
COD_06059.wav,"oo mushkiladii darteed loo soo saaray ay ka abuuraan,"
COD_06941.wav,"sidii dhacday xilliyadii dagaallada Ciraaq iyo Afghanistan, waxay noqon doonaan xeelado laga soo gudbay."
COD_04247.wav,Maanta uma baahna in uu waxaas ka fekero waayo wuu faraxsan yahay. 
COD_04271.wav,"Halkaa wuxuu ku arkay dhar dumar oo yaal, doogga ayuuna ku gabbaday oo eegmada ku daydayay bal cid meesha joogta. "
COD_06836.wav,Dowladda Federaalka Soomaaliya ayaa si xooggan u cambaareysay
COD_02000.wav,"Madaxweyne Xasan Shiikh wuxuu kiiska badda u maareeyay si xilkasnimo ah, "
COD_02371.wav,"waxaana jira ammni darro baahsan ciidankii qaranka oo daryeel lahayn  nidaamkii dhaqaalaha oo burbursan  cadaalada darro iyo musuqmaasuq baahsan, "
COD_01382.wav,Waan ku faraxsanahay in uu wiilkeygu kaalinta koowaad u galo ardayda Soomaaliyeed. 
COD_01206.wav,"kaddibna bajaajtiisii ayuu iibiyay, si dawada walaashiis loogu kabo."
COD_06534.wav,Wareegtadani waxay dhaqan galaysaa marka Madaxweynuhu Sixiixo wuuna sixiixay.
COD_05588.wav,waxayna furatay meherad lagu iibiyo qaxwada.
COD_01746.wav,Meesha Uu Ka Billowdo Maqaamka Muqdisho
COD_04435.wav,Maraykankuna wuxuu isla xiligan kaalmo dhaqaale iyo mid milateriba siiyey Itoobiya.
COD_04776.wav,waxaana dilkiisa loo addeegsaday dalad lagu farsameeyay waybaabo badan oo ay ka mid tahay sunta nuuca ugu khatarsan.
COD_01541.wav,"Fasalka oo dabaq ku yaallay ayaan galnay, waxyar kadibna waxaa noo soo galay caseeyihii oo cagacaddeynaya oo kabihii gacanta ku wado, "
COD_05286.wav,Kuleylka ama qabowga jirku u baahan yahay oo ay isu dheeli tiraan.
COD_00423.wav,"Run ahaantii xasuus ahaanna ma koobi karo macallimiinteydii, tiro ahaanna aad ayay u badan yihiin"
COD_02747.wav,Maalmo kaddib ayaa mar kale hooyadii tidhi hooyo maanta lacagta way nagu yar tahaye bal waxaad inoo soo iibisaa hal xabbo oo digaagad ama dooro ah.
COD_01089.wav,Odaygii iyo ehelkiiba filin horor ah ayuu u shiday. Waxaas waa magaalajoogxumo walaalayaal. 
COD_04610.wav,Laakiin inta badan dadka horumarka sameeyey intooda badan waxay leeyihiin dhaqanno u fududeeyey inay guulaystaan.
COD_00563.wav,"iyagoo aysan xisaabta ugu jirin degmooyinka, tuulooyinka iyo baadiyaha fog."
COD_03041.wav,Boqor hayaag ayaa waxa loo sheegay in uu wiilkan yar eecaqli badani la wareegi doono boqortooyadiisa.
COD_01466.wav,Dadka TikTok joogo ee cayda iyo dhaqanxumada lacagta uga sameeyo Ilaahey shaqo ha u sahlo. 
COD_01823.wav,Tobaneeye sano ka hor ayaan isku barannay dalka Ingiriiska. 
COD_01686.wav,in aan maanta kaliya gaajoonno ayaan ka doorannay in ay curaddaadu berri jaamacad iska diiwaangeliso. 
COD_05248.wav,Isku tababar in aad kala garatid in uu welwelkaagu yahay mid ‘ku saleysan wax jira’ ama uu yahay ‘welwel male awaal ah’.
COD_03263.wav,"waxaa ka mida  isbadal aan macno lahayn, "
COD_00604.wav,"Waxaa mudan inaad mowjadda beddelato markaad bulshada oo dhan la hadlayso, adigoo maskaxda ku haya kala maanka beelaha. "
COD_01602.wav,Hey'ad shirkaddiisa u qaabilsan samafalka iyo taakuleynta dadkeeda ayuu sameeyay.
COD_00933.wav,Waxaan soo marnay garoonka Cisilley. Dad badan ayaa tuban. Malaha diyaarad ayay sugayaan. 
COD_06135.wav,Khawaarijtu waxeey u isticmaali jirtay Magaaladaan in ay ku kulmiso kuna cabsi galiso Odayaasha Dhaqanka
COD_07262.wav,Anagu waxaan dareensanahay Soomaalinimo in anagoo Soomaali aan heerkaa gaarno
COD_02940.wav,"waxaana Mucjiso ku noqotay dadkii sidii loo qaaday Silsiladii Inanta Boqorka, "
COD_01483.wav,"Waxaan xusid mudan sida ay uga warqabaan carruurta ay ka tageen saaxiibbadoodii geeriyooday, oo ay sannad kasta ciidsiiyaan."
COD_01715.wav,"dhibka na haystaana waxay tahay annaguna ma ogin, oo kama war hayno, "
COD_00230.wav,"Wixii wanaag ah oo aad u samayso waa keyd u yaalla naftaada, qoyskaaga iyo carruurtaada. "
COD_02276.wav,Waxaana gaaray heer aan dumarnimadeyda ka shakiyo. 
COD_07110.wav,Walax cagaar ah oo dhawaan hawada sare lagu arkay oo ku soo dhawaanaya dhulka
COD_03690.wav,"Waxaan ku boorrinayaa in ay dadaalkoodii sii labo jibbaaraan, "
COD_05139.wav,Ma ogtahay in wiilka Yemeniga ah uu neceb yahay siyaasadda iyo hadal haynteeda?
COD_05402.wav,Nasiib wanaag waxaan ku guuleystay koobab badan oo heer caalami ah
COD_01937.wav,Balse duruufta dhaqaale ayaa u diidday in uu Jaamacad dhigto.
COD_00246.wav,"Haddaba, ma lagaa yaabaa inaad caasi waalideen tahay adigoo aan is ogayn?  "
COD_05812.wav,"Sannadahii kun sagaal boqol sideetan sideedkii ilaa kun sagaal boqol sagaashan iyo afarkii dalka waxaa ka dhacay dagaalo kala danbeeyey,"
COD_02752.wav,"Waa sheeko ka mida kuwii juxaa, Juxa ayaa dameer uu lahaa suuqa keenay sii uu u iibiyo. "
COD_05559.wav,Wuxuu i dhahay tani waa fikraddii ugu xumeyd ee aan waligey maqlo'
COD_04486.wav,"Waxa aan doonayaa hadyad hooyaday u iibiyo,"
COD_00271.wav,"Aaad ayay u mahadsan yihiin intii gacan ka geysatay oo xoog, hanti iyo waqti gelisay. "
COD_05538.wav,wuxuuna u dhabar adeygaa shayga uu u arko in horumar lagu gaarayo.
COD_07003.wav,Su aashaas ayay BBC-da weydiisay  Cabdi Nuur Cali Maxamed oo ah madaxa kulliyada Dhaqaalaha ee Jaamacadda SIMAD ee magaalada Muqdisho.
COD_03403.wav,"Wiilwaal oo aha nin fiiro dheer ayaa markiiba hubsaday wiilkani yahay Wiilki la sheegayey ee u abtiga u ahaa, "
COD_03274.wav,"ee kaliya la xasuusto maalinta mooshin loo baahdo  ama cod laga rabo  waa dhaqan xun, "
COD_06329.wav,"Ingiriiska, Shiinaha, Faransiiska, Maraykanka iyo Ruushka. Sidoo kale waxaa jira dalal la doorto labadii sanoba hal mar."
COD_01201.wav,"Waxaa marar badan caqabad ku noqday dagaalkii Itoobiya, "
COD_06631.wav,Waxaan ku xasuusinayaa gabaygii uu tiriyey Allaha u naxariistee
COD_07284.wav,balse labada dhinacba waxay ogaayeen inay been tahay.
COD_03665.wav,"inta aan kalla sheekeysanayey waxa ku dhacayna waa ay ooyneysay, "
COD_01757.wav,"waxayna qaarkood ku sigteen inay garaacaan, laakiin waxaa ku hagoogtey Faay iyo xaajigeeda oo lugu yiqiinnay dulqaad iyo ikhyaarnimo. "
COD_04345.wav,"siiba magaalada caasimadda ah ee Laascaanood, kuwaas oo ku biiray kacdoonka Somaliland looga saarayo gobolka."
COD_03917.wav,hooyo waa beer wax dhalay hadana iska daay maanta dab yar haduu gubo ka wal waleyso.
COD_02315.wav,"Xassan Cali kheyre wuxuu booqasho ku tagay maagaalooyin badan oo Soomaaliya ku yaalla, "
COD_02656.wav,"Hadalkaasi Carawelo meel ayuu ka taabtay, "
COD_05659.wav,iyo ka hortagga dadyowga soo faragaliyay midnimada iyo qaranimada dhulkooda.
COD_05882.wav,"Ciidamada Tigreega oo dagaal socday muddo laba sanno ah kula jiray dowladda federaalka Itoobiya,"
COD_06570.wav,Hada ka dib gobolka banaadir aydii kaar baa lagu soo gali doonaa.
COD_04708.wav,"sidaa darteed, xaaladuhu ma xakamayn karaan."
COD_06362.wav,Erdogan oo ka dalbaday Sweden iyo Finland inay usoo gacan geliyaan boqol iyo soddon qof
COD_03473.wav,"shanttii kalana banaanka ayey ku sugaayeen si ay difaac ugu sameeyaan kuwa guriga soo galay, "
COD_03441.wav,iyo danaha wadajirka ah ee ka dhexeeya Labada Shacab ee Walaalaha ah.
COD_05057.wav,Ee naxariis guud iyo mid gaaraba naxriista
COD_07323.wav,Waxaan u malaynayaa inay sabab u tahay saamaynta nasinta muruqa.
COD_05335.wav,Sheeg sababta uu u curiyay gabyaagu gabayga?
COD_05970.wav,Arsenal oo sii dheereysatay  hoggaanka Premier League kaddib markii ey ka adkaatay Brighton
COD_04009.wav,Ilaali Amaanada Iska Hubi Wixii laguu Sheego
COD_00440.wav,"Waxaa jirtay sheeko Soomaali sheegta in berigii hore dhurwaagu uu aad uga  cabsan jirey dambeerka, "
COD_00072.wav,waxaanu noqonay xoolo dhaqato sida reerkiisa intiisa kale.
COD_01503.wav,Jaamacadda ayaan isla soo dhigannay arday wax ka baranayay mashruucan oo ay ula baxeen Tigaad Foundation.
COD_05313.wav,Burburka Soomaaliya oo naf iyo maalba leh maxaa sababay?
COD_04322.wav,"Maahmaah Soomaliyeed ayaa tidhaa, talo walaalkii diide, turunturo ma waayo."
COD_05713.wav,aniga aakhiro ha igu durduriso e iskaga tag 
COD_05297.wav,"Barashada mas'uuliyaddu waxa ay qof walba ka kaalmaysaa sidii uu ku garan lahaa qaybta uu ka joogo dadweynaha uu ku dhex nool yahay,"
COD_07167.wav,"Sida la fahmi karo, waxaa jiray howlo badan oo ay suuqa ka sameeyeen kooxaha isku dayaya in aysan ka bixin horyaalka "
COD_02151.wav,"Shirku wuxuu ahaa mid siyaasadeed, waxaase siyaasiyiinta ugu badnaa dadka ka socday bulshada kale."
COD_07224.wav,Jilaagii koowaad iyo soosaarihii filimka.
COD_05151.wav,"Beeraleyda khaadka ee Kenya ayaa cabasho arrintas la xiriirta u gudbiyay madaxweynaha Kenya, oo balanqaaday in uu wax ka qabanayo."
COD_06675.wav,Ninku marka uu kibirku ka bato waxuu noqdaa daaquud.
COD_00052.wav,23 October 2020: Dad shacab ah baa lagu dilay degaanka Basra ee Shabeellada Hoose.
COD_02496.wav,"oo ay dowladda la dagaalaan balse aysan dowladnimada dalka dhaawicin, "
COD_00340.wav,"Wuxuu ku suntanaa kibir, xishood yari, fudfudeyd iyo harawsiga xerta isaga ka yaryar. "
COD_05633.wav,"kii yidhi masaajid baan dhisina isagoon wali dhammaystirin ayuu dhintay,"
COD_04238.wav,Duunyadu dabjoog iyo duurjoogba waa ay hamuungoysay oo inta ay daaqayso waxaa ka badan inta ay fadhido ama laacdamayso. 
COD_02562.wav,Kuushii ayay dhiibtay si Abul-Caas loogu soo furto. Nabiga oo xoolihii madaxfurashada gedgeddinaya ayaa ka dhex aqoonsaday kuul xusuus weyn ku leh qalbigisa. 
COD_04374.wav,"markaasuu naylihii hor cararay asagoo tafta haysta oo oo si xoog leh u neeftuuraya, "
COD_00494.wav,Ma laga yaabaa wax markii hore aad ka yaxyaxi jirtey inay maanta kula yihiin caadi?
COD_01792.wav,"Ka feejignow inaad kalsoonidaada kula degdegto qof aadan aad u aqoonin, una sheegto wax aad berrito ka shallaydo. "
COD_05060.wav,Ee nagu hanuuni jidka toosan.
COD_00564.wav,Ma is weydiiseen sababta isbitaalka kasta oo Muqdisho ku yaalla ay dadku u buuxdhaafiyeen oo meel la kala istaago loo waayaa?
COD_02707.wav,"wuxuu ii sheegay in Lacagta ay Falis Todobaadkan ka qaaday ay ka badantahay Biilka Saddex Bilood oo lasoo dhaafay, "
COD_01822.wav,waxaan ku dhashay kuna soo barbaaray magaalada Dhuusamarreeb. 
COD_05124.wav,Dadka Jabuuti waxay u kala baxeen Soomaali Faransiiska diiddan oo aqlabiyadda aheyd iyo Cafar doonaysay in Faransiisku sii joogo.
COD_02520.wav,bishii Nufeembar ee 2008-dii ayuuna magaalada Nairobi ku geeriyooday .
COD_00357.wav,"Wareerkiisii iyo anshaxdarradii u dhalashada ahayd markii laysku daro wuxuu noqday mid taraarax badan lana kufa masalooyin uusan aqoon u lahayn,"
COD_02815.wav,"Intey iska dhigtey wax ka naxaya, ulana haddashey si naxariisle ayey ku tidhi, Iska seexo anaa kuu raaci xoolaha maante "
COD_06687.wav,"marka anigu waxaan ku talin lahaa in website Ka,  dadka maamula in la badiyo mar walbana wararku update ahaadaan. "
COD_01277.wav,"Inta kobashiin sokortu ku samaysan tahay ka dalbato, ayuu nus-saac kaddib kuu imaanaa isagoo wado shaah caddeys ah. "
COD_03649.wav,"oo reerkeenii ay ku ridi karaan cuqdad nafsi aan weligood ka hareyn, "
COD_05780.wav,"Cisbitaalka guud ee caasimadda Jamhuuriyadda Somaliland ee Hargeysa waxaa la aas-aasay sannadkii 1953-kii, "
COD_04499.wav,"Laakiin, sidee buu qofku ku heli karaa daahirnimo maskaxeed uu ka heli karo farxad iyo kalsooni?"
COD_01606.wav,Wuxuu dhisay xarumo agoonta lagu daryeelo. 
COD_03304.wav,shacabku waa inay dhaqaaluhu bixiyaan  oo loo wada istaago sidii dadka looga xoreyn lahaa  horrorta.
COD_04990.wav,"laakiin haddii aad rabto inaad tijaabiso dabeecadda qofka, u dhiib awood."
COD_02607.wav,Qanciye oo daallan wuxuu Shaqada kasoo baxaa Galabkii. 
COD_03763.wav,Waxaa jira dunida diimo qaba in ruuxda qofku ay isku soo matali karto waxyaabo kale geerida ka dib; 
COD_04663.wav,guushu waxay ku timaadaa shaqo adag inaad la timaado. 
COD_00257.wav,Qofka madaxda ah waxaa lugu tilmaamaa inuu la mid yahay qof geed saaraan oo dadka geedka hoos taagan ay kor u fiiriyaan; waxay u badan tahay inay cawradiisa arkaan. 
COD_04842.wav,Aad bay u la xumaataa in uu bilaa sabab ku furo Gabadhii lagu sharfay ee adeerki uu jecel yahay dhalay. 
COD_03974.wav,"Maanan ogeyn Shukaansigu inuu yahay Ereyo macaan, "
COD_00841.wav,Dadkaas iyagoo waaweyn ayay hadda Faysbuug joogaan. 
COD_06302.wav,"Yaasmiin Cumar Xaaji Maxamuud oo ah guddoomiyaha Xaruuntan, "
COD_05369.wav,"Waxa aan rabaa in aan muslinka la ciilay u hiiliyo, ee llaahayow ila qabo."
COD_03385.wav,"wuxuu jeclaa dadkiisa iney wada noqdaan geesiyaal, "
COD_03358.wav,"hadda  aad baan ugu faraxsanahay  inay ku soo bateen lakin aysan dhameystirnin  boqolkiiba 30%, "
COD_01045.wav,"Geed walba in gubto ayaa hoos taallo, ee aan ogaanno in dadkaan Faysbuug wax ku soo qoraya ay yihiin dad iska caadi ah "
COD_03770.wav,"in nolasha qawaaniin laga soo saaraa waa caadi, laakiin waxaa yaab badan in geerida ka dib qawaaniin laga sameeyo."
COD_00810.wav,Hebel iyo heblaayo waa dhinteen. Hebel dhiigbax ayuu u geeriyooday. 
COD_02177.wav,"Madashaan waxaan ku ogaaday in laamaha dowladdu aysan wadahadlin, aysanna wadashaqeyn. "
COD_00940.wav,Waagii hore ma iman jirin ee mushaarkooda ayay iska qaadan jireen. 
COD_03264.wav,"dowlad kasto oo timaado  oo aad doorataan  waxay uga tagtaa meeshaan  iyadoo hawlo qabyo ka ah, "
COD_04169.wav,waxaa idin weydiiyey in nin walbo keeno cadka rag walaaleeya. 
COD_00178.wav,Sky Blues oo kaalinta labaad kaga jirta miiska kala sarreynta horyaalka ayaa waxay leedahay 36 dhibcood.
COD_02017.wav,"Waxay soo qorteen dadkii ugu nuglaa oo isugu jiray cuuryaanno, indhoolayaal, waayeel gablan ah oo aan wax dhalin iyo carruur agoon ah. "
COD_02932.wav,"Waxaa u yimi libaaxii dawacadii oo xoolihiisii la joogta, markaas ayuu xoolihii tiriyey. "
COD_06233.wav,ayaa ku eedeeyay  in gacmo shisheeye ee hurinayaan  coladeed ee Sool.
COD_05708.wav,Aakhiro nimaan geel lahayn lama ammaanayne
COD_00170.wav,"kaddib markii ay ku kala baxeen barbardhac hal iyo hal ah, ciyaar ka tirsaneyd horyaalka Premier League."
COD_02995.wav,"Barigii hore soomaalidu marka ay guursanayaan way is jarribi jireen, si ay iskaga ogaadaan qofka ay guursanayaa. "
COD_01894.wav,Markii aan shaqada dowladda ka tegay waxaan beer ka tacbaday degmada Afgooye. 
COD_00168.wav,taas oo dhabarjab ku ah Liverpool iyo United oo aan wax dalab ah ka soo gudbin.
COD_04073.wav,Ninba ninkuu garasho ku tuhmayey ayuu dhinac ula baxay oo war maxay kula tahay warsaday. 
COD_01346.wav,"Maalmo kaddib kaamka ayaan shaqo ka helay, oo waxaan subixii aruurin jiray haashka sigaarka ee ay meelaha ku tuuraan dadka kaamka ku jiray. "
COD_04901.wav,wiil baa xaaskiisa oo ay isqabeen sannad iyo bar waxa uu ka codsaday xaaskiisa baasweerka faysbuuggeeda.
COD_00722.wav,"balse dhanka aqoonta, akhlaaqda, dadnimada iyo insaaniyadda way uga horreeyaan caalamka kale, oo waxaanba maleynayaa in ay hadda sii marayaan 2050-ka."
COD_06930.wav,Waxa uu ka digay in qorshuhu uu kiciyo su'aalo dhab ah oo ku saabsan xikmadda iyo khatarta mustaqbalka fog 
COD_03183.wav,"kuwaas oo hunguri xumo darteed u xishoon waayay, iyo ninka deeqsinimadiisa oo ay ka faa’idaysteen."
COD_05776.wav,waa cisbitaalka guud ee caasimadda Somaliland Hargeysa.
COD_01826.wav,"dhiirranaanteeda dhanka hadalka ah, biseylkeeda dhanka fikirka ah,"
COD_04939.wav,"Qudheeduna, qacdii horeba, waa soo jiitay qaabdhismeedka Cali."
COD_04119.wav,"Waxay dareensanayd inay ku guulaysatay furidii xujadii Garaadka, aabaheedna inay magac usoo jiiday. "
COD_07040.wav,"ka dib hooyaday ayaa i geysay meel dhaqan celis ah halkaas oo aan dib ugusoo kabtay,  ayuu yiri."
COD_04737.wav,"Balse waa wax jiro marka loo eego sidda ay u shaqeeyaan ururadan iyo sidda ay saameyn balaaran ugu leeyhiin dunida oo dhan, "
COD_05821.wav,ayuunbad cisbitaalka Hargeysa u tagaysa.
COD_02687.wav,"Alla waa run, Abowe sorry Galabta siduu Madaxu ii kacsanaalee, xitaa Dab ma aanan shidin, lakin hadda ayan kala tuurayaa ayay ku tiri."
COD_05375.wav,kaasoo qiimahiisu uu ku kici karo boqol toddobaatan iyo afar milyan lacagta giniga ah
COD_06335.wav,Wasaaradda caafimaadka ee maamulka Wajeer oo kaashanaysa hay'adaha samafalka ee ka hawlgala deegaankaas 
COD_04766.wav,Aqoontu waa xog macno u leh garaadka qofka sirdoonka ah. 
COD_04151.wav,Wuxuu is yidhi ama waad yara khafiiftay ama waad riyoonaysaa ee sidan kollay xaqiiq ma aha.
COD_01412.wav,Wiilkii wuxuu dhaafay meeshii jawaannada lagu iibinayay. 
COD_03874.wav,"Xitaa maanta, maaddaama masiibo dhab ahi ay wajiga naga saaran tahay, "
COD_02097.wav,"Kaabalaadarka, atariishada iyo atoorihii oo tabeebbe xiran oo madaxiisa dhiig ka da'ayo,  oo ay diyaarad dul taagan tahay, hortiisana uu yaallo kaare gubanaya ayaa kaartada ku sawiran."
COD_02067.wav,"Waxaa lagu iibinayaa wargeysyada Xogogaal, Qaran, Ayaamaha, Aayaha Nolosha, Jilaa, Ciyaaraha iyo Laacib."
COD_01552.wav,"Mid kasta hal maaddo kaliya ayaa lagu dhigaa, waxaana ardayda la siiyaa qado markii ay xiisaduhu dhammaadaan."
COD_04853.wav,"Ninkii, tuhunna gal, xanna ka hel ooridiisii. "
COD_02883.wav,Bari dambe ayuu odaygii gabadha dhalay haddana xoolo usoo doontay wiilkii uu soddoga u ahaa. 
COD_03318.wav,"hooyooyinka iyo aabayaasha ku dhintay ilmahoodu ay agoon iyo rajo ay ku noqdaan inaan u wadno dhaqaalihii ay waalidka ka heli jireen, "
COD_01381.wav,ma jrto sabab aad u hadasho oo martida war ugu xiijiso ee fadlan iska soo fariiso.
COD_05802.wav,wuxuu ka dayac badna kana danbeeyey dhammaan cisbitaaladii koonfurta Soomaaliya ku yaallay.
COD_00917.wav,Hadda waxaan maqlay in ay Xamar u soo guurtay.
COD_03497.wav,"Aniga siddii la ii waday waxaa lay geeyey guri weyn oo meel walba ay ka fadhiyaan tuugadda loo yaqaano mooryaanta, "
COD_01444.wav,Halkaas ayaana markii ugu horreysay anigoo toddobo jir ah ku curiyay gabay aan uga hadlay qiimaha gammaanka. 
COD_03927.wav,waxuu dhahay habiin danbo hadii la garay saxibka rer muqdisho waxuu so kacsaday garigiisa waxuuna kaxeeyay saxibkaa rer badiyo 
COD_04514.wav,fikirka xun iyo ficillada xun weligood ma soo saari karaan natiijooyin wanaagsan.
COD_03515.wav,"Aniga Jaadka waan la yaabanaa, waxaana is dhahay dadkaan waa reer baadiyol waxey cunaayaan cawska siddii xoolihii, "
COD_04326.wav,"Sidoo kale, Madaxweynaha ayaa uga mahadceliyey dowladda iyo shacabka Talyaaniga soodhaweynta diirran ee ay ku qaabileen isaga iyo wafdigiisa, "
COD_03217.wav,Gorayadii oo kabaddii dusha ku wadata oo aad moodid inay rarantahay ayaa buurtii kasoo dhacday. 
COD_01460.wav,"Gelinka hore waxaan la shaqeeyaa adeerkey oo waxaana ku wareegay booskii aabahey ka shaqeyn jiray,"
COD_03553.wav,"gawaaridii waa ay dabsaareen, waxey ku dileen illaa 8 qofood oo haween dan yar ah u badan. "
COD_01888.wav,"Waxaa la qabyaaladeeyay qarankii, oo waxaa xilalkii lagu tixay ehelka Madaxweynaha. "
COD_05418.wav,Arrintan oo taagan dhowrkii bil ee la soo dhaafay ayay uga golleeyihiin inay ku soo jiitaan macaamiil.
COD_04166.wav,Maya ayuu yidhi idinkuma jiro hal nin oo caqli leh siddaan hore u sheegay ee waxaa idinku jirta hal gabadh oo caqli u saaxiib ah. 
COD_04545.wav,laakiin waa waddadii feker laciin ahoo oo maskaxdiisii ku barbaariyay. 
COD_05326.wav,"Magac waa eray sheegaya magac qof, magac goob, magac shay, iyo magac xayawaan."
COD_03285.wav,maxaa yeelay nolol nooma diidi karaan  nabadna nooma diidi karaan.
COD_05156.wav,Waxaa magaalada Muqdisho maanta ka dagtay diyaarad sidday qeybtii ugu horreysay ee ciidamadii Soomaaliya ee tababarka u joogay dalka Eritrea.
COD_06945.wav,ee ay sameeyeen ciidankan iyo taariikhdooda.
COD_04671.wav,su’aashaas waxay ahayd su’aal furan oo jawaabaheedu kala duwanaan karaan. 
COD_06037.wav,"oo laga soo tebiyo geesiyada dagaalka ee naf, maskax, itaal iyo waqti u huray halganka Alshabaab la dirirka,"
COD_00716.wav,"Muwaadinku dalka kama bixi karo amar la’aan, taleefan dibadda kama wici karo mana laga soo wici karo, "
COD_02558.wav,"Dagaalkii ayaa la galay, Abul-Caasna wuxuu ka mid noqday raggii Qureysheed ee nolosha lagu qabtay. "
COD_02478.wav," oo uu dadka uga digayay in aan mar kale la doorto hoggaankii hore ee dowladdii riyadka, "
COD_01969.wav,"Hal qoys haddii uu landline ugu jiro, deriska kalena waa la wadaagayeen. "
COD_00096.wav,"Sannadkii 2013, waxay u soo guurtay magaalada Hargeysa, halkaas oo ay kula kulantay saaxiibbo cusub iyo gabdho kale oo abwaanno ah"
COD_04855.wav,"Goor yar dabadeed, waa soo helay ninka gurigiisa u dabamara. "
COD_00243.wav,In kastoo ay fahamtay dhagarta wiilkeeda haddana waxaa ka xoog badiyey waalidnimadii 
COD_04293.wav,Taas wuxuu ka helay liibaan weyn. 
COD_01749.wav,Goofku wuxuu qeyb ka ahaa beer ay ka baxaan dalagyo kala duwan
COD_04997.wav,Madaxweyne anigu aan tago magaalada Boorama.
COD_00376.wav, Maxaa uga khatar badan dadka weli u haysta ‘wadaad’?
COD_06421.wav,ka xoreynta alshabaab ee deegaannada ay mudada dheer heysteen oo ay kamid tahay degmada Xarardheere ee koonfurta gobalka Mudug ee Galmudug.
COD_02219.wav,"Waxaase kuwaas ka badnaa dad aan aniga ka mid ahaa oo uu miisaankoodu intaas noqan waayay, ee uu lacag ka qaaday."
COD_02918.wav,"maalin maalmaha kamida waxay maqashay, shaykh wayn oo yaqaana isha"
COD_01813.wav,"Aabbe haddaan fahmay sababta aad uga welwelsanayd meesha aan aado,  "
COD_03156.wav,kolkaasaa kii kale yidhi oo adigu Timir ma cuntay?. 
COD_07059.wav,"halkaas oo dawladaha hoose ay ku tartamayeen, xilligaas oo isaguna uu matalayay Nairobi oo dhan."
COD_04079.wav,"Midbaa codsaday in garabka loo diyaariyo, midbaa codsaday in sararta loo diyaariyo, "
COD_03858.wav,iyada oo la adeegsanayo moolalka sunta ah iyo waxa loogu yeero godadka gubashada ee saldhigyada milatari ee loo adeegsaday Afghanistan.
COD_05581.wav,Waxaa ka go'neyd inay ganacsigooda heer fiican gaarsiiyaan.
COD_00621.wav,"Haddii ay jiri lahaayeen 20 isagoo kale ah, xaaladdeenu sidaan waa dhaammi lahayd."
COD_04025.wav,Ka dib Mustaf dagaal ka dib ayaa waxaa u soo gurmadey dadkii jidka maraayey oo ragii kala dhiciyey 
COD_00279.wav,oo ay maamusho Rugta Ganacsiga Soomaaliyeed iyadoo gaarigii rar kasoo qaada dekedda Muqdisho laga qaado toddobaatan dollar 
COD_06304.wav,Ciidanka Amxaarada oo ka baxay gobolka Tigray
COD_02959.wav,"Wuu isaga soo baxay biyihii wuuna ka jaqaafiyay meeshii, asagoo aad u caraysan."
COD_04540.wav,Tani waxay sidoo kale u taagan tahay sharciga soo jiidashada iyo fikradda laga iibiyo dad badan.
COD_04876.wav,"Dhawr tusaale ayaan hoos ku sheegi doonnaaye, bal dhuux talada ka hor"
COD_01160.wav,Liif ayaa saaran laamiga Soddonka oo noo muuqdo. 
COD_04979.wav,Magaalo joogis bay kaa rabtaa.
COD_02023.wav,oo ay wax kasta kala wayntahay in ay helaan cunno ay nafta ku ceshadaan.
COD_03087.wav,Waxyaabaha ugu badan ay indhihiisu qabteen waxaa ka mid ahaa baabuurta tagaasida oo lagu wada qoray Taksi. 
COD_06442.wav,"Milano iyo Florence oo ay ku dhinteen taban qof,"
COD_02291.wav,sida wacan ay u soo dhoweeyeen madaxweynaha Soomaaliya Maxamed Cabdullaahi Farmaajo.
COD_01855.wav,"Halka ay dadka kale kala cararayaan markii dagaal dhaco, isaga shaqadiisu waxay aheyd in uu war ka keeno furimaha dagaalka,"
COD_02200.wav,Amiin Nuuri oo ah dhaqtar Suuriyaan ah oo ku nool magaalada Xalab ayaa yiri: wiil saaxiibkey ahaa ayaa maalin wacay gabar uu guursan rabay. 
COD_04278.wav,Waxay ku xukumaysaa in uu yahay nin aan anshax iyo dadnimo suubbanyn oo goor ay dagan tahay ka danaystay. 
COD_00963.wav,Xariif baagamuudda ah ayaa magaalada ku wareeray.
COD_03733.wav,Dabeecadda reer Yurub iyo muuqaallada dhulbahante ayaa dhiirrigeliyay  sheekooyinka. 
COD_04213.wav,Maalintii dambe ayaa waxaa la waydiiyay waxa uu ku diidayo inuu halkan ku dhinto. 
COD_00951.wav,Qofkaan mucjisada ah goormee qoraalkii dhammeeyay adigoo is leh ayaad fiirinee comment-giisa.
COD_00891.wav,"halkaas oo ay ka qodaan, kuna qoraan dhagaxa burjikada iyo farshaxanka laga sameeyo. "
COD_03225.wav,Markaasaa maalin maalmaha kamida lagu yidhi wiilwaalaw walaashaa waxay dhashay wiil nacas ah. 
COD_00756.wav,oo ay indhasarcaad iyo dhalanteed shaqo ka dhigatay.
COD_05715.wav,"gaar ahaan xilliga aaranka ah ee arladu cosob miidhan tahay kolkaas oo geela dhogor cusubi fuusho,"
COD_06897.wav,"Dhammaan codsadayaasha waxay awoodi doonaan inay ku dhammaystiraan qarash bixintooda, internetka."
COD_03711.wav,"Dabayaaqadii qarnigii kowaad ee BC, dadka loo yaqaanno Nabataan-ka ayaa halkan yimid, "
COD_05864.wav,kadib markii lagu helay dambi ah inuu doon ay dad ku dhinteen kasoo kaxeeyey Turkey oo uu keenay jasiiradad Lesbos ee Greece 2020-kii.
COD_03779.wav,Mareykanka Dameerka looma ogoleyn inuu seexdo meelaha qaar.
COD_01744.wav,Mudane arrinkaas ka dhigo mudnaan marka aad la kulmayso waddamada gacanka 
COD_00434.wav,"Rabbi ha u naxariisto macallimiinteenna intoodii naga hormartay, Rabbi sharaf haku nooleeyo intooda nool, dambiyadoona ha dhaafo dhammaantood."
COD_06849.wav,Meydka nin Soomali ah oo la helay kadib markii labo bilood kahor lagu waayay Canada
COD_03397.wav,Waagi dambe markii wiilkii uu Hooyadii ku wareeriyey hooyo abti mad i tustid ayaa waxay tiri Hooyo aniga kuma raaci-karo 
COD_04183.wav,"Sheekadii aan gunaanadee, intaasi markay dhacday ayuu Wiil Waal wajahay dhinacii odaygii. "
COD_01556.wav,kadibna iskuulka Bariiska ayaan ka bartay Ingiriiska kooban.
COD_03656.wav,"ka dibna siddii ayaa waxaan ku bilaabay qudaar iibis, "
COD_05115.wav,Dhowr qofood haddii aan carab dhowno waxaa ugu koofiyad dheer sheekh Cismaan Cali
COD_01076.wav,Dadkii uu kaamirada ku shiday ayaa soo wada eegay. 
COD_00819.wav,Kumanaan qof oo ila dareen ah oo maalinkaas ka soo lugeeyay deegaannadii ay u qaxeen ayaa guryahoodii dib u arkaya.
COD_01041.wav,Kawaanle saaxiibkey ah oo kawaanka Xariyaalle hilib ku iibiyo ayaa wuxuu habeenkii Faysbuug ku soo qoraa cashirradii uu nolosha ka bartay. 
COD_05233.wav,Waxaan idiin rajeynayaa caafimaad
COD_03536.wav,"anigase shidada i heysay qeyb ka mid ah uun bey ii aheyd arrinta uu iiga sheekeynayo habeen walba, "
COD_02584.wav,Hal sano oo murugo ah ka dibna Abul-Caas wuxuu ka daba dhimanayaa Zeynaba. Alle raalli haka noqdo.
COD_02754.wav,Haddana wuxuu eegay ilkihiisa makaasuu dameerkii qaniinay ninkii oo xanuunsanaya ayaa yidhi Juxow cidna dameerkan kaa iibsanmayso
COD_00074.wav,"sababtoo ah waxaan rumaysnaa in maalinkii oo dhan aan la ciyaaro carruur ay tahay caajis iyo waqti lumis,"
COD_04404.wav,"waa wadanka ugu xeebta dheer qaarada afrika, "
COD_00446.wav,"Sannadkii labada kun taban iyo labo, markii ay xukunka timid xukuumaddiinnii, bahda waxbarashada oo dhan waxay billaabeen inay is toos-toosiyaan, "
COD_03020.wav,Riyihii oo abaarsaday ayaan geedaha u guraa oo iyaga ayaan ka shaqeeyaa. 
COD_03887.wav,Natiijadu waxay ahayd xilligii ugu naxariis darada badnaa taariikhda aadanaha. 
COD_04430.wav,"1961 soomaaliya waxaa laga hirgaliyay dastuurkii ugu horeeyay ee dalka, "
COD_01512.wav,Sagaashameeyadii anigoo Pakistan waxbarasho u joogo oo xaalku igu adag yahay ayay iga warqabi jirtay oo waxay bil kasta ii soo diri jirtay afartan dollar. 
COD_04715.wav,Maareeyayaasha tayada leh waa kuwo go’aan qaadasho leh. 
COD_01369.wav,Lacagta aan sameeyay waxaa igala micno weyn magaca aan u soo jiiday dalkeyga iyo dadkeyga
COD_02141.wav,"Bilo kahor ayuu furay walaashey, wuxuuna joojiyay qarashkii uu iga bixin jiray, waxayna hadda jaamacadda igu leedahay lacag ku dhow afar boqol dollar. "
COD_03724.wav,"Dadkii ka socday Roomaaniyiinta, Giriigga, Cumaan, Yemen iyo cid walba oo halkan si nabad ah ku mari jirtay."
COD_05017.wav,baskii labaad ayuu iska raacay isaga oo niyad jabsan
COD_01202.wav,Markii qaxii laga soo laabtay wuxuu ka mid noqday waratada qudaarta  ku iibisa suuqa Bakaaraha. 
COD_00377.wav,"Dhallinyarada intaan dibadaha loo dirin hala carbiyo, wacyigooda hala dhiso, halloo oggolaado inay arrimaha qaar ka doodaan, "
COD_05250.wav,Adeegso tusmada waxqabadkan oo ku siinaya siyaabo aad isku mashquulin kartid
COD_02662.wav,Markey iridka ka baxday ayay Codkii Whatsapp-ka Falis ugu dirtay.
COD_06822.wav,Madaxda shirka ka qeyb gashay ayaa dhanka kale waxa ay ka codsadeen saaxiibada caalamka
COD_07274.wav,"Laakiin waxaan u maleynayaa in qaabkiisa dabacsan, is lurid la aantiisa, "
COD_06751.wav,hadii aan fiiriyay Shirkaan daciifka ah waxaa abaabulay
COD_00185.wav,73 daqiiqo marka ay ciyaarta mareysay kooxda Espanyol ayaa loo dhigay rigoore waxaana gool ka dhigay weeraryahankooda Joselu 
COD_05330.wav,Aan eegno markaan seddexda qaybood ee uu raaco falkaabku
COD_02356.wav,Inaad garowshiyo iyo xaal ka bixisid deelqaafkii umadda ku dhaqan Sanaag Bari ee ka soo gaadhay jananka Ciidanka Qaranka.
COD_00077.wav,"Habeen habeenada ka mid ah ayuu Mursal ka qeyb galay xaflad Aroos, wuxuuna tartanka kaga qeyb galay gabay jacayl ah oo uu u tiriyay gabar uu markaas jeclaa."
COD_00824.wav,"Waa maalin xus iyo xusuus gaar ah mudan oo ay tahay in buugaag laga qoro, iskuulladana lagu dhigo, halgan guuleystay iyo xaflado dabbaaldeg ahna lagu sunto."
COD_02551.wav,Markii uu safarka ka yimid ayay seynaba u sheegtay in ay islaamtay.
COD_03279.wav,laakin isma keeneyso adoo dagaal ku jira in jidadka ay dadka umadda  xiranyihiin wax loo baahan ma ahan.
COD_01009.wav,"Sida uu u hadlayo, waxaad ku shakinee in ay lacagtaadii kala qeybsadeen."
COD_02456.wav,In Habargidir ay aqoonyahan ka doorato Janaraal waxay aheed farriin nabadeed oo tilmaan ka bixineysa mustaqbalka iyo jihada ay beeshaasi u socoto.
COD_06493.wav,qaraabadii iyo eheladii ay ka baxeen samir iyo imaan allaha ka siiyo.
COD_04280.wav,"Maya, inantii iskama uu didin iskumana dirin. "
COD_01365.wav,Weli cunsuriyaddii ayaa jirto oo sababtaas ayaan mar walba ula kulmaa cadaadis badan. 
COD_03644.wav,"Marka koowaad sharci kuma dhalin, oo waxaan ku dhalay si qasab ah oo aan meher sharci ahna loo soo marin. "
COD_02259.wav,Buuggii ahaa Isbar Aaladda Internetka Macallin La'aan ayaan kala furay. 
COD_05278.wav,Tiirka diintu waa salaadda.
COD_03303.wav,"shacabka waxaan ka rabnaa inay warbixinno noo keenaan  iyo meesha ay shabaab ku jiraan shacabka waa inay ka qeyb galaan dagaalka, "
COD_07248.wav,"ayuu yiri, Cumar Cabdi oo kamid ah jilaayaasha filinka."
COD_03986.wav,Qaado cafinta Iska Cafi Maxaa Yeelay Waa Aargoosiga Ugu Wanaagsan 
COD_01830.wav,oo waxa ay dalka u dhibeen ay ka badan tahay waxa ay u galeen
COD_04660.wav,waxaa muhiim ah inaad yeelato yoolal nololeed oo aad ogaato waxaad ka damacsan tahay nolosha.
COD_06480.wav,Wararkii ugu dambeeyay ee dilal xalay ka dhacay Bursaalax
COD_02764.wav,"waraabayaashii waxa ay ku heshiiyeen in ay qaybsadaan idihii,"
COD_05677.wav,Taariikhduna waxay dadka ku beeri jirtay jacayl uu u yeesho dalkiisa iyo nolashiisa.
COD_05368.wav,Waddankayga ayaan rabaa in aan khariidadda Afrika meel sare ka geliyo.
COD_00985.wav,Sidaas ayuu masuul ugu yahay dal uu ilmihiisa ka rartay. 
COD_04965.wav,Sheeko qiso iyo qosol isugu jirtay ayaannu dhex dabaalannay. 
COD_02469.wav,"Soomaalinnimo iyo in hoggaanka dalka daacad laga noqdo ayaa ku weynaa, "
COD_01337.wav,Lacag oo dhan waxaan haystay intii aan tikitka ku jartay. Waxaana konton dollar ku iibiyay sariirtii aan ku jiifan jiray. 
COD_05770.wav,Cisbitaalka Hargeysa Godkii Geeri Sugidda Kawaankii Bini aadmiga
COD_01772.wav,Wixii kheyr iyo wanaag ah oo lugu sii daro waa qeyr batey. 
COD_00775.wav,"Waxaad leedahay cadaw badan oo guushaada dhibsado, jabkaadana ku farxo. "
COD_01721.wav,Qarammada Midoobey waxa keliya oo ku filan in la yiraado sharciyadan ayaan soo saarnay. 
COD_05178.wav,Mahad oo dhami waxay u sugnaatay allah rabul caalamiinta ah
COD_00939.wav,Saakay waxaan tegay dekadda Muqdisho. Waxaan ku arkay dhallinyaro labisan oo geedaha hoos fafadhiso.
COD_04354.wav,"intuu ushii si degdeg ah u qaatay ayuu weelkii waysadii ku dhuftay waayo wuxuu mooday bahal, "
COD_03121.wav,Riyuhu waxay fardaha uga eegyihiin gaadada iyo gurdanka
COD_03439.wav,"Agaasimaha ayaa xusay muhiimadda Booqashada Madaxweynuhu ay u  leedahay mustaqbalka iskaashiga labada dal, "
COD_00380.wav,"Waxaan akhriyey sheeko tilmaamaysa in Xasan iyo Xuseen, oo uu awoowe u ahaa Nabiga suubban sallallaahu caleyhi wasallam,  "
COD_06206.wav,Halkaan hoose ka dhageyso wareysiga Wasiirka uu siiyay VOA-da.
COD_01926.wav,"Desember 14, 2008 Madaxweyne Cabdullaahi Yuusuf ayaa xukuumaddii Nuur Cadde ku eedeeyay waxqabad la'aan, musuqmaasuq iyo khiyaano qaran,"
COD_00729.wav,"Labo ka mid ah boqolkii qof ee magaaladaas ku noolaa waxaa lagula kacay dhac ama kufsi, "
COD_06214.wav,Sidoo kale wuxuu ka hadlayaa deeganadii ay ciidanka dowladda iyo kuwa deegaanka ay kala wareegeen Al-Shabaab saacadihii lasoo dhaafay.
COD_03960.wav,"Asagana si fican ayaa uwada xamanay, "
COD_05162.wav,Madaxweyanaha ayaa xilligaas ballan-qaaday in askartaas dib loogu celin doono dalkooda.
COD_07367.wav,oo sheegta in uu yahay suxufi Soomaaliyeed kuna nool Magaalada Muqdisho.
COD_04858.wav,waxa uu ugu gabbaday jiiro xaafadda u dhaw. 
COD_03498.wav,"waxaana la ii sheegay in saacadaas laga bilaabo aan afduubanahay, "
COD_05304.wav,"Iska ilaali wixii ay dadku dhibsanayaan sida cayda, buuqa badan, muranka iyo dagaalka."
COD_01335.wav,Horraantii 1990kii ayaan go'aansaday in aan dalka ka baxo oo aan Yurub u baadigoobo nolol fiican. 
COD_04687.wav,Boqolkiiba labo baasentage oo kali ayaa dadka shaqeyn kara iyada oo aan kormeer lagu hayn. 
COD_01975.wav,Subaxa Khamiista wuxuu arday kasta macallinka dugsiga ugu geyn jirnay kun shilin. 
COD_00392.wav,haddii ay helaan qof caawiya niyaddana u dhisana noqon kara dad qiimo iyo magac ku dhex leh bulshada. 
COD_03662.wav,aniga jirkeygii qeyb ka mid ah oo hadana aanan noloshoodii farxad ku qabi waayay 
COD_07061.wav,Waxa uu Khaliifa sheegay in uu jecleystay inuu Soomaaliya ku matalo caalamka 
COD_00201.wav,"Heshiiskani waa wax ka badan oo kaliya cutub cusub oo taariikhi ah, ciyaaryahankani wuxuu tusaale weyn u yahay dhamaan ciyaartoyda iyo dhalinyarada caalamka."
COD_03575.wav,"isagoo aad baari u ah ayuu tusay meeshii ay jaadkii ku xareeyeen, "
COD_06364.wav,"illaa boqol iyo soddon qof oo ay xukuumadda Ankara ay la xidhiidhinayso falal argagixiso,"
COD_05111.wav,Xernimo ayuu buraashadda u biyeystay oo in uu Axaaddiista iyo fiqqiga ka biya keeno ayuu goostay.
COD_00338.wav,Imisaa idinka mid ah ayaa meel uu hoobiye ka dhacaayo nafta ugu biimeeyey iney shahaadooyinkoodii kala soo baxaan?
COD_02488.wav,"markaas ayuu abwaanku mar kale candhuuftiisii dib u liqay, "
COD_05360.wav,Ninkii seexdaa sici dibi dhalaa.
COD_05052.wav,Sababtu waxay tahay codkeenna ayaa xambaarsan warbixin badan oo nagu saabsan.
COD_06303.wav,"ayaa idaacadda BBC-da sidaa u sheegtay, kadib wareysi ay siisay."
COD_06344.wav,"haddana duulimaadyadan aan la aqoonsan ayaa ah halis weyn oo jirta,"
COD_04112.wav,laakiin isla markiiba wuxuu xusuustay in gabadhu caaqilad weyn tahay oo aan haba da’yaraatee talo ay soo jeedisay hadda ka hor lagu hungoobin.
COD_00475.wav,"Markaan hooyo weyiido qofkaas waxa uu noo yahay waxaa lay dhihi jirey waa walaal, Adeer, Eeddi, iwm"
COD_04216.wav,"Markii hore wuxuu mooday in uu afka ka dhiigayo dhawr jeer ayuuna candhuuf iska soo muudiyey oo eegay dhiigse kuma uu arag, "
COD_05495.wav,"Tom Alberg ayaa ku tilmaamay agaasimihii hore ee shirkadda Amazon, Mr Bezos mid u dhashay sida loola dhaqmo macaamiisha."
COD_04048.wav,"ninkii baa wuxuu kudhahay gabadhii, Qofyaheey waad shidantahay, waad iga dhax baxday ee kawaran hadaan bari kulano?"
COD_04860.wav,"Qolkii jiifka ayuu inta marwadii ugu galay, waxa uu horay ka bilaabay shaqadii la isku jeclaa."
COD_04082.wav,Aabe mutaxan ama single father ayaa dhici karta in dadka qaarkii u yaqaano ninka noocaa ah. 
COD_00725.wav,"Safarkeyga ka hor, caloosha ayaa i huri jirtay markaan arko carruur guryo la'aan ah oo ku hurdeysa derbiyada Muqdisho,"
COD_05091.wav,"isaga oo ka bilaabay magaalada Baydhabo, hadana ku sugan xarunta Galmudug ee Dhuusamareeb."
COD_05417.wav,Shirkadaha Shiinaha qaar ee iibiya dhulka iyo guryaha ayaa sheegay in ay lacag ahaan u qaadan doonaan cunto.
COD_05405.wav,taas oo muujineysa in uu ahaa hadal la wada sugayay. 
COD_02587.wav,"waxayna u sheegtay inay aaminsantahay inuu Qanciye yahay Shabeel-Naagood aan Caawa Shaqo jirin balse aaday Naago kale uu si qarsoodi ah u qabo, "
COD_03172.wav,laakiin waxa aana la socon hilibk badhida. 
COD_03016.wav,Waxay tidhi aniga ayaa kugu soo war celin doona.
COD_03195.wav,"Waxay sidaa ahaataba, maalin maalmaha kamida ayaa dhalin ileeye intuu reerihii la hadlay ku yidhi tolkayow buurtan garabkeeda innaga rara oo meel kale aynu u guurno. "
COD_01194.wav,Waxaan xusuusteyda ka go’in dardaarankii iyo dhiirrigelintii uu nooga jeedin jiray daabuurka markii uu booqasho ku yimaado 
COD_00526.wav,Markii uu bacdiisii buuxsaday ayuu wuxuu dukaanklihii gacanta u geliyey dhawr xabbo oo baliilo ah oo ah kuwa ay caruurtu ku ciyaaraan. 
COD_01389.wav,"Waxaan baahi badan u qabnaa dad leh culuum gacan ka gaysan karta horumarka dalka sida Beeraha, Xoolaha, Dhulka iyo Badda."
COD_00603.wav,Ma xuma inaad beesha sheekadeeda la wadaagto laakiin waxaa ceeb inaad bulshada la dhex timaado ama baraha bulshada ku baahiso codkii beesha 
COD_01187.wav,Welina waxay naafo ka tahay xubno ay madfacaas ku waysay. 
COD_00195.wav,Kooxda Al-Nasr oo ku dhawaaqday heshiiska Cristiano Ronaldo
COD_03013.wav,Kadib gabadhii ayaa nin afraad u yimid wuxuuna ku yidhi gabadhyahay waxaan rabaa inaan ku guursado. 
COD_01166.wav,Galab anigoo bareefadka ku maqan ayay muqaawamadu soo weerareen Itoobiyaankii fadhiyay Xamarbile. 
COD_02118.wav,Haddii TVga la daaro waxaa daciifaya ama damaya nalalka ku jiro guryaha kale. 
COD_03999.wav,Hasameyn Markhaati  Been Ah 
COD_00504.wav,"Waxaa badan sir aad si khaldan ula wadaagtay qof, oo aad ku shallaydo inaad soo celin kari leheed. "
COD_02760.wav,"Kolkii xaggiisa la soo aadayna waxa la arkay daad yar oo ka soo rog maday meel fog inu meesha marayo, "
COD_06725.wav,Hoos ka Akhriso War-saxaafadeedka kasoo baxay Dawladda Soomaaliya.
COD_01856.wav,"Xilli aysan Baraha Bulshadu jirin oo BBC tahay isha koobaad ee wararka laga qaaato ayuu Mucallimuu ahaa qofka BBC Muqdisho ugu soo -warrama,"
COD_00916.wav,Maamo Luuley oo wiilashdeedu la shaqeeyaan ayaa halkan ku leh maqaayadda ugu macaamiisha badan. 
COD_03955.wav,"Waqtigaas Aniga aad ayaan caqliga uga yaraa, mana Aqaanin Sida qof dumar ah loo shukaansado, "
COD_01142.wav,Ciidankaas deegaanka waxay ku yeesheen saamen weyn. 
COD_04075.wav,"Markii ay isku daaleen wax war ahina u bixi weyday ayey ku kala faadhumaysteen war bal faq iyo gorfeyn waxba ku soo saari weynayee, "
COD_03002.wav,Gabar ayaa  go’aansatay inay hesho wiilka ku haboonaa ee ay guursan lahayd. 
COD_05290.wav,Maadaama biyuhu ay yihiin muhiim waa in aan ilaalinaa deegaanka inagu xeeran.
COD_04344.wav,"gaadiid dagaal iyo gurmadyo ciidan oo meelo kaladuwan ka kala yimid ayaana soo buuxdhaafshay gobolka, "
COD_04532.wav,waad qaldan tahay saaxiibkay. 
COD_04453.wav,"Soomaaliya wax soo saarkeeda add ayuu u horeeyay, waqtigii nabada eheed, "
COD_05918.wav,"Ciidamada Tigreega oo dagaal socday muddo laba sanno ah kula jiray dowladda federaalka Itoobiya, ayaa salaasadii..."
COD_03317.wav,"dadka ku dhinta inaan magdhow siino,"
COD_00942.wav,Xafiis iyo shaqo looma haayo. Subixii iyo galabkii waa la xaadiriyaa. 
COD_01384.wav,"Marba jawi ayaan ku jiray oo shaqooyin kala duwan ayaan hayay, si aan waxbarashada uga bixiyo. "
COD_01054.wav,Waxaan gartay in aanan ardayda wax ku bari karin caqliyaddaas qarriban iyo dhaqankaas qallafsan. 
COD_04861.wav,Naagtii ayaa isla markiiba qalo dhaamisay. 
COD_05183.wav,Sidaad u kasban lahayd Dadaal iyo dulqaad. 
COD_04783.wav,Sirdoonnada ayaa ka mid ah dadka maleego dilalka qarsoon.
COD_03343.wav,"maxaa yeelay madaxweynuhu waxaa larabaa inuu noqdo  tusaale wanaagsan oo lagu daydo,"
COD_05865.wav,"Si kastaba, maxkamad racfaan oo ku taalla jasiiradda Lesbos ayaa Isniintii waxay xabsigiisa ka dhigtay sideed sano,"
COD_05254.wav,Aqoonso oo yaree waxyaabaha kugu kiciya welwel ka.
COD_02567.wav,"Tan kale, Alle wuxa uu i faray in aan kala geeyo muslim iyo gaal kaste oo isqaba, ee ma iiso celin kartaa gabadheyda Zeynaba ah?"
COD_05634.wav,"kii waan guursan yidhina markuu qoftii la aqal galay ayuu dhintay, balse intuusan dhiman ayuu qoftiisi kula dardaarmay:"
COD_06076.wav,"Shirka dib u heshiisiinta Koofur Galbeed, ayaa la filayaa inuu maanta ka furmo magaalada Baydhabo ee xarunta Gobolka Baay."
COD_07316.wav,"oo qofka u ogolaanaya in moobilka uu kala socda marba halka wax marayaan, "
COD_02485.wav,"Kacaankii Oktoobar waddadii lagu bartay wuu ka leexday, "
COD_01685.wav,"Waan ka yara diiday, balse igama aqbalin, waxayna igu dhaheen: dhib ma laha, "
COD_05341.wav,Shiribku waxa uu leeyahay hab iyo hannaan loo lebisto marka la doonaayo in lagu soo bandhigo munaasabadaha waa weyn
COD_02128.wav,"Asbuuc kadibna Cabdullaahi wuxuu ka shaqo billaabay Astaan Ubad. Maalinka Khamiista ah ayuu shaqada galaa, "
COD_01461.wav,gelinka dambena waxaan ka shaqeeyaa maqaayad abtigey leeyahay oo aan ku gaaro 12:00 habeennimo.
COD_01193.wav,maantana ardaydii iskuulkas ka soo aflaxday ay wax ka bixiyaan kharashka waxbarashada. 
COD_03251.wav,"golaha shacabkaa tihiin, codkii shacabkaa tihiin, wakiiladii shacabkaa tihiin  "
COD_00212.wav,wuxuuna na yiri qofkii ku nasiibsanaaya waxa gacanteyda ku jira afka ha kala furo. 
COD_05228.wav,Shan qoys oo cusub ayaa la shaqaaleysiiyay si ay u soo saaraan buugga cusub
COD_06894.wav,waxyaabo gaar ah ayaa la dalban karaa waxaana fiisaha lagu codsan karaa warqad.
COD_03429.wav,"Masuulkii isku daya in uu bixiya ama la wareego dhulalka danta guud, waxa uu qaadayaa masuuliyadda ka dhalata "
COD_02617.wav,"wuxuu u qiray inuu Jecelyahay, ku Kalsoonyahay, uusanna Naag kale ku doorsaneynin "
COD_00677.wav,"Magaalada waxaa weli ku dambeeya raadkii Fircooniyiinta, oo ku xusuusinaya Fircoon oo Rabbinimo sheegtay, "
COD_03510.wav,"wuxuuna soo ak dhigtay bac ay ku jiraan caws badan, wuxuuna igu yirri kaalay, "
COD_04504.wav,laakiin dad fara kutiris ah ayaa raadiya wanaajinta ruuxda.
COD_05703.wav,"aakhiro kolkii la tago ee uumiyaha la xisaabiyana, ninkii aan ifkii ayro soo dhaqan in arrinkiisu Allow sahal yahay"
COD_03293.wav,"waa inaan siinaa daryeel  ciidan aan daryeel lahayn  madagaali karo  oo calooshiisa ay marantahay  waa inaan mushaar fiican siino, "
COD_00043.wav,afarta Oktober 2011: Waxa dhacay Qaraxii Hargaha iyo Saamaha oo ahaa hanjabin weyn oo lagu curyaaminayay hanka ummadda Soomaaliyeed iyo qarannimadeeda.
COD_05093.wav,Nin qabriga aabihiis oo lumay ku helay si yaab leh
COD_04945.wav,isaga ayaaba loo soo xawilaa in ka badan intii uu gami jiray. 
COD_06062.wav,"Sheekh oo hadalkiisa sii wata ayaa madaxda maamulada u sheegay in kii ay kasoo carareen kooxda iyo kii ay soo hoos galeen ay iskugu mid yihiin, "
COD_05241.wav,Waxa aan la saadaalinkarin – aaney cadeyn sida ay ku danbeyn doonto.
COD_01067.wav,"Macallinnimadu waa shaqo adag, balse sharaf leh. Waa hawl nacfi badan, balse aan xoolo badnayn."
COD_01138.wav,Waan kuu soo duceynaa in Ilaahey faraj kuu furo ee ii soo dir markii aad wax hesho ayuuna ku yiri.
COD_01604.wav,Markii dambana waxay dalka keentay warshad soo saarta oksijiinka 
COD_02192.wav,"Dowladdu waxay isku dayday in ay shacabka cabsigeliso oo rasaas ku kala dirto, "
COD_03748.wav,"ruwaayad kasta iyo heeskasta oo aan ammaan dowaldeed ku jirin lama ogola, "
COD_04323.wav,"Labada Madaxweyne ayaa wada qaatay kulan qado-sharaf ah oo ay iskaga xog wareysteen xiriirka taariikhiga ah ee labada dal, "
COD_00804.wav,Waxaana tegay gurigeenna oo ku yaalla xaafadda Xararyaalle oo aan ka qaxnay kadib markii uu noogu soo galay madfac habaryartey naafeeyay.
COD_06070.wav,Wuxuu sheegay Garaad Jaamac in uu tegayo magaalada Laascaanood halkaas oo uu ka socdo Kacdoonka beelaha SSC ee ka dhan ka ah Somaliland.
COD_04654.wav,Inaad noqoto qof hadaf leh waxay ka dhigan tahay qof og muhiimada ay u leedahay noloshiisa.
COD_03738.wav,"laakiin ay hubaal tahay inuu jiro sabab ka dambeeya oo keenay, "
COD_04498.wav,Nadiifnimada maskaxdu waxay si lama huraan ah u horseeddaa daahirnimada nolosha.
COD_01140.wav,"laakiin waxaan ka baqay in loo qaato in aan isaga wax uga raadinaayo, marka hadda ayaan u arkay inuu munaasab yahay."
COD_06684.wav,waxaa iisoo baxday in ayna puntland times kuwa ugu horeeya uusan ku jirin. 
COD_01930.wav,"Deseember labaatan iyo sagaaldeedii, waxaa iscalisay Madaxweyne Cabdullaahi Yuusuf Axmed."
COD_01966.wav,Deriska qaar guryahooda ayaa dhexda isaga furnaa. 
COD_00359.wav,laakiin wax kasta ku daba gaddoomeen kuna doodaaya in wixii uu horay u aaminsanaa ay khaldanaayeen.
COD_00850.wav,Nuucyo raqiis ah oo laga qashdhacay ayay u iibisay. 
COD_06223.wav,Guddoomiyaha degmada Maxaas oo ka hadlay dadkii ay Alshabaab ka laayeen in ka badan 300 neef
COD_01325.wav,Anigoo og in aysan farriintaan maanta ku soo gaareyn ayaan haddana ku nafisayaa in aan kuu soo qoro.
COD_02612.wav,"Xalayto oo ay ugu darneed, Falis waxay Feysbuugga ku aragtay Sawirka Fannaan meel Fagaaro ah ku Shuminaya Xaaskiisa. "
COD_05105.wav,Waa munaasabad aan caadi ahayn oo hilibka jiirka lagu soo daro cuntada halkaasi lagu cunayo.
COD_01912.wav,Mustaqbal ifaya ayaan u rajaynayaa saaxiibkey Abtidoon.
COD_04641.wav,"Fahan marka hore, ka dibna go’aami waxa aad ka rabto nolosha. "
COD_02576.wav,waxayna rajo badan ka qabtay in ay mar kale dib u midoobi doonaan.
COD_04731.wav,Maareeyayaasha tayada waxay qaataan hab koox-ku-salaysan. 
COD_00790.wav,Waxaan ku noolahay xaafadda Tiida ee degmada Deyniile oo aan u qaxnay. 
COD_07259.wav,Filimkayagan laguma dooran filim Soomaali ahaan 
COD_05116.wav,Masaajidkaan waxaa loogu magac daray Sheekh Cabdicasiis al Muqdishawi.
COD_02453.wav,"Dardaarankii Cabdiqeybdiid Habargidir meesha ugama tegin ee xisaabta ayay ku darsatay, "
COD_00760.wav,"Waxaana tusaale nool ah in seddaxdaan war oo ay ahayd in warbaahinta qabsadaan, oo dhegta muwaadin kasta lagu dhibciyo,"
COD_01409.wav,"Nimankii xalwada gadayay ayuu ka dalbaday 10kg oo xalwo ah iyo 20kg oo buskud ah, iyo xoogaa macmacaan ah. "
COD_01794.wav,duruufuhu sida ay yihiin kuma nagaadaan
COD_01441.wav,Waxaan kugu salaamaya salaanta islaamka iyo mid ay Soomalinnimo iyo walaaltinnimo ku dheehan yihiin. 
COD_02423.wav,si dhalinyarada Soomaaliyadeed oo shaqo la’aanta haysato ay shaqooyin uga helaan  waa inaan maalgalin shisheeyo keeno  
COD_00477.wav,"Dhar waxaan ka lahaa good qeyd yar, oo marna aan garabka saarto, markii qof soo muuqdana lay duubiyo."
COD_03437.wav,waana mid lagu adkeynayo xiriirka walaaltinimo iyo iskaashiga ee miro dhalka ah ee labada dal. 
COD_02353.wav,badanaa oo badanaa inta haldoor milgo iyo maamuus leh oo ka soo jeeda beelahaas oo karaamo
COD_00348.wav,Wuxuu la kulmay arrimo agtiisa ka ahaa lama tabtaan oo uusan weligii ogaanin inay jiraan dad muran ka keena. 
COD_00314.wav,"Allaha u dambi dhaafo wadaadkaas, kolley dadaal ayuu ka weday, laakiin siduu iila dhaqmay aad ayay ii xanuunjisay"
COD_04045.wav,wiil cusb ama wdanka ku cusub aya la jokay markas ayow gadaal ka galay odeykii 
COD_05294.wav,Balliyada iyo waraha oo la wasakheeyo maxaa inooga imaan kara?
COD_06919.wav,Isla markii uu billowday qorshahan waxaa durbadiiba kasoo horjeestay qaar ka mid ah janaraalladii howl-gabka noqday
COD_00950.wav,Qoraal dheer oo juhdi badan kaa galay ayaad Faysbuug soo dhigee. Qof ayaa comment ka soo bixinaya isagoo nus daqiiqo yaalla.
COD_01173.wav,Markii aan ka baxnay salaadda maqrib oo aan ku tukannay masjidka isgoyska Siinaay ayaan masjidka isku aragnay adeerkey
COD_03672.wav,waxa ayna doorbideen in ay si toos ah ula macaamilaan Xafiiska Raysalwasaaraha XFS.
COD_01061.wav,Waxaan tuuray ushii aan siday jiray. Waxaana saaxiibnay ardaydii iga didsaneyd. 
COD_00943.wav,Sida ay geedahaan u fadhiyaan ayay galabkii ka carraabaan.
COD_03185.wav,"Dhalin ileeye dadku waxay ku tilmaami jireen qof aan garaad ku filan lahayn, "
COD_06559.wav,"Sarkaalkan ayaa intaas ku daray in ciidamada NISA ay wadaan baaritaanno dheeri ah oo la xiriira amniga Muqdisho,"
COD_01154.wav,Muqdisho waa dhiigbaxaysaa. Ciidankii Itoobiya ayaa madaafiic ku garaacaya xaafadaha Xamar. 
COD_03708.wav,Laakiin waxay aad caan ugu tahay haraadiga dadkii boqortooyada madaxa bannaaneyd ee Nabataean-ka iyo qabuuraha dhismaha layaabka leh loo sameeyay ee ku yaalla dhulka lamadagaanka ah. 
COD_02062.wav,Sadaqo ku daweeya dadkiinna xanuunsan
COD_04814.wav,"Muuse, sidii uu u dadaalayey, dhammee dugsi sare. "
COD_03106.wav,Marka aan xoolo daaqaya soo ag maro ayay xooluhu iska yaacaan. 
COD_05025.wav,Joogitaanka aan la joogey bukaankan ayaan dareemey inay wax iga maqanyihiin.
COD_05461.wav,"sidaa darteed qaarkood waxay halis u galeen in uu ku dhaco cudurka,"
COD_04394.wav,hal marbuu iska tuuray faraskii oo gurigii dib oogu soo laabtay.
COD_04257.wav,"Jirridda dhirta ee dalooshanta biyaha galaa waa moqor waxaana lagu soo nuugaa dhuun, "
COD_07357.wav,laakiin caasimada ugu amaanka xun ayaa xarun u ah
COD_01334.wav,Kaddibna waxaan darawal u noqday maareeyihii Warshaddii Sifeynta Batroolka. 
COD_02260.wav,Iridda Baar Al-Nasri waxaa fadhiya odayaal labaatameeye ah oo hal rikoor ka dhagaysanaya BBC oo uu warkii dunida ka aqrinayo Axmed Xasan Cowke. 
COD_03488.wav,"Inta ay qeyb tuugada ka mid ah ay dilayeen aabaheey, qaar kale waxey faraxumeyn ugu dhaqaaqeen hooyadeey, "
COD_04156.wav,Odaygii ayaa qaadan waayey odhaahdaa. 
COD_00857.wav,"In aad isgoyska Xaaji Baasto isku aragtaan qof wiriwiraya oo buug kilkisha ku wato, ee uu ku waydiiyo: sanadkaan meeqo buug ayaad akhrisay, ayaa reer magaalnimo la mooday. "
COD_07007.wav,Markaa waxaas oo dhan Soomaaliya ma cadda.  Ayuu yidhi Cabdinuur
COD_00386.wav,Farriinta sida aad u gudbinayso waxay ku xirantahay cidda aad la hadleyso iyo xaaladda ay ku jirto 
COD_02899.wav,Waxay tidhi Boqolkii halaad ee inankaad sodoga u tahay xoolo ka lahaa ayaad yarad uga wada qaadatay
COD_05450.wav,Haatan waxaa dunida la wareegay qalabka teknooloojiyadda oo ganacsigii iyo suuqyada qabsaday
COD_03906.wav,"Ma aragtay arday ay lacagta waxbarashada ka bixiyaan dad qaraabo ama samafalayaal kale, haddana aan dadaalayn, "
COD_03412.wav,"Hawraarsane, maxaad Garaadow noo sheegi lahayd? oday dadkii goobta gabranaa ka mid ahaa ayaa weyddiiyey."
COD_02663.wav,Galabta Bacdal Casir Falis oo Kushiinka Casho ku diyaarineyso ayuu Codkii u dhacay. Madax-Xanuun iyo Wareer ayay ka qaaday.
COD_05127.wav,"Sidoo kalena, sirdoonka Faransiisku waxay si dhow indhaha ugu hayeen dhaqdhaqaagga Xasan Guuleed"
COD_00635.wav,maxayse arrinkaas u baari waayeen haddii woxoodu cilmibaaris yihiin?
COD_02405.wav,waxaa dib u hawlgalinay iyadana  bankiga dhexe oo xoldhibaanada iyo shaqaalaha dowladda ay bilaabeen  inay mushaarada ka qaataan.
COD_02531.wav,taas oo saameyn ku yeelan doonto biyaha webiyada ay la wadaagto dalalka deriska ah oo ay ka mid tahay Soomaaliya. 
COD_07013.wav,iyo sida loola dhaqmo qofka musuqa geysta. 
COD_04941.wav,"Daqiiqado yar bay intay hadallo kooban isweydaarsadeen, kala qaateen taleefoonnada."
COD_02113.wav,Malaha aniga iyo wiilkii uu u siday ayaa isu labbis eg. 
COD_03486.wav,"markii uu ashahaatayna waa ay dileen, waxey xabada kaga dhufteen wejiga iyo caloosha, "
COD_01557.wav,Hooyo in aan waxbarto waxay ka jecleed in aan u soo shaqeeyo. 
COD_05170.wav,Si aynnu u guulaysanno ugu horrayn waa in aynnu aaminnaa in aynu guulaysan karno.
COD_01136.wav,Taleefan ayuu ka soo wacay. Wuxuuna ku yiri Walaal carruurta ayaa iga baahan ee taban dollar ii raadi. 
COD_04824.wav,"Markii gabadhii lagu meheriyey, ayuu Muuse waxa uu soo kaxeeyey xaaskiisii iyo wiil adeerki kale dhalay oo uu is lahaa waxna ha barto, hana ku caawiyo. "
COD_02563.wav,Waa kuushii uu isagu Khadiija siiyay. Nabigu ayaa asxaabta ku yiri: Kuushan yaa madaxfuran looga keenay? Waxaana lagu yiri: Abul-Caas binu Rabiic.
COD_00223.wav,Ma lacag uusan horay u heli jirin ayaa waddanku helaa? Ma duulimmaadyada ayaa raqiis noo noqonaaya? 
COD_04537.wav,Raggu waxay aad uga walaacsan yihiin inay xaaladahooda hagaajiyaan.
COD_04275.wav,Iyada oo baraadla ayey si deggan oo raaxo leh marba dhan u dabbaalanaysaa. 
COD_03783.wav,"waxaa dhacay fatahaado oo daadad ku soo rogmadeed gobolkaas, "
COD_02482.wav,wuxuuna tiriyay maansada Xaaraan quutayaashii oo uu kacaanki uga mahadcelinayo inay afgembiyeen dowladdii uu maamulxumada ku dhaliilayay.
COD_01060.wav,Waxaan jeclaaday oo dhadhan iyo xiiso ii yeeshay shaqadii aan bariiska u soo raadsaday. 
COD_02279.wav,"Qalbi bini-aadam waa bataatiye kaftankiisu wuu i karay, ee saaxiib nagala soo qeybgal xafladda meherkeenna ayay igu tiri. "
COD_02712.wav,waxayna u sheegtay in Dhaqtarkii ay Maalmo kahor u tagtay kasoo sheegay Uur Labo Bilood ah ayna jimatay Jiifkan quruxda badan.
COD_03606.wav,"ka dib waxaan go’aansaday in aan iska dhigo marwo la qabay oo dhaho hebel waan is qabnay, "
COD_00491.wav,"Fiicnaan lahaydaa inaanan carruurteenna cuqdad ku abuurin, si aan hadhow noloshu ugu adkaanin. "
COD_05149.wav,"Lacag kaloo dheeraad ah oo aan miisaan lahayn, canshuur na ahayn ayaa la bixiyaa"
COD_01718.wav,Faarax Qare waxa uu sheegay in Soomaaliya ay qaanuunka caalamiga ah ogolaatay 1989-kii. 
COD_06552.wav,waxaana laga cabsi qabaa in xasillooni darrida ka jirta waddamada xubinta ka ah OPEC ay saameyn ku yeelato tamarta caalamka.
COD_06579.wav,"Shirka oo ay ka qeybgaleen Madaxweynaha DFS Xassan Sheekh Maxamuud, Madaxweynaha Kenya William Ruto,"
COD_02316.wav,waxa ayna khudbadahaasi caan ku yihiin salaanta iyo hordhaca. 
COD_05775.wav,"keliya waxaan doonaya inaan diiradda ku saaro galdaloolooyinka ka muuqda xaruntii ugu weynayd qarranka Somaliland caafimaadka,"
COD_03349.wav,jiilka saddexaad waa dhalinyarada hadda soo gashay qaarkood  oo ku hana qaaday burburkii .
COD_04228.wav,"Qalbigiisa farxad baa ka buuxda, iyo filasho wanaagsan. "
COD_04988.wav,"Waxaana, ku laabo  odhan karaa waxaa caqliga u soo celiya ugu horrayn sharciga, ismaqalka iyo talawadaagta masuuliyiinta la shaqaynaysa."
COD_01288.wav,Mana arkayaan cid ay cabasho u gudbiyaan haddii ay rabaan in ay arrintaas ka hadlaan.
COD_02822.wav,"Muddo yar markuu aamusnaa dhibanihii ugu dambayntii, Wuxuu si kooban saaxiibkii-caqliga  ugu sharaxay arimihii silsiladda "
COD_02972.wav,Ninkan wuxuu noolaa inta u dhaxeysay dabayaaqadii qarnigii 19-aad iyo horaantii qarnigii 20-aad. 
COD_03966.wav,"Waqti walbo hal geeraar ayaan xifdini jiray, "
COD_05354.wav,kor u qaadista tayada waxbarashada
COD_05002.wav,Waxaan ka mid ahaa raggii maalintaa qiiradu qaadday.
COD_06809.wav,"si gebi ahaanba Soomaaliya oo dhan looga xoreeyo Al-Shabaab, "
COD_03952.wav,"waxa uu geedo kasoo gooyn jiray webiga jinkiisa, kadibna wuu kasii ganacsan jiray, "
COD_04215.wav,Ilaa saaka markii uu toosay dhiig baa afka uga dhadhamayey. 
COD_01967.wav,Sida ay guryahoodu isugu furan yihiin ayayna qalbiyadoodu isugu furanaayeen.
COD_05224.wav,"Yoolalkaaga meel sare ku laal, hana istaagin illaa aad halkaas gaadho."
COD_04266.wav,Wuxuu ku soo baxay adhi badan oo ay intiisa dheregta la jiiftaa ka badan tahay inta daaqaysa. 
COD_05171.wav,ASBAABAHA KUU DIIDAN INAAD GUUL GAADHO
COD_00161.wav,tani waa waxa aan dooneyno inaan sii wadno.
COD_04692.wav,Hawlaha maamulka waxaa ka mid ah dejinta istaraatiijiyadda ururka.
COD_01516.wav,Waa sidaas dadka gobta ah ee dunta wanaagsan. 
COD_04423.wav,1949-kii Qaramada Midoobay waxay tabanka sano ee soosocota Soomaaliya hoos gaysay Xukuumadda Talyaaniga.
COD_03935.wav,intuu qoslay ayuu dhahay saxib wax yar sug asxab badan baa u yeertay 
COD_00853.wav,"Maadaama aanan dooqaaga aqoonin, ayaan maanta ku fikiray kaartadii aan maanta suuqa kugu geeyay,"
COD_02931.wav,"cad yar ayey soo qaadday oo intey u timi waraabihii oo hurda afka u marmarisay hilibkii dhiigiisii, oo iskaga tagtey. "
COD_06765.wav,"Markuu arkay: Aqoontiisa, kartidiisa iyo waayo-aragnimadiisa shaqo."
COD_02376.wav,Dib uhanashada qarannimada iyo sharafta iyo karaamada ummaddeena waa waajib saaran golayaasha dastuuriga ah
COD_04598.wav,Jaamacadda Oxford waxay Oxford ku tahay waa saameynta ay leeyihiin dadkii ka soo baxay iyo waxyaabihii ay dunida kusoo kordhiyeen.
COD_02127.wav,"Wuu la dhacay, wuxuuna igu xiray Axmed Cilmi oo ahaa agaasimaha Astaan Ubad. "
COD_00400.wav,"In kii kufsi hubeysan geysta si naxariis darro ah loo dilo, si kuwa kale ugu waana qaataan."
COD_05424.wav,ee lagu magacaabo biij in lagu bixiyo lacagaha hordhaca ah ee guryaha
COD_01623.wav,Ixtiraam iyo qaddarin badan ayaan u hayaa. 
COD_03052.wav,"Wuxuu go’aansaday hadday illaawaan inuu qardhaasta xidho, hadday xasuustaana uu liqqo."
COD_02467.wav,Taariikh dahabi ah oo aan duugoobeyn ayuu ka tegay. 
COD_00198.wav,"Bogga rasmiga ah ee kooxda Al-Nasr ayaa lagu daabacday sawirrada madaxweynaha Al-Nasr, oo la jooga Cristiano, intii lagu jiray saxiixida qandaraaska."
COD_05054.wav,Waxay sidoo kale ogaadeen in raggu ay ka helaan haweenka codka debacsan.
COD_00361.wav,"Markuu ka sheekaynaayo xernimadiisii wuxuu yiraahdaa berigii aanan wax fahmin, markii aan miskiinka ahaa, waxaa laygu harawsan jirey"
COD_00750.wav,"Xalayna Ururka Caalamiga ah ee Duulista Hawada ayaa sheegay in uu heerka hawada Soomaaliya u aqoonsaday Class A, "
COD_06111.wav,"Kumanaan qof ayaa ku dhintay rabshadaha la xidhiidha kooxaha Islaamiyiinta, "
COD_00927.wav,"waxaana loo soo xawilay shan boqol oo shilin Soomaali ah. Wuu noo qeybiyay, waxaana qofkiiba ku soo aadday 19 kun."
COD_07125.wav,"Haddii aad nasiib badan tahay, waxaad arki doontaa xariiqaasi halkaas ka soo baxaya, "
COD_02041.wav,haweeney Sacuudiyaan oo la xanuunsan kansarka dhiigga ku dhaca ayaa shirkad ka dalbatay gabar guriga uga shaqayso. 
COD_01453.wav,"Markaas aabbahey ayaa ii noolaa, oo waqti badan ayaan haystay. "
COD_04706.wav,Waxay leeyihiin meel gudaha ah oo ay gacanta ku hayaan
COD_01371.wav,"Alle mahaddiis, 32 sano oo aan Filand ku noolahay, waligeyna ceyr ma qaadan."
COD_02731.wav,"Markasta oo ay dabaal tagaan inta Maroodigu kor u qaado Dabagaalaha ayuu biyaha dhexdooda dhigaa, "
COD_06507.wav,"Booqasho siyaasadeedkan ayaa kusoo beegmaysa, "
COD_01815.wav,Aaabe hadda ayaan fahmay sababta aad iigu diidi jirtey dhafarka 
COD_05266.wav,Booliiska waxay u qaataan rabshad jireed arrin khatar ah in aay tahay
COD_06444.wav,Qoorqoor oo shaaciyay taban deegaan oo laga qabsaday Al-Shabaab
COD_05649.wav,"Diintu waxay soo kordhisay Af-qoran,"
COD_04137.wav,Wixii rag shirka fadhiyey ayaa mar kaliya af-labadii dhawaaqay. 
COD_00486.wav,"laakiin aniga weligey waxay ii ahaayeen adeer, eeddo, abti, iwm."
COD_01932.wav,Magaalada Rabdhuurre ee gobolka Bakool ayuu ku dhashay. 
COD_02025.wav,Akhyaarey waxaan baraarujinayaa in laga warqabo oo qof kasta wixii uu awoodo ku kaalmeeyo dadka nugul ee nagu dhex nool.
COD_02226.wav,balse ninkaani wuxuu adeegsaday xeelad sababtay in lagu soo dhoobto. 
COD_05440.wav,xilli dunida ay ku tallaabsatay horumar weyn oo dhanka horumarinta shaqooyinka iyo waxsoo saarkaba.
COD_05256.wav,Rabshad qoys waxay ka dhacdaa qoysas nooc walba ah
COD_04711.wav,Hal-abuurku waxa uu ku lug leeyahay fikradda beddelka asalka ah iyo kuwa gaarka ah ee jawaabta dhibaatada. 
COD_00938.wav,Wuxuu iigu jawaabay Waa shaqaale dowladeed oo ku qoran Waaxda Canshuuraha Wasaaradda Maaliyadda ee Dekadda.
COD_00180.wav,"kaddib markii ay ku kala baxeen barbardhac hal iyo hal, kulan ka tirsanaa horyaalka La Liga ee dalka Spain."
COD_07312.wav,"Dharkan gaarka ah ee ka soo baxay tijaabadiisii, oo loo yaqaan Artemis, "
COD_03102.wav,Markaasaa wuxu ku jawaabay ma waxa madaw ee muska la iskaga dhiibaa?
COD_04102.wav,Anniga i kadbo oo waxaad qaadaa hunguriga 
COD_03499.wav,"xitaa ma fahmi Karin waxa loola jeedo Afduub, "
COD_03414.wav,Waxaanse ogaaday in Walaal wuxuu ku dhaamo aan la arag.
COD_06706.wav,"Ugu dambeeyn, SNM dagaalkii ay la gashay xukuumaddii Somalia waxay ku weyday kumannaan rag ah dhallinyaro, "
COD_06098.wav,"iyagoo xusay in gacanta ku dhigeen qaar badan oo kamid ah gaadiidkaas, halka kuwa kalena ay gubeen."
COD_04994.wav,"Shirkii talo badan ayaa lagu soo jeediyay, doodna waa la isku waydaarsaday."
COD_00268.wav,"Haddii aad doonto waxaad haysato oo dhan u bixi Ilaahay dartiis, laakiin ha u bixinin inaad dad ku raalli geliso,"
COD_00813.wav,Heblaayo isbitaal hebel ayay taallaa oo Itoobiyaanka ayaa kufsiwadareed u gaystay. 
COD_06664.wav,"Beesha Caalamka ayay sheegeen in la gaaray xiligii isla xisaabtanka,"
COD_05160.wav,Qaar ka ah mid waaliddiin sheegay in carruurtooda ka mid ahaayeen ciidamadan ayaa muddo dheer walaac ka muujinayay badqabkooda.
COD_06488.wav,waxa uu si adag uga tacsiyeynayaa Geerida Allaha Unaxaristee Gudoomiyihii hore ee Degmada Bursaalax Cabdi raxmaan Shiikh Cabdulaahi
COD_01889.wav,Awooddii dowladdana waa lagu takrifalay oo waxaa lagu dulmiyay qabaa’il gaar ah. 
COD_00505.wav,Waxaa badan qof aad mar baratey berina aad ku kalsoonayd oo aad ku shallaydo inaadan weligaa baran 
COD_03509.wav,"Ninkii madaxa tuugada ahaa wuxuu meel dhigtay derin, "
COD_04899.wav,"Wixii hal mar bay inta ka geddisatay, waxa ay noqotay kala shidaafqaadasho iyo arrin muddo lagu sheekaysto."
COD_05590.wav,wuxuuna u bidhaamiyay inay guuleysan Karaan.
COD_02779.wav,Waanay ugu mahad celiyeen soo dhawaynta wanaagsan ee u fidiyey. 
COD_04223.wav,"Cabbaar ka dibna wuu ku indhodaraandaray, barqadiina dhidid badan ayey ka daadisay. "
COD_03806.wav,"Isaga, wuxuu ahaa muuqaal gundhig u ah dhul ay baabi'isay bini aadamnimadiisii ​​raadinta awoodda, "
COD_02296.wav,Waxaana dhawr jeer baraha bulshada isbarbardhiga hadal uu jeediyey oo meel kale ka jeedinayo siyaasi kale.
COD_04365.wav,cigaal baa maalin asagoo gurigiisa hortaagan oo sita waran af badan baa waxaa ku soo guurguurtay wiil uu dhalay oo aan sanad gaarin 
COD_02337.wav,Sida aad la socotaan muddo dheer ayaan ka maqnaa masraxa siyaasada
COD_03637.wav,"Adeer waxaan ka codsaday inuu ii diro meeshii ay hooyadeey joogto, "
COD_06615.wav,sida ay sheegtay Madaxtooyada Villa Soomaaliya.
COD_06228.wav,"Hadalka Guddoomiyaha ayaa kusoo aadaya, xili dowladda Federaalka ay shaacisay gurmad ay la gaarayso dadkii xoolaha ay ka laayeen kooxda Al-Shabaab,"
COD_06704.wav,"mana geli karaan dagaal muddo dheer, mana safri karaan masaafo dheer,"
COD_00176.wav,Laakiin 64 daqiiqo marka ay dheesha mareysay naadiga Everton ayaa dhalisay goolka barbardhaca.
COD_06028.wav,taas oo la xiriirta howlgallada ka dhan ah Al-shabaab ee ka socda gobolada dalka.
COD_00650.wav,Miyaadan arag wiil markuu guriga joogo ay shaqadiisu ku koobantahay inuu game ciyaaro ama uu taleefan ku kala hadlo kuwa kale oo sidiisoo kale hawl-laawayaal ah? 
COD_03073.wav,aniguna aan waxba helin. Xaasid baad tahay.
COD_02058.wav,Haweeneydii ayaa la waydiiyay waxa ay samaysay. 
COD_03245.wav,"Sidaa ayuu kula taliyay wiilwaal inankii uu abtiga u ahaa, markii uu ogaaday inuuna nacas ahayn."
COD_04286.wav,Markii ay soo baxdayna sawirradii oo dhami dhakhso ayey u masaxmeen waxaana beddelay kuwo dhab ah oo ka sii qurux badan. 
COD_07119.wav,waxaa suuragal ah inaad cirka ku aragtid calaamad   waa haddii aad og tahay waxa aad raadinaysid.
COD_06077.wav,"Waxaa Baydhabo iminka laga soo warinayaa inay ka socoto qabanqaabada shirka, "
COD_05295.wav,Alle subxaanahu watacaalaa wuxuu Qur'aankiisa noogu sheegay in nooluhu ka samaysan yaahy biyo
COD_06998.wav,taasi oo micnaheedu yahay inuu dalku yahay midka ugu musuqmaasuq badan caalamka. 
COD_04789.wav,waxayna kaa caawin karo inaad ogaato xogaha kaa qaarsoon.
COD_06417.wav,ayuu sheegay Madaxweyne Siciid Deni in argagixisadu ay tahay caqabada ugu weyn ee maanta heysata dawlad dhiska Soomaaliya.
COD_06654.wav,"Degmada Baladxaawo AMISOM ma joogto, waxaa amaankeeda masuul ka ah Ururka Gorgor,"
COD_02312.wav,"in nala yiraahdo nala shaqaysta ama waan idinka ridaynaa xukunka, "
COD_06733.wav,Wasiirrada iyo Taliyeyaasha Ciidammada ayaa kulankooda maanta ku diyaarin doona ajendaha shir madaxeedkii beri dhacaya
COD_00753.wav,"Balse ma aysan helin tebinti iyo baahintii ay mudnaayeen, oo dad badan war uma hayaan guulahaas ay dalka u soo hooysay dowladda Soomaaliya. "
COD_03170.wav,ka kalena inuu ka shaqeeyo sidii labada halaad loogu wada lisi lahaa.
COD_00015.wav,"Nidaam nololeed ay bulsho leedahay ama kooxi kuwada xidhiidhaan, ama wadaagaan."
COD_04036.wav,hada imtixaankii ayaa ku sii socdaa jaw ayaa lagu kala tagey maalintaas.
COD_03302.wav,shacabku waa inay dowladda aaminsanyihiin  dowladdana idinkaa la idin karabaa inaad keentaan  dowlad shacabku uu ku kalsoonaan karo  
COD_04010.wav,Xumaan Xumaan Haku Bedelin
COD_03860.wav,heerka ugu sarreeya ee waxyeelada hidda-wadaha ee dadkoo dhan abid soo bartay.
COD_02771.wav,"Maalin ayaa ridii iyada oo gurigoodii ku socota waxay aragtay mas aqalkoodii ka soo baxaya, "
COD_00613.wav,Fiicnaa leheedaa inuu jaamacadaha iyo xarumaha cilmi baarista ka bixyo cashar cinwaankiisu yahay Sida loo sameeyo milyuneerrada. 
COD_05051.wav,Ciidamada dowladda ayaa sheegay inay si buuxda gacanta ugu hayaan degmada
COD_06040.wav,"Dowlad Goboleedka Galmudug, ayaa war saxaafadeed kasoo saartay qabsashada degamada Ceeldheer oo ka tirsan Gobolka Galgaduud,"
COD_03432.wav,"ama loogu hibeeyn karo dhulalka danta guud wixii ka dambeeyay sideedii Febuary, 2017, "
COD_00803.wav,"Waxaan ka baxay Stadium Muqdisho, waxaan sii maray saldhigyadii ay Itoobiyaanka ku lahaayeen Xarunta Xibsiga, Isgoyska Cali Kamiin, Xamar Bile iyo Isgoyska Foloronza. "
COD_03661.wav,hadeey dooneyso haka tagto haddii kalena ha heysato 
COD_04114.wav,Laba qalbiyeyn iyo walaac ayaa coobbaha is tubay. 
COD_00738.wav,Intii aan Singabuur joogay wuxuu qalbigeygu ka maseyrsanaa sida Soomaaliya iyo Singabuur oo iyagoo faqri wada ah xuriyadda kala qaatay kun sagaal boqol lixdankii iyo kun sagaal boqol lixdan iyo shantii
COD_03362.wav,"Hooyada Soomaaliyeed  waa tan markii uu dhib dhaco qaxda,  "
COD_03478.wav,waana isku dhax yaacday waxey shegeyso iyo wax kale ayeyna ku wareertay.
COD_02460.wav,"Wuxuu ku kaftamay in Habargidir oo colaaddii fure u aheed, ay hadda nabadda fure u noqaneyso, "
COD_05455.wav,Kadib saameynta ka dhalatay safmarka Karoona wuxuu isbaddallo ku yimid waaxyaha caafimaada adduunka
COD_04399.wav,"inta isla hadlay ayuu yiri sharafta alla kaa qaad, muusugo intaan hadalka dhameenayo"
COD_02306.wav,"Aniga iyo madaxweynaha waxaan isla garanay ka hor inta aanan dalka wax u qaban inaan dalka dhibaateynin, "
COD_04306.wav,"hase ahaatee markii waagii baryey ayuu wuxuu arkay, wuxuu Libaax u maleynayey oo aan Libaaxba ahayn. "
COD_05531.wav,"Waxay u muuqatay in markii shirkadda Apple ay sameysay barnaamijka Siri, "
COD_04980.wav,"Inta yaabay ayaan waxa aan weydiiyey, waxa uu ka wado. "
COD_00290.wav,Marmar wuxuu niyadda iska dhihi jirey  gabadhu doqonsanaa may iska fahamto ujeeddada?
COD_06256.wav,oo ay ku eedeeyeen inuusan laheyn xulasho fiican oo ku aadan safka kooxda iyo shaxda uu ciyaarayo kulamada kooxda.
COD_06601.wav,"Maleeshiyaadkan ayaa qeyb ka noqonaya maleeshiyo beeleed uu maamulka Somaliland maalmihii lasoo dhaafay keenayay gobalka Sool,"
COD_03788.wav,"muwaadinka Scotland haddii uu masqul u baahdo waxa uu xaq u leeyahay inuu gargaraaco guriga ugu dhow ee uu masqul ka heli karo, "
COD_05049.wav,Waxaa hoolka soo galay 100 qof oo marti ah
COD_02610.wav,"Markuu Qanciye Hurdo isu duuduubo ayay furataa Feysbuugga oo ay marmar ku aragto Sawiro ay saaxiibadeed lasoo galeen Nimankooda, "
COD_06358.wav,sifooyin aan la arki karin waxaana lagu soo dhoweyn karaa sida nidaamka diyaaradaha aan duuliyaha lahayn oo kale 
COD_06852.wav,Fiisaha waddamada Midowga Yurub oo qaabka loo codsado la fududeynayo
COD_03653.wav,"mar xitaa waxaan isku dulmiyey in aan subaxa aan dhuuman doono habeenkeeda sun siiyo dhamaantood, "
COD_00808.wav,"Intii qaxa lagu jiray qoys kasta tiisa ayaa heysatay oo dadku war isuma heyn, balse maalinkaas ayaa la is warsaday. "
COD_01681.wav,Waxaa halkii iigu yimid saaxiibadeydii shaqada. 
COD_06961.wav,sida lagu sheegay warbixinnada ay soo saaraan hay'adaha ka shaqeeya xuquuqda aadanaha
COD_04673.wav,Waan fekeri lahaa oo hadba xaaladyda qiimayn ku samayn lahaa.
COD_00982.wav,Sababta haddii la waydiiyana wuxuu leeyahay: nolol iyo waxbarasho tayo leh ayaan u raadiyay.
COD_01297.wav,Dadka badankood qaamuuskaba uguma jirto in ay jiraan fiction stories oo ah sida ugu taabbagalsan ee farriin bulshada loogu gudbiyo.
COD_06783.wav,"xilligii uu Alshabaab ahaa, kana tirsanaa waxa ay ugu yeeraan maktabka Dacwada, 2011 ayay ku aqal galeen Muqdisho."
COD_00117.wav,"Waxaa jira gabyaa badan oo dumar ah oo leh hal-abuur iyo sheekooyin wanaagsan oo ay aheyd in ay ka hadlaan laakiin aan lahayn geesinimada ay ku hadlaan, "
COD_04149.wav,"Hubsiimo halbaa la siistaaye, dhawris labaad ayuu u celiyey mise qosol ayuu gaws-ka-gaws Garaadkii ka wareegay. "
COD_00664.wav,"Isla isagii ku dhacay ayaa ku raalligelinaya, si aadan lacagtii ugu qabsan, in kastoo ay jiri karaan dad ay dhab ka tahay oo ciwaanka laga jabsaday."
COD_05194.wav,Hal fure oo muhiim u ah guusha waa kalsoonida
COD_00696.wav,"Safarkan waxaan ku tegay magaalada London, waxaana booqday matxafyada caanka ah, Tower of London, Tower Bridge iyo London Eye"
COD_01263.wav,"Xasan Shiikh intii uu xildoonka ahaa wuxuu ku celcelin jiray fashilka Farmaajo, "
COD_00209.wav,"Waxaan xasuustaa in annagoo dhawr iyo toban jirro ah, oo bugle meel ku ciyaarteyna uu noo yimid wiil xaafadda ah oo aan dhihi jirney waa 'dhiblow' "
COD_04084.wav,Gurigiisii ayuu tagay odaygii wuxuuna gabadhiisii faray inay gawracdo sabeenta neefafkooda ka dhaqaaqaysa. 
COD_00847.wav,"wuxuuna ka codsaday in ay suuqa kala soo adeegto, maadaama uusan aqoonnin dooqa dumarka. "
COD_04784.wav,maadaama aysan isticmaalin hubka caadiga waxaa qasab ah in ay helaan barnaamijyo kale ay ku sameyn karaan dilal.
COD_02722.wav,"isna kama yeeline wuxu yiri: Falis war ma wadi karo, arinkas xalayto ayan kaala hadlay haddana Goob-Shaqo ayan joogaahe ha i qasine Jaaw."
COD_06159.wav,saddex ka mid ah saddex isbuuc kahor intaan tagin baan la xiriiray waxaan ku iri barnaamij baan rabaa inaa sameeyo
COD_03592.wav,"noloshii fasahaadka ayaa soo afjarmeysay, "
COD_05861.wav,Maxkamad racfaan oo ku taalla dalka Greece ayaa amartay in lasii daayo muhaajir Soomaali ah oo xabsi daa in loogu xukumay inuu dad soo tahriibiyey.
COD_06867.wav,Dawladaha xubnaha ka ah ayaa ugu baaqay Komishanka Yurub inay dedejiyaan 
COD_00835.wav,Midna wuxuu yiri Wixii aad is qarisaba caawa bannaanka ayaad is keentay.
COD_00957.wav,"Dadka ku xiran ayaa qoraalkii ka falcelinaya, oo siyaasiyigii inta lugta ka qabtaan waxay sii jiidayaan ilaa Tareedisho."
COD_05504.wav,Warbixin kasta oo sannadle ah oo ay soo saarto shirkadda Amazon
COD_04626.wav,"Qof kasta riyadiisa ayaa ah inuu nolosha ku guuleysto. Laakiin, qaar badan uma rumoobaan riyooyinkooda. "
COD_06118.wav,"Waxaa jira arrimo dhawr ah oo ka dhigay Mid ka mid ah Magaalooyinka ugu muhiimsan Xukunka Khawaarijta,"
COD_00220.wav,Odaygii wuxuu ku jaawaabay: isagoo yaabban Yaa xaa ku dhacay sannadkii hore ayowba berimo ahaaye?. 
COD_03978.wav,Noqo Mid Dulqaad Bdan 
COD_02090.wav,May 2020 ayuu warhaabinta la hadlay. Wuxuu yiri
COD_05191.wav,Kalsooni waxa weeyaan in aad u aragto naftaada mid wax soo saari karto
COD_05444.wav,Waxaa jiraa malaayiin qof oo ku tiirsan shaqada darawalnimada oo ka cabsi qaba in arrintan ay saameyso mustaqbalka.
COD_02818.wav,"Libaaxii wuxuu u tagay waraabihii oo hurda, markaasuu arkey waraabihii oo afka dhiig ku leh. "
COD_05814.wav,"Wallow cisbitaalka guud uu soo maray dayac farabadan oo aanu gayin intii dawladdii kacaanku ka talinaysay Somaliland,"
COD_05595.wav,Muddo lix saacadood gudahood ah waxay ku iibiyeen ilaa kun koob.
COD_05652.wav,"Diintu waxay qiimo jabisay xiriirkii isir wadaagnimada,"
COD_04413.wav,Ingriiska markaas wuxuu ka waday Bariga Africa dhisitaan khad tareen oo isku xidha wadamada Bariga Africa. 
COD_00685.wav,"waxayna ku wada hadlayaan carabi jajab ah, mid kastena wuxuu dareemayaa in uu Rabbi toos ugu xiranyahay oo uu ka mid yahay martida Alle."
COD_02841.wav,"Tuugii ayaa yidhi haa waan kaa iibine, imisa ayaad iga siisan?. Ninkii wuxuu yidhi shan halaad ayaan kaa siisan. "
COD_06094.wav,kadibnah uu qarxay dagaal culus oo fool ka fool ahaa.
COD_04240.wav,Sidaas oo uu  niyadsan yahay waxaa jira dareen dhiillo oo marmar soo weeraraya.
COD_03570.wav,"qaarna iyagoo dhaawac ah ay banaanka guriga iyo gudahaba yaalaan, qoryihiina laga wada qaatay."
COD_04791.wav,waxaana meesha laga saaray shaqaalihii Ruushka ee ka howl gali jiray safaarada.
COD_00172.wav,"Daqiiqadii 24-aad kooxda Manchester City ayaa hoggaanka u qabatay dheesha kaddib markii uu hal iyo eber ka dhigay weeraryahankooda Haaland, "
COD_00173.wav,waxaana goolkan ka caawiyay saaxiibkiis Mahrez.
COD_01032.wav,Mid saaxiibkiis ah bacaadle uga furan yahay Bakaaraha ayaa waydiiyay horta qoladaan meeqa  ayay mushaar kuu siiyaan? 
COD_07319.wav,"khibrad gabi ahaanba ka duwan wixii hore, "
COD_02281.wav,"Intii aysan aqalgelin ayay ninkii waardiyaha ka wareejisay, waxaana laga dhigay darawalka gaariga hay'adda. "
COD_00766.wav,"Wallee wixii aad is qarisaba, maanta bannaanka ayaad is keentay oo qoraa qabiil ayaad maanta u xuubsiibatay."
COD_02068.wav,"Sida caadiga ah, qiimaha joornaalku waa kun shilin haddii aad meesha ku aqrisanayso, haddii aad qaadanaysidna waa labo kun oo shilin. "
COD_04328.wav,Somaliland fashil xooggan iyo wajigabax ayey kala kulantay qaddiyadda Sool 
COD_00468.wav,Waxaan rejeynaa in geesihiinnu aysan mar kale noqon dhego dameer
COD_05663.wav,"Ilbaxnimadaasi waxay lahayd af qoran iyo diin,"
COD_01071.wav,Waa shumac gubanaya si uu dadka kale nolosha ugu ifiyo. 
COD_02015.wav,"Waa dad aan cidna u maqneyn, ceelna u qodneyn oo aan heli karin wax ay cunaan. "
COD_07264.wav,Ra'iisul Wasaarihii hore ee Britain Boris Johnson ayaa sheegay in mar uu taleefoon kula soo xiriiray Madaxweynaha Ruushka Vladimir Putin
COD_05395.wav,"Ciyaaryahanka xulka qaranka Argentina Rodrigo De Paul, oo 28 jir ah ayaa qarka u saarnaa in u uku biiro Leeds "
COD_00792.wav,"oo sheegayay in ciidamada Itoobiya ay xalay ka baxeen Muqdisho, ayna faarujiyeen Isgoyska Florenza, Madaxtooyada Soomaaliya,"
COD_03311.wav,Hal malyan oo doolar in bishii meel loo dhigo 
COD_01211.wav,"wuxuuna iigu jawaabay Guriga ayaan uga soo soo tegay niiclihii uu lambarkaas iigu jiray, ee kuma dhibi lahayn,"
COD_01423.wav,"taleefanka bannaanka ayaan la istaagayaa, ee soo waca si aan u tijaabiyo samiicaddiisa, "
COD_02673.wav,Inta ilmadii ka qubaneysay iska tirtay ayay u sheegtay waxa dareenkeda bedelay.
COD_00579.wav,"Haddii aad la sheekeysataan dhakhaatiirtii hore, mid kasta wuxuu idinkaga sheekayn doonaa tuuladii ama degmadii uu dhakhtarka kasoo noqday."
COD_05154.wav,Waxa uu intaa ku daray in aysan garaneynin waxa ay yihiin dadka lacagta dheeraadka ah ka qaada.
COD_01809.wav,"iyo inaad necbeyd maalaayacniga, wax-ma-tarannimada iyo kala daadsanaanta. "
COD_01674.wav,"Weligey ma iibsan shaati cusub, ee waxaan ugu gadi jiray buugaag ay wax ka bartaan."
COD_06808.wav,Waxay sidoo kale madaxda isku raaceen in la sameeyo howlgal wadajir ah oo lagu qaadayo goobaha ay ku harsan yihiin argagixisada 
COD_04845.wav,In gabadha iyo wiilka uu u celiyo deegaankooda. 
COD_05765.wav,"Ballan habeennimo kallahe arooryo ayuu leeyahaye,"
COD_00144.wav,Muhiimadayda waa inaan haysato laba weeraryahan oo bahalo ah.
COD_01239.wav,Qof juuq leh nagu ma jiro oo ruux kasta wuxuu dhegta u raaricinayaa sharraxaadda cashirka. 
COD_06810.wav,loona fududeeyo dhimista ciidamada ATMIS iyo in si tartiib tartiib ah mas uuliyadda amniga Soomaaliya loogu wareejiyo ciidamada Soomaaliya.
COD_05344.wav,Ilbaxnimada dunida aqoon baa u indhaah.
COD_00203.wav,"Al-Nasr ma uusan shaacinin qiimaha uu ku fadhiyo heshiiskan, balse wararka jaraa'idyada ayaa tilmaamaya in Ronaldo uu qaadan doono mushaar dhan boqol toddobaatan iyo seddax milyan ginni sannadkii, "
COD_04923.wav,"Ilkaheedii baylka ahaa luun baa maray, luqluq iyo rummay la'aan bayna sababsadeen."
COD_05947.wav,"Maama Caasha oo  ka hadlaysay sicirka waqtigaan  ku yimid iyo saameynta ka dhalatay  waxaa ay sheegtay in hoos u dhac uu ku yimid dalabka Shaaxa,"
COD_05237.wav, In ay kugu adkaato koobista hagida fikirkaaga ujeedadaada.
COD_05884.wav,taasoo qayb ka ah geeddi-socod nabadeed oo uu hoggaaminayo Midowga Afrika.
COD_02354.wav,waxqabad umadda u soo kordhin lahaa oo xayndaabka siyaasadana looga tuuray maadaama oo aanay la aragti ahayn.
COD_07123.wav,"Walaxdan loo yaqaan Comet, ayaa waxa ay ka samaysan tahay baraf iyo boor."
COD_04523.wav,Jirku waa adeegaha maskaxda wuxuuna u hogaansamaa nidaamka maskaxda ha ahaado mid si bareer ah loo doorto ama si toos ah loo muujiyo.
COD_03928.wav,waxana lo qumay dhan kaas iyo isbital kaysanay ee dulaydka muqdisho aydo larabo in meshaas laga saro doon nuuca malayga lagu dabo. 
COD_04131.wav,Wuxuu is yidhi adiguba bowdadaa hebel keenay oo kale unbaad la iman lahayd ee tii yarayd ayaa Alle kuusoo diray. 
COD_06772.wav,"Maxkamadda darajada kowaad ee Ciidamada qalabka sida ee Dawladda Soomaaliya ayaa shaacisay in 8 sano oo xabsi ah ku xukuntay Fartuun Cabdirashiid Xuseen,"
COD_06184.wav,Codsi ay wakaaladda wararka AFP u dirtay safaaradda Ireland ee Addis Ababa lagama jawaabin.
COD_03776.wav,"laakiin haddaad ku fakarto inaad mar un booqato, haddaad nin tahay ha isku dayin inaad haweenay isku ekaysiiso, "
COD_05579.wav,"Halkii ay ka caroon lahaayeen koobabka qashinka noqonaya iyo saameynta ay horay u arkeen, "
COD_04478.wav,"maalin maalmaha kamid ah soo booqatay saaxiibaddeed oo cunto karinta si heersare ah u taqaannay, "
COD_00765.wav,Wuxuuna comment kuugu soo qorayaa Adigii aqoonyahanka Soomaaliyeed ahaa miyaa sidaan u hadlaya?
COD_02986.wav,"Goor uu ninkii tagay ayaa naagtii waxay soo qaadday bac adag, kolkaas bay shimbirkii oo qafas ku jiray dul dhigtay. "
COD_02553.wav,"Waxaa la gaaray xilligii hijrada. Zeynaba waxay u timid Nabiga, waxayna ku tiri: Aabbe, Makko ma kula hari karaa ninkeyga? "
COD_02880.wav,Ninkii gabadhii ayuu kaxaystay oo waxa uu yidhi ilaahay ayaa jira oo wax aan ku noolaano waayi mayno.
COD_05750.wav,"Masaafada geela loo daaqgeeyo oo aad u durugsan ayaa keentay in wixii fog looga qiyaasqaato oo la yidhaahdo,"
COD_01287.wav,"Dadkii meesha ku soo yaacay inta badankood loo adeegi waayo, ayay laabanayaan iyagoo aan waxba iibsan,"
COD_01354.wav,Waxay ii noqotay hooyo labaad oo i bartay dhaqanka iyo anshaxa Finishka iyo sida loola shaqeysto.
COD_02556.wav,"Zeynabana way murugootay, waayo waxaa labada saf ee dagaalka ku kala jira aabbaheed iyo ninkeeda, "
COD_04653.wav,"Hadafka ayaa muhiim u ah noloshaada, waa jihada naftaada. "
COD_01459.wav,Aniga ayaa ka masuul ah noloshooda oo Ilaahey ka sokoow aniga ayay wax iga sugayaan. 
COD_05125.wav,Waayo Cafartu waxay cabsi weyn ka qabeen in haddii xurnimo la helo ay Jabuuti Soomaaliweyn ku biiri doonto
COD_00748.wav,"Isla shalay waxaa Muqdisho ka furmay shir u dhexeeya Dowladda Soomaaliya iyo urur-goboleedka Bulshada Bariga Afrika, "
COD_01448.wav,Ku soo dhowoow qalbi xalan iyo laab xaadhan. Qawl suuban iyo qaddarin sare. Fool furan iyo fal fayoow.
COD_05592.wav,"Koobabkii ugu horreeyay markii loo warshadeeyay sanadkii 2009-kii,"
COD_02847.wav,Ninkii uu seediga u ahaa ayaa yidhi faraskaygii ayaa la iga xaday. 
COD_06521.wav,"dhammeystirka Dastuurka, dayn cafinta, xoojinta Dimuquraadiyeynta, Federaaleynta iyo adkaynta dowladnimada."
COD_06958.wav,"Dowladda Sucuudiga ayaa gudaha dalkeeda waxa ay ku fulisaa dilalka maxaabiista, "
COD_06811.wav,"Waxaa lagu heshiiyey in si wadajir ah loo qorsheeyo oo loo abaabulo olole hawlgal oo xooggan oo dalalka safka hore ah,"
COD_02069.wav,Aayaha Nolosha oo qorayay sheeko xiiso badan ayaan ka iibsaday.
COD_03620.wav,"ka dibna wuxuu i dhahay adeerkaa ma ihi, waan isu eknahay adeerkaa. "
COD_02649.wav,"Kushiinka ayay ku jiraan, Xan Fresh ah iyo Xusuusahoodii hore ayay ka sheekeysanayan."
COD_05410.wav,Wareysiga carada dhaliyay ee Ronaldo ayaa daba socday go'aankii uu macallinka United kursiga keydka ku fariisiyay Ronaldo
COD_04622.wav,waxayna u baahan tahay shaqo adag. 
COD_05036.wav,aqoonyahannada iyo guud ahaan dadweynaha wax badan buuggani u faa’iidayn doono.
COD_02384.wav,"madaxweynaha ma aha in loo baaahdo marka laga rabo codka oo kaliya,waxaa laga raabaa talo,  waxaa laga rabaa inay dowladdaas  ay ka wax dhisaan."
COD_01533.wav,Waxaan hadda haynaa 83 carruur ah. 
COD_03822.wav,oo ku saabsan horumarinta warshadaha oo bilaabay inuu carqaladeeyo adduunka dabiiciga ah. 
COD_02207.wav,"Hadda markii la dilo qof saaxiibbadeyda ka mid ah waxaan galaa contacts-ka taleefankeyga, waxaana magiciisa ka hormariyaa marxuum. "
COD_05835.wav,dhawaana uu ka soo qallin jabiyay jaamacadda Hargeysa.
COD_04220.wav,Markii waagu guduutay socodkii uu soo bilaabay ayuu weli ku jiraa isaga oo beegsanaya tuulo u jirta gelinsocod dheer. 
COD_00538.wav,Gabadhii intey dukaanka soo gashay ayay billowday inay si kaslooni leh u adeegato sidii qof weyn oo kale. 
COD_06448.wav,oo muddo sanado ah ay gacanta ku hayeen maleeshiyaadka argagixisada Al-Shabaab.
COD_06254.wav,"Taageerayaasha kooxda Chelsea ayaa aad uga niyad jabsan bandhiga liita ee kooxda ay soo bandhigtay tan iyo billowgii xilli ciyaareedkan 2022-2023,"
COD_01545.wav,"Badankood waxay qoyskooda  ugu jiraan kaalintii aabbe, oo waxay reerka ku biilaan shilimaadka ay shaqadaas ka helaan."
COD_00352.wav,wuxuu ku dhex wareeray badweynta afkaaraha is-diiddan oo uusan weligii maqal una diyaarsanayn 
COD_04726.wav,Maamulayaasha tayada leh waxay leeyihiin tayo furfurnaan. 
COD_01273.wav,"Inta xaflad balaayo ah loo sameeyo, oo la buunbuuniyo ayay dadka magaaladu ku soo jebayaan. "
COD_00316.wav,Horta siyaasigeenna iyo dhurwaa maxaa isu galay?
COD_05096.wav,Waxa ay u sheegtay in aabihiis uu ahaa qof bani’aadamnimo fiican leh sidoo kale fannaan wanaagsan ahaa.
COD_00882.wav,Ragga Soomaaliya ka xamaasho iyo gabdhaha Yurub iyo Ameerika ku koray waa isku dhibban yihiin.
COD_04550.wav,Dib uga fakar markii ugu dambeysay ee aad hadaf weyn gaartay. 
COD_06888.wav,inta lagu jiro nidaamka codsiyada sida sanduuqa wada-hadalka iyo su'aalaha inta badan la isweydiiyo.
COD_05656.wav,waddankase waxaa weli awood ku lahayd diimihii Afrikaanka.
COD_01697.wav,Waa goor aroor ah. Daqiiqado kahor ayaan salaadda Subax ka soo baxnay. 
COD_02144.wav,"Labo maalin kadib ayuu ustaad Jimcaale u yimid isagoo faraxsan, wuxuuna ku yiri: ustaadow waan helay qof lacagta iga bixiyo. "
COD_05236.wav,Degenaansho la’aan iyo nasasho kariwaa.
COD_04253.wav,Dhulku waa dhulkii. Laakiin dhiiggan baas ee afka ka dhadhamayaa waa maxay?
COD_07240.wav,si uu u noqdo mid guulaysta.
COD_03449.wav,"si waafaqsan heshiiskii 17-kii Sebteembar ee ay ku heshiiyeen Madaxda Madasha Wadatashiga Qaranku, "
COD_06775.wav,Hoos ka Akhriso qoraal kasoo baxay Maxkamadda Ciidamada qalabka sida ee DFS.
COD_01868.wav,"Wiilka curashadiisa fool ayaa ka horreyso,"
COD_06538.wav,"Madaxa Hay’adda Sirdoonka Maraykanka CIA William Burns ayaa safar naadir ah ku tagay dalka Libya Khamiistii,"
COD_03120.wav,"Riyuhu waxay haweenka ka shabbahaan kalgacaylka iyo naasaha, riyuhu way ubad jecelyihiin sida dumarka, laba naasoodna way leeyihiin"
COD_01494.wav,Gaaridameerluhu wuxuu gacanta ku raadinayaa loorar shamiiddo ah oo godka ku dhacay. 
COD_06560.wav,isaga oo intaas raaciyay in haweeneyda lasoo qabtay loo gudbin doon hay’adaha caddaaladda.
COD_02535.wav, Helsinki wuxuu Soomaaliya xaq u siinayaa in ay talo ku yeelato tallaaboobinka horumarineed ee itoobiya ka fulineyso wabiyada ay la wadaagto Soomaaliya.
COD_05003.wav,"Guul ayaan ka soo hooyney dagaalkii, warkayguna anoon magaalada soo gaarin buu iga soo horreeyey."
COD_05805.wav,"ay banaanbax ugu sameeyan magaalada Hargeysa, "
COD_03031.wav,"Waxay u timid ninkii geela lahaa, waxay tidhi waxaan u socdaa arrintii aan ku heshiinay ee maxaad ka qabtaa?. "
COD_00931.wav,"Waxaa si fiican u shaqeynaysa dekadda Ceel-Macaan, oo ay ka muuqdaan markab, doomo iyo xoogsato badan."
COD_00456.wav," wasaaradduna ay tasdiiqiso, iydoo shahaadooyinka la iibiyo badankoodana looga shaqeeysto hay’adaha dowladda."
COD_04868.wav,"Oraahdan ayaa waxay gaartay adeerradi, "
COD_03027.wav,"Markaa uu reerku caano, timir iyo hilib ba isku cunayo."
COD_06005.wav,"Xiisaha Gunners ee Mudryk ayaa si cad loo sheegay xagaagii 2022, "
COD_01796.wav,Baro inaadan dadnimadaada u lumin dan raqiis ah oo ku meel gaar ah. 
COD_02235.wav,Dad badan waxay qabeen in xurriyada maalinkaas la helay ay ka dhalatay halgankii uu soo billaabay Sayid Maxamed Cabdulle Xasan. 
COD_02561.wav,"Lacag oo dhan waxay ka heysataa kuul uu nabigu siiyay hooyadeed Khadiija, oo ay iyada siisay. "
COD_04422.wav,1948kii xulafaddii dagaalkii labaad ku guulaysatay waxay ugu deeqeen Itoobiya in ay hanato dhulka Soomaaligalbeed. 
COD_04993.wav,ilaa ay soo gaadheen gegabadii oo guuldarro ah.
COD_06483.wav,"Dilka labada ruux ayaa waxaa uu ka dhacay bartamaha Bursaalax, waxaana geystay nin hubeysan oo kamid ah dadka deegaanka."
COD_06054.wav,"Maamulada dariska la ah deegaanada iyo degmooyinka laga qabsaday kooxda Al-Shabaab, ayaa loogu baaqay inay dagaal kooxda ugula hortagaan,"
COD_05403.wav,"oo ay ku jiraan kuwo aan la qaaday Portugal, laakiin inaan magaca waddankeena ka dhigo heerka ugu sarreeya adduunka ayaa ahayd riyadeyda ugu weyn. "
COD_05819.wav,"waxaana ay badiba shacabka Somaliland u yaqaanan Kawaanka geerida, "
COD_04728.wav,"Iyagoo furfuran, waxay tixgeliyaan fikrad kasta oo faa’iido leh oo ay ka aqbalaan meel kasta oo ay ka timaado."
COD_01035.wav,Oo sidee adiga oo jaamici ah uga yeeshay labo boqol iyo konton dollar? Annagii xoogsatada ahaynba intaas kuma shaqeynee.
COD_01840.wav,Laakiin maanta guusha ay gaartay guul ma aha. 
COD_05965.wav,dowladda ayey ugu baaqday in ay canshuurta yareyso.
COD_05090.wav,Falanqeyn ku saabsan socdaalka Xasan Sheekh ee maamul goboleedyada dalka
COD_01752.wav,sidoo kale waxaa ku kulmi jirey haweenka deriska markii uu jiro ‘baal-cad’ ama ay ka ducaysanayaan shar laga digay. 
COD_06758.wav,Ixtiram iyo in aan nahay 2dal oo daris.Ah laakiin geele oo ogaa Farmajo ninka Uu yahay
COD_02901.wav,"Ninkeediina waxay ku tidhi adna waxaad maanlaawe ku noqotay, adigoo boqol geela leh ayaad boqolkiiba subax dareerisay. "
COD_04575.wav,Sidee dareemi doontaa maalinka aad bilaabayso shirkadaada?
COD_02454.wav,oo bishii September waxaa hoggaanka beesha ku tartamay Janaraal Maxamed Nuur Galaal iyo Prof. Cabdulqaadir Maxamed Shirwac
COD_04029.wav,salaan ka dib wuxuu weydiiyey wixii maalintaas meesha keeney 
COD_01105.wav,"Cumar wuxuu ahaa saaxiibkeyga gaarka ah. Waxaan xasuustaa in uu dhallinyarannimadiisii ahaa qofka noogu ikhyaarsan, uguna dhawrsan asaxaabtii aan isku filka ahayn. "
COD_05103.wav,"Qabriga xoogaa wuu baaba’ay waxaana ka dul baxay caws, balse dhagaxa ku qotamay ayuu ku xardhanaa sawirkiisa"
COD_07255.wav,"iyo sida uu dadaal ugu galay badbaadinta xaaskiisa oo kiliyaha ka xanuunsatay,"
COD_04777.wav,laakiin waxaa si layaab leh in la dilo qof mucaarad ah hadda taageero badan ku leh bulshada dhexdeeda.
COD_03685.wav,waxaana uu Shaqaalaha Soomaaliyeed ku bogaadiyey dadaalka ay soo geliyeen dowlad-dhiska iyo horumarinta dalkeenna.
COD_01336.wav,"Waxaan tikit u jartay magaalada Moscow ee dalka Ruushka, oo aan Finland uga sii tallaabayay. "
COD_00272.wav,"Hala gaarsiiyo, iyagoo mahadsan,  inaysan ka illoobin markii ay shaqada dhameeyaan inay dhagax shub kala dhex dhigaan labada waddo"
COD_05605.wav,"Waxaan garawsaday in aanan nolosheyda meel uga soo darin ka shaqeynta saliidda iyo gaaska, ayuu yiri."
COD_01507.wav,"Waa arrin bogaadin mudan in qaaraanka qabiilku uusan diyo kaliya ku ekaan ee ganacsi, waxbarasho iyo horumarinta dadka loo kaashado. "
COD_04346.wav,"Khasaaraha shacabka soo gaaray ma yara,  "
COD_05879.wav,"Doonta ayaa waxaa ku qarqamay laba qof, halka 33 laga soo badbaadiyey."
COD_02480.wav,riyadiisii ma ruboobin oo musuqii iyo fowdadii dalka ka jiray waa kuwii sababay in maalin cad toogasho lagu dilo madaxweynihii Soomaaliya.
COD_05175.wav,ILAAHAYOOW ILAAH KALE MA JIRO ADIGA MOOYAANE
COD_04236.wav,"Xilligu waa gu dambeed ay dhibicda roobku jeesatay, doogguse weli qof gaaban wuu qarinayaa, dhirtuna caleen ayey la ciiraysaa. "
COD_05404.wav,Ronaldo oo ah qofka taageerayaasha ugu badan ku heysta barta Intstagram-ka ayaa qoraalkiisa si weyn looga fal celiyay
COD_05642.wav,"Dhaqamada reer Afrika, waxaynu u qaybin karnaa kuwo qoraal ah oo ay samaysay diinta Islaamku iyo kuwo Afrikada kale ah."
COD_02471.wav,"Wuxuu soo arkay gacantii birta aheed ee gumeystaha, wuxuuse aaminsanaa in mar laga bixi doono."
COD_01151.wav,"Nasiibxumo, waxaan maanta maqlay in xilkii laga qaaday Caydaruus "
COD_06393.wav,Sidaa darteed Kuuriya waxay dooneysaa inay hubiso in qaar ka mid ah iskaashigeeda istiraatejiga ah ee ay la leedahay  UAE inay sii jiraan.
COD_05310.wav,Waa inuu u hoggaansamo amarrada diinta Islaamka ee ina faraysa wanaagga.
COD_04516.wav,Waxaynu dooranaa in aynu maskaxdeena u kobcino si xikmad leh ama aynu u dayno in ay duur-joog iska noqoto. 
COD_04396.wav,Cigaal wuxuu ku jawaabay waalaisku baa ba'ayoo faraskaygii waa dhintay manta waranbaa caloosha ka soo riday
COD_05056.wav,Mahad Eebaa iska leh ee barbaariyaha caalamka ah
COD_02586.wav,"Carawelo ayaa Falis uga sheekeysay Dhagarta Ragga, waxayna xusuusisay codkii ay Bil kahor Qanciye kasoo duubtay, "
COD_04060.wav,Xilli lagu qiyaasay qarnigii 16aad ayaa waxaa jiray boqor Soomaaliyeed oo la oran jiray Wiil Waal. 
COD_05994.wav,iyagoo sameeyay fursado badan ee goolal loo filan karay.
COD_02409.wav,laakiin ma moogi dowladdu inay dagaal ku jirto waxaa waaye dagaalku waxa uu ka socdaa hal dhinac.  
COD_01289.wav,Sannad kaddib waxaa la arkayaa meeshii la tuurnaan jiray oo faaruq ah iyo kabalyeeriyaashii oo la’ dad ay u adeegaan.
COD_00431.wav,"Waxaan xasuustaa inuu subax iyo galab dugsiga  dhex fadhin jirey oo uusan maqnaan jirin haddii aysan qabsanin arrin culus, "
COD_04018.wav,Waxay aheyd maalin aad iyo aad jawigu u macan badan yahay 
COD_05783.wav,"gaar ahaan Hargeysa guud ahaana Somaliland,"
COD_05112.wav,"Wixii uu rag u kaco rabbina uu aqbalo waa ay rumoobaane, durba waa uu ka jibba keenay"
COD_04339.wav,"iyo fariisimo ciidan oo ay muddo 15 sano ah Somaliland ka abuuraysay gobolka, "
COD_06673.wav,Kaligey idinma difaaci karo lascano isaga baxa. Wuu idinka caqli badan yaha muse
COD_02614.wav,waxay iska dhaadhicisay inay Noloshaas mudneed waxayna Feysbuug ka baxday iyadoo Niyad-Jabsan xalayna si fiican uma seexan.
COD_07332.wav,Sirdoonkuna wuxuu hoos yimaadaa Wasaaradda ku shaqa leh ee madaxweyne ama Raysalwasaare midkoodna ma hoos tagto.
COD_02954.wav,"Wuxuu galiyey gacantiisa biyihii wabiga ee aadka u wasakhaysnaa si uu usoo qabto silsiladda, "
COD_01057.wav,"Waxaan ka bartay in ay muhiim tahay in aan hanto qalbiga ardayga, ka hor inta aanan maskaxdiisa la hadlin."
COD_00140.wav,"Tani ayaa taariikh weyn u noqotay xulka qaranka Soomaaliya kaasoo ku guuleystay koobkiisii ugu horreeyay,"
COD_06409.wav,"oo mudada xil heyntiisa ku ekeyd 19kii, December-2022."
COD_03508.wav,"balse waan is diyaariyey oo waxaan niyeystay in aan wajihi doono, kufsi iyo dil. "
COD_04589.wav,"Waxa muhiimka ah waa ogaanshaha inaad adigu gacanta ku hayso noloshaada, oo aad ka shaqaynayso fikirkaaga ganacsi."
COD_04113.wav,"Mar wuxuu is yidhi, adiga ayaa lagu xujeeyey ee Allaa ku lehee arinta go’aankeeda ku calool adayg sida kula qumanna yeel. "
COD_06115.wav,"ayaa qormo uu ka soo saaray kaga hadlay xoreynta Xarardheere,isagoo ciwaan uga dhigay"
COD_04674.wav,Siddii horre si ka badan ayaan khatar ugu bareeri lahaa. 
COD_03270.wav,"oo waqtiga iyo hantida qaranka lagu lumiyo  waa caado xun, "
COD_02065.wav,Markii aan suuqa ka soo baxay ayaan siddeed saac xiso ka galay bareefadka Sayntiifigga ee Macallin Dhakalow. 
COD_03374.wav,welina xiisaduhu waa ay sareeyaan.
COD_04296.wav,Hibaaq waa gabadh uu ilaa yaraantii jeclaa maantana guurkeeda u socdo. 
COD_00700.wav,Socdaalkeyga waxaan ku tegay magaalada Kuala-Lumpur ee dalka Malaysiya. 
COD_03049.wav,Wadaadkii fiqishinni ayaa yidhi  boqorow wiilku waa yaryahay oo waxba xadi maayee iska daa. 
COD_01505.wav,waxaana ka aflaxay dhlinyaro badan oo maanta ka mid ah dadka qaaraanka bixiya. 
COD_06482.wav,Abdiraxman Abdulahi Afdheere iyo qof shacab oo lagu magacaabi jiray Mukhtaar Maxamed Aw-khalaf ayaa xala lagu dilay degmadaas.
COD_03905.wav,"Hooyo kolley ma habaari doonto, laakiin dhagarta uu hooyadii u geystay waxaa ka badan tan uu naftiisa u geystay. "
COD_01763.wav,Waxaa lala yaabi jirey dulmiga. Xitaa tuuggu baahidiisa wax ka badan ma xadi jirin
COD_04074.wav,"Maantana maxay noqon siddii, Muxamed loo yaabay ayuu xaalkoodu ku sifoobay. "
COD_03967.wav,"Anigoo isdhahaya isbuucaan waxaad kuhadasho waad heysataa, "
COD_05430.wav,"Si kastaba ha ahaatee, xayeysiinta oo loogu talagalay in ay sii socoto ilaa Jimcaha soo socda ayaa la hakiyay"
COD_05415.wav,Akhri xogta ku saabsan sida aan u abaarno bogagga dibadda.
COD_01107.wav,"Wuxuu ahaa qof ixtiraam badan, si degganna u hadla, xadgudub iyo daandaansina aan aqoon."
COD_03613.wav,Waxaan ku jawaabay isla reerkii guriga ka cararay ayaa lahaayeen. 
COD_02675.wav,wuxuu ka dhaadhiciyay siduu Macaamiilkiisa u Qancin karo isagoon dareen Damac u muujin. 
COD_03255.wav,"Waxaynu badalaynaa hab-dhaqanka caadada laga dhigatay ee ahaa in baarlamaanka la xiro  goortu ay doorashada dhowdahay, "
COD_02393.wav,"aan halku dhig uga dhignay  Nabad iyo Nolol  Soomaali intaas ayay u baahantahay nabad ayaan u baahanahay, "
COD_04317.wav,Jiirkii wuu is dhaga tiray oo wuxuu sii watey ciyaartii iyo bood boodkii. 
COD_04480.wav,kaddibna waxa ay aragtay iyada oo kalluunkii madaxa iyo dibka ka goynaysa; 
COD_06916.wav,iyagoo kasoo horjeeda qorshe hadda socda oo lagu doonayo in dib u habeyn loogu sameeyo ciidankaas.
COD_05839.wav,"isla markaana ay qoyskiisu go aansadeen in loo qaado magaalada Addis Ababa ee xarunta dalka Ethiopia, "
COD_05279.wav,Waa mahad ALLe
COD_04388.wav,"Cigaal wuxuu ahaa ninka raga ugu geesisan sida sheekada ka muuqata, "
COD_05298.wav,waxa ay kale oo ay ka kaalmaysaa sidii uu qofku uga qayb qaadan lahaa ilaalinta hantida ummadda ka dhaxaysa.
COD_04321.wav,Jiirkii saaxiibadii talada ka qaadan waayey halkaas ayuu ku dhintay. 
COD_07038.wav,"Markii aan ka baxay fasalka 8-aad nolosha oo dhan ayaa is bedeshay, "
COD_04723.wav,Maareeyaasha tayada wanaagsan ayaa xaga hore ka hogaamiya. 
COD_00254.wav,"U oggolow waalidkaa inay jeceylkooda kugu waraabiyaan shuruud la'aan, haddii kale waxaad arki doontaa adigoo u ooynaya kuwo aan oohintaada iyo qosolkaaga kala jecelayn."
COD_01050.wav,Markaas waxaan aaminsanaa in sida ugu fiican ee fasal loo maareyn karo ay tahay canaan iyo in aan ardayda iska waabiyo.
COD_04864.wav,"Isla maalintaas, waxaa magaalada soo galay Muuse, oo sannado badan oo muqnaa, u yimid ka-wardoonka adeerradiis."
COD_01929.wav,"waxay u sheegtay in uu caqabad ku yahay nabadaynta Soomaaliya iyo Geeska Afrika, waxayna ugu baaqday inuu degdeg isu casilo."
COD_05916.wav,SLT-Nairobi-Dowladda Kenya ayaa maanta qaaday tallaabo u muuqata inay aqoonsatay Somaliland oo hadda ay ula macaamileyso...
COD_04006.wav,Ilaali Balanta waayo Nimaan Balan Lahayn Waa Niman Diin Lehayn
COD_03856.wav,"Kaliya dagaalku ma horseedin inuu ku sii daayo qiiqa kaarboon oksaydh-ka ee hawlihii militariga Mareykanka, "
COD_01079.wav,"In uu TikTok duubanaayo ayaan u malaynaynay, ee waaba nin ay CID baaritaan ku hayso. "
COD_03769.wav,haddii ay ogolaanshiyo ka haystaan xukuumadda mooyaane. 
COD_04591.wav,"Wali ma isweydiisay qofka inuu saameyn yeelan waayo maxaa keeno asigoo wali jaamacad kasoo qalin-jabiyey,"
COD_04348.wav,"Dhanka Tukaraq, waxaa qorraxdhac kabacdi ka biloowday dhaqdhaqaaqyo ciidan oo xiriir la leh kuwa Laascaanood, laguna diiddanyahay Somaliland iyo siijoogistooda ciidda gobolka."
COD_05379.wav,ninkan oo haatan ku guuleystay Koobka Adduunka wuxuu qandaraaskiisa ku ekaa xilli ciyaareedka dambe
COD_05267.wav,MAXAA WEEYE WAXA UGU MUHIIMSAN AAD MAALINTII SAMAYSID
COD_02468.wav,Ruux aragti leh oo aan guulwadeynin ayuu ahaa.
COD_07025.wav,Khaliifa ayaa horay wacdaro uga dhigay tartammo uu ku galay gudaha Kenya. 
COD_06771.wav,Xaaska Hoggaamiyaha Daacish oo xukun lagu riday
COD_02955.wav,balse waxyar ka dib wuu soo qaban kari waayey oo wuuba waayay. 
COD_05890.wav,waxaana ku dhintay kumannaan waqooyiga Itoobiya.
COD_03571.wav,Waxaa guriga daaradiisa loogu soo galay ninkeygii aan la heystaha u ahaa 
COD_04582.wav,Laakiin sidee ayaad u abuuri kartaa shuruudahaan kuwaas oo suurtagal ka dhigaya in riyadaada inay rumoobaan?
COD_02412.wav,maxaa yeelay haddii uusan lahayn tobabarka uu u baahanyahay  hadaba ciidanka iyo  askartu saraakiishoodu waaye.
COD_00194.wav,United ayaa kaddib guushan waxay si ku meel gaar ah u soo gashay booska afaraad ee miiska kala sarreynta horyaalka waxayna leedahay 32 dhibcood.
COD_02363.wav,"guddiga labada gole ee doorashada madaxweynaha  Xildhibaanada sharafta leh,  taliyaashaa ciidamada,  "
COD_01301.wav,Qoraalka ayuu ku dhex arkay in aan dhawr dal safarkaas ku tegay. 
COD_07333.wav,Qoraalka taliyihii hore ee nabadsugidda marna xukuumadda iyo Baarlamaan laguma soo hadal qaadin.
COD_01475.wav,Haddii aad masuuliyad qaaddidna waa in aad dheyeldheyel iyo ciyaar joojiso. 
COD_04971.wav,"qolo kale ayaa inta meel uu maro siisay, ayuu inta xiin nagu dhaafay, jidkii bartankiisii noo istaagay."
COD_00005.wav,"Erayga dhaqan luuqadda ingiriisiga waxa uu ku noqonayaa 'culture' asalka eraygani waxa uu ka soo jeedaa eray laatiini ah, "
COD_01341.wav,Labo nin ayay ii geeyeen. Si qurux badan ayay ii soo dhoweeyeen. 
COD_05174.wav,si ay u maraan wadada guusha taas oo gaadhsiinayso hiigsiga ay leeyihiin.
COD_03484.wav,"hadana kuma aysan qancin oo waxey aabe ku cadaadiyeen inuu sheego lacag iyo dahab kale, "
COD_01828.wav,waana sababta ay u diidday in ay noqoto kaar ay xoqdaan xukuumadihii dalka soo maray.
COD_04019.wav,oo roob hawadu isa soo xirey oo neecaw macan oo udgoon badan  ay dadku sanka la raacayaan 
COD_04611.wav,"Guud ahaan, waxaan ku soo koobayaa waa adiga qofka isbeddelka sameyn kara ee ma ahan qofkale ama shahaadooyinkaaga oo kali. "
COD_06073.wav,"Ugu dambeyn, Garaad Jaamac ayaa dhinaca kale Ciidamada Somaliland uga digay in aysan carqalad ku sameeyaan Shirka beelaha SSC"
COD_03726.wav,"Sida laga soo xigtay sheekooyinka taariikhiga ah, dadka halkaas dagganaa waxaa si gaar ah ugu dhici jiray dhul gariirro iyo biriqda roobka ama jacda, "
COD_06383.wav,isaga oo olole ugu jira inuu ballaadhiyo heshiiska iibka hubka ee u dhexeeya labada dal.
COD_00030.wav,Dhanka kale waxa jira su'aal ay is-weydiiyaan culimadda cilmiga bulshadda sociology  midaas oo u dhigan sidatan; 
COD_05365.wav,"Nolosha adduunyada wanaageedu waa muddo gaaban,"
COD_03990.wav,Hanoqon Shaqsi Hadal Badan 
COD_00670.wav,"Waxaan tegay magaalooyinka dunida ugu caansan, waxaana la soo noolaaday xadaaradaha kala duwan ee bulshooyinka caalamka, "
COD_00647.wav,Miyaadan arag wiil haddii la yiraahdo dharkaaga dhaqo u arka in ragannimadiisii lugu xad gudbay? 
COD_04378.wav,"waa nin aftahan ah oo sida la isu furdaansho kusoo takhasusay, "
COD_02489.wav,"wuxuuna go'aansaday in uu iftiimiyo qaladaadkii kacaanka, "
COD_01939.wav,"Wuu ila sheekeystay, kaddibna wuxuu maalinkii xigtay iga duubay muuqaal aan uga hadlayo nolosheyda iyo hakadka ku yimid waxbarashadayda. "
COD_03931.wav,Waxan lagu dejiyay argada lambar afar
COD_04198.wav,"Hadalkiisii ku bilaabay naagtan Khaatiyan baan ka taagnahay, "
COD_03791.wav,"Illaa 2002, dalka Brazil waxaa ka jiray sharci ogolaanaya in ninku uu xaaskiisa iska celiyo oo qoyskeedii dib ugu celiyo, "
COD_05574.wav,"sababtoo ah waxay ka walaacsanaayeen balaayiinta koob ee aan dib loo isticmaali karin,"
COD_02161.wav,Siyaasiyiinta oo Muqdisho ku kala ahaa dowlad Madaxtooyada ku jirta iyo mucaarad bannaanka taagan ayaa isugu tegay Garowe oo ay marti ku wada noqdeen. 
COD_01762.wav,"laakiin waagaas wax kasta waxay lahaayeen xurmo iyo ixtiraan, "
COD_04022.wav,runtii Mustaf Deeq inantaasi ma uu san aqoonin oo maalintaas ayaa iskugu horeysey.
COD_01580.wav,"ariga iyo eeyaha kee la cunaa oo loo qalaa martida, xafladaha iyo munaasabadaha?"
COD_04277.wav,Haddii uu u tago oo istuso wuu og yahay dareenka aan wanaagsanayn ee ka dhalanaya. 
COD_04733.wav,"Waxay doorteen madaxdooda, waxayna dejiyeen dastuur ay ku maamulaan hawlahooda. "
COD_06338.wav,Weriyaha VOA Maxamed Shire ayaa warkan ka soo diray Wajeer
COD_00366.wav,laakiin maadaama uu dibadda ka yimid wuxuu isku difaacaa maxaa ogtihiin? Adduunka waxa ka jira haddii aad arki lahaydeen. 
COD_00905.wav,Midig waxaa u leexata oo sii muuqata Rastaguud oo ah waddo Ruun-nirgood ka dhacda. 
COD_04872.wav,"Qof kasta oo aad ehel tihiin, qof kasta oo aad lammaane tihiin, qof kasta oo aad saaxiib dhaw tihiin, qof kasta aad isla shaqeysaan iyo qof kasta oo aad si uun isugu dhawaataan, ma ahan sida aad ka wada filanayso. "
COD_00617.wav,iyo sidii ma-gudbayaashii fursadda ka helay jillaafadiisii ay ugu hor kufeen bulshada.
COD_01137.wav,Wuxuuna ugu jawaabay Walaalow aniguna waa shiidsanahay oo maalmahaan badda ayaa igu kacsan ee iga raalli ohoow.
COD_02458.wav,"Khudbad uu xaflad ka jeediyay ayuuna ku sheegay in ay wafdiyo u kala direen shanta Soomaaliya, "
COD_00888.wav,Dadku shaqooyin ayay u sii kala dareerayaan. 
COD_01951.wav,Xaafad ay deggan yihiin dad isjecel oo derisnimadu ku weyn tahay ayaan ku soo barbaaray. 
COD_06455.wav,kaddib markii ay isaga carareen maleeshiyaadka Al-Shabaab degmadaas.
COD_03833.wav,"Haddii Pentagon ay dal ahaan laheyd, waxay noqon laheyd adduunka  55-naad ee dunida ugu weyn ee kaarboon dioxide kaarboon. "
COD_03995.wav,Hanoqon Shaqsi Kibir Badan Ama Islaweyni Badan
COD_06336.wav,"ayaa walaac ka qaba in cudurkaasi uu fido, xilli ay u dhinteen illaa 3 qof,"
COD_07056.wav,"Ugu horreyn waxa uu ka ciyaari jiray Kibra oo ah halka uu kasoo billaabay tartamada feerka,"
COD_00785.wav,"Haddii aad ka mid tahay dadka naxligaas iyo beentaas naftooda ugu sheekeeya markii ay fashilmaan, cuqdad-nafsi ayaana ku haya ee Alle ha ku caafiyo. "
COD_00150.wav,63 daqiiqo marka ay dheesha mareysay kooxda martida loo ahaa ee Nottingham Forest ayaa dhalisay goolka barbardhaca
COD_06026.wav,"Ergeyga Gaarka ah ee Madaxweynaha Soomaaliya Xasan Sheekh Maxamuud u qaabilsan arrimaha bini aadannimada xil Cabdiraxmaan Cabdishakuur Warsame,"
COD_05618.wav,"Wuxuu ahaa ceel yar oo qadiimi ah, muddo sannado ah ayaa wax laga soo saarayay,"
COD_07044.wav,"Wuxuu i geeyey meel lagu taba baro dhalinta feerka jecel, waxaana ka daawan jiray meel daaqad ah,"
COD_05270.wav,MA JECLAAN LAHAYD IN LAGU AROOSO
COD_03379.wav,"Garaad Faarax Garad Xirsi Garaad Hantun waxuu ahaa dagaal yahan oo qabaaiilkii Galla dhib badan u geystay, "
COD_05352.wav,Magacow Toban geed oo deegaankeenna ku taalla?
COD_00414.wav,"ayaa maalintii dambe 'Cali'  oo rati ama awr saaran koofina gashan meel fagaare ah lasoo joojiyey, "
COD_01108.wav,"Imtixaankeennii shahaadiga ahaa ee dugsiga sare waxaan galnay 1987tii oo ay dowladdii dhexe sii daciifaysay, musuqmaasuquna sii baahaayo. "
COD_06199.wav,"islamarkaana tan iyo markaas dilay tiro dad ah oo aan la sheegin, islamarkaana dhaliyay xasarad bini'aadannimo oo weyn."
COD_06975.wav,hasayeeshee waxa ay sheegaysaa in ay suuragal tahay in tiradu ay intaas ka badan tahay.
COD_03086.wav,"Ninku wax akhriska ayuu yara jajabsan jiray, markaasuu dhawrkii cisho ee ugu horreeyay wixii ka soo horbaxa akhriyi jiray."
COD_05837.wav,isla markaana saameeyey ilaa xiniinyahu halku ka gaadho.
COD_05575.wav,ee sanad walba qashinka lagu tuuro marka qaxwada lagu cabo hal mar oo kaliya.
COD_02654.wav,"Falis aya inta Madaxa kor usoo qaaday tiri: oo Qanciye iyo Abshir maxaa iska galay, Waa Nin iyo Nin la'aane. "
COD_05591.wav,"anigana waxaan ka fikirayay sida ay suurtagal ku noqon karto, dadkana looga dhaadhicin karo, ayey tiri."
COD_01230.wav,Allow nagu toosi jidka toosan ee lagu liibaano.
COD_06625.wav,Waxaa Madaxwaynaha Jamhuuriyadda Federalka ee Soomaaliya go aansaday amarna ku bixiyey
COD_01403.wav,Bajaaj ayaa isla raacnay. Marba taleefan ayuu wacayay intii aan sii soconnay. 
COD_02170.wav,"Sida uu daabacay wargayska Al-Riyaad ee ka soo baxa dalka Sacuudiga, "
COD_00145.wav,"Si kastaba ha noqotee, Kooxda Chelsea ayaa haatan ku jirta kaalinta sideedaad ee kala saraynta horyaalka Premier League, waxana ay leedahay 25 dhibcood."
COD_06636.wav,Waa kuma Xildhibaanka kusoo baxay kursigii Mahad Salaad?
COD_00229.wav,"In si naxariis darro ah loogu shaqeysto, in wax aadan ciyaalkaaga u quurin aad kula kacdo, waa deyn ku maqan naftaada, qoyskaaga iyo ubadkaaga."
COD_00057.wav,Dhibaatada ay abuureen wuxuu saameeyey tacabkii beeraha oo wax soo saarkii gudaha hoos u dhac wayn u gaystay.
COD_03284.wav,"haddaysan nabad qaadana shacabka Soomaaliyeed meel kasta,  Xildhibaanada kulli waan dagaalameynaa,  "
COD_03913.wav,"Sida waalidkeena uu noo xasuusto mar walba, kana fekira war wiilkaaga gabadhaada amaa lacagta bisha awgeed Culeys waxbarashada ugu yimaadaa, "
COD_00028.wav,"dhaqamadu way isbedelaan had iyo goorna waxa uu ku xiran yahay is-bedelkoodu, duruufta dhaqaale iyo mida deeggaan ee bulshadda ka jirta,"
COD_02060.wav,"Waxaa laga warsaday in uu jiro fal wanaagsan oo ay maalmahaan samaysay, "
COD_04573.wav,Ganacsi noocee ah ayaad doonaysaa inaad bilawdo?
COD_04445.wav,waxayna abuurtay xoogag cusub oon horay loo aqoon Sida 
COD_03630.wav,"Maalintii kalle markii aan adeer arkay ayuu ii sheegay in aabe uu dhintay, "
COD_01203.wav,"Gelinka hore khudaar ayuu iibin jiray, gelinka dambena iskuul ayuu dhiganayay. "
COD_01621.wav,Soomaaliyey dadkiinna kala barta
COD_02136.wav,"Ardaygii wuxuu tegay qeybta waysada ee jaamacadda. Wuu waysaystay, wuxuuna galay masjidka."
COD_05576.wav,"Markii horeba way ogaayeen sida ay xaaladdu u xuntahay,"
COD_06892.wav,sidaas darteedna hadda waxaa laga hortagi karaa khiyaanada iyo xatooyada.
COD_01523.wav,Subax ayaan u raacay meel ay carruurta darjiifka ah ku kulmaan. 
COD_05726.wav,Oo harraad male Oo hal gudhan male
COD_04760.wav,waxaa loo xil saara ciidamo ka tirsan sirdoonka.
COD_03350.wav,"Waxaan rabaa inaan xuso  guddoomiyaha baarlamaanka  hadda ka hor mudane Maxamed Sheikh Cusmaan Jawaari  oo dhalin yaro la hadlaayay,  "
COD_01003.wav,"Inta isi salaantaan, ayaad si kaftan ah u dhahee: waraa nuucaan maa tahay? Barasho wanaagsan. "
COD_06770.wav,Qaar kamid ah Wasiirada Difaaca Bariga Africa oo ku shiraya Muqdisho WAR-SAXAAFADEED
COD_06263.wav,"iyo mas uuliyiinta isku hayso Koofur Galbeed oo kala ah Midowga Musharrixiinta mucaaradka,"
COD_05670.wav,Ilbaxnimadaas waxay ku ekayd xeebaha. 
COD_02252.wav,Waa run oo libaax nin aan aqoonin ayaa lax ka rito. 
COD_03739.wav,"marka aad akhrineyso waxaa suurogal ah inaad ka shakiso amaba aad is tiraahdo malaa wax jira maaha, "
COD_00242.wav,Markii uu dhaqaaqay ayaa hooyadii araggeedi Alle usoo celiyey. 
COD_00219.wav,meeshii uu markii hore ka ahaa barrimo koowaad. Laakiin markii miyiga la joogo xoola berimada ah ayaa ka taya fiican kuwa suguntada ah. 
COD_03253.wav,"waa marka ay noo diidayso horumarka  saas darteed  shacabka iyo dowladda oo is wadatah  cid walba way ka adagtahay, "
COD_01880.wav,waxayna Taliyayaashii Ciidanku bishii Maarso ee 1978dii xerada Garabcase ee duleedka Jigjiga ku laayeen 83 ka mid ah ciidankii xoogga dalka. 
COD_03435.wav,Xeerkan wuxuu adkaynayaa wareegtadii dhaqangalka ahayd ee soo baxday 18kii Jannaayo 2018kii ee la xiriirtay ku takri-falka iyo musuqmaasuqa dhulalka danta guud.
COD_06781.wav,sida 27-kii January ay shaacisay wasaaradda arrimaha dibadda Maraykanka.
COD_01100.wav,"waa qofka ugu munaasabsan ee sabab u ahaa aasaaskeeda, xogogaalna u ah halka ay wax marayaan,"
COD_00470.wav,Erayga ‘haanyoosho’ ama ‘haanyood’ wuxuu ka mid yahay erayada afSoomaaliga asliga ah
COD_04202.wav,"Maalintii dambe ayuu waxa uu lasoo kulmay tuugadii oo beerta ku dhexjirta, "
COD_02988.wav,"kadib bay habeen oo dhan biyo ku shubaysay, durbana  ay ku garaacaysay."
COD_04667.wav,iskana hubi dadka adiga kugu hareersan inay yihiin kuwa aad isla jaan-qaadi kartaan.
COD_05152.wav,Inaan ganacsiga qaadka iska joojinno ayaan ku dhow nahay
COD_05291.wav,"Biyaha waxaa ku dhaca isbeddel qaabeed marka ay isu rogaan adke ilaa hoore,"
COD_02838.wav,"Ninkii walaashii waa ka ogolaaday, habeenkiina reerkii ayuu iska joogay."
COD_06840.wav,Qoraal kasoo baxay Wasaaradda Arrimaha Dibadda iyo Iskaashiga Caalamiga ayaa lagu sheegay
COD_02309.wav,"noona sheegi karaan go'aanka aan dalkeena u gaareyno, "
COD_01358.wav,Kaddibna shirkad dhismo ayaan furtay. 
COD_02922.wav,"Nolosheedi ayay iska sii wadatay sanado badan,dhowr caruura ayay dhashay iyadoo wali sidii u indha la'."
COD_03969.wav,"Anigoo isdhahaayo hadaad aamusto geeraarka ayaa kaa kala dhumaayo, "
COD_03878.wav,iyo sidoo kale ciidan yar oo iskaa wax u qabso ah oo ka socda Mareykanka
COD_02493.wav,"Jabhadihii ayuu maansooyin talo iyo guubaabo ah ka dhex billaabay, "
COD_01156.wav,ama ay hal iyo labo qof ka badbaadaan. 
COD_06133.wav,afar cabsi galinta Qabaailka.
COD_01778.wav,Wax kasta oo ku dhiba lagama tago.
COD_01197.wav,"Muqdisho ayuu waxbarasho u soo baadigoobay. Waxbarasho yeelkeede, nolosha kale ayaa cariiri ka gashay,"
COD_03930.wav,saxibkaa wala kaxeeyay cabaar marki lagu dhex hayay bada waxaa laga so dejiyay xeebta jasiiro waxan lagu so qaday gaari yar. 
COD_00521.wav,"Mar kasta macmacaannada kala duwan isha kaliya uu ka ka fiirsan jirey maaddaama uu ka dhashay qoys faqiir ah,"
COD_04927.wav,"Tii bashaashka ahayd, jacjuun indhaha dadka ka fiiriya bay noqotay."
COD_02011.wav,Waa juhdigii iyo halgankii uu galay toddoba sano kahor. 
COD_02964.wav,balse nin meelu u cadahay meelu ka madoobe wuu dhex dabaashay asagoo hadba gees u dabaal joogtaynaya
COD_05790.wav,"Markii Somaliland ay xornimadeeda dib ula soo noqotay,"
COD_04424.wav,"SYL tan aad ayay ugu soo horjeesatay xiligaas, "
COD_01291.wav,"Waa mar ay xeero iyo fandhaal kala dhaceen oo dadkii ku soo wada hungoobeen, suuqana ay u gashay in ay adeeg xun yihiin."
COD_04309.wav,"Waxaan ku mooday libaax, waxaadse noqotay Jirid, waxaanse loo noqon doonin guure habeenimo."
COD_00461.wav,laakiin qaladkii wuxuu weli ku jiraa jaamacadaha qaarkood in kastoo aysan tiro ahaan badnayn. 
COD_00510.wav,Qofka samaha fala waxaan ka ajar yareyn kan wanaaggaas faafiya oo dad badan gaarsiiya. 
COD_00156.wav,Ciyaarta kaddib ayuu Mikel Arteta ka hadlay dareenkiisa kaddib guusha ay kooxdiisa gaartay 
COD_02565.wav,"waxaana idinka codsanayaa in aad sii deysaan, aadna ii ogolaataan in aan Zeynaba kuushaan u celiyo."
COD_03361.wav,boqolkiiba tabban ilmaha dhalanaayo  waxaa laga yaabaa inay  dhintaan.
COD_02202.wav,"Xoogaa kadib gabadhii ayaa i soo wacday, waxayna igu tiri: Amiin ma aragtay?"
COD_01513.wav,Abaal ayaana uga hayaa oo wax weyn ayay ii aheyd.
COD_02372.wav,"masiibooyin dabiici ah iyo abaaro  soo noqnoqda, barakac joogto ah. "
COD_06910.wav,Sida ay Mareykanka uga go an tahay in militerigiisu ay diyaar u yihiin wax walba
COD_06180.wav,"Sidaas darteed, waxaa waajib ku noqotay inay kama dambeys rasmi ah toddobaadkan u dirto dowladda Ireland, "
COD_03132.wav,Siday dacawadii iyo ninkii isku eryanayeen ayay dacwadii deyrkii beerta ku boodday. 
COD_07272.wav,"Ra'iisul Wasaarihii hore ayaa yiri Hal mar ayuu ii hanjabay oo igu yiri wax la mid ah, Boris,"
COD_07017.wav,"iyadoo la adeegsanayo xog laga helay 13 ilood ee u danbeeyey, oo ay ku jiraan Bangiga Adduunka, Madasha Dhaqaalaha Adduunka, "
COD_03625.wav,"Adeerkey waa iga orday, laakiin kama aanan harin, "
COD_06500.wav,"Axmed Madoobe ayaa Jabuuti kulan kula qaadan doona Madaxweynaha dalkaas Ismaaciil Cumar Geele, "
COD_02679.wav,aragtidadana waxan ku halmaamaa Daal kaste oo Shaqada igasoo raacay. 
COD_04694.wav,Maareyntu waxay lama huraan u tahay nolol habaysan oo lama huraan u ah in lagu socodsiiyo dhammaan noocyada maamulka. 
COD_04594.wav,Waa maskax ay tahay in aad qaadato si aad himiladaada u fuliso oo aad u korto qof ahaan.
COD_07086.wav,"Ma filaayo in aan taageero la aan ku guulaysan lahaa guulaha aan gaaray,  ayuu yiri Farah."
COD_06127.wav,"iyaga oo uga faaiidaysanjiray isla dakadahaas macmalka ah, "
COD_00324.wav,"sida nolosha loola harjadaayo, rejada ay dhallinyaradu ka qabaan mustaqbalka."
COD_06101.wav,Koox Islaamiyiin ah oo dalka Burkina Faso ka afduubtay in ka badan 40 haween
COD_01760.wav,"halkaasna waa lugu daawoobay luguna heshiiyey, deegaankuna wuxuu muddo sii ahaa meel ixtiraam iyo qaddarin  lugu wada joogo."
COD_03220.wav,Dhalin ileeye markuu arkay ayuu yidhi maxaan idiin sheegayay.
COD_03154.wav,Sidii sheekada loo darandoorinayay ayaa midi Timirta ammaanay. 
COD_00717.wav,Kumbiyuutarna ma iibsan karo isaga oo aan ogolaansho ka heysan booliska. 
COD_00323.wav,"Baydhaba nolosheyda hal mar ayaan socdaal ku tegay qalbigeygana weli kama go'in sida ay dadkeedu nadiif u yihiin, "
COD_05312.wav,Barashada mas'uuliyaddu qofka maxaa ay ka kaalmaysaa?
COD_01031.wav,Sanadkaan ayuu jaamacad ka qalinjebiyay. Shirkad ayuuna ugu shaqo billaabay labo boqol iyo konton dollar. 
COD_00801.wav,Waxaan sii maray Xarunta Guulwadayaasha. Duhurkii ayaan gaaray garoonka Stadium Muqdisho oo ay shacabku buuxdhaafiyeen. 
COD_06220.wav,"Wuxuu sheegay inay jirto tallaabo hormar ah oo ay qaaday dowladda,"
COD_06105.wav,"Afduubkan ballaadhan ayaa ah kii ugu horreeyay oo ka dhaca Burkina Faso, "
COD_06652.wav,"in soo saarida ciidamada oo si gaar ah u jooga deegaanada xaduudaha xiga si ay amniga u sugaan,"
COD_02816.wav,"Libaaxii wuu oggolaaday, wuxuuse kula dardaarmey in ay xoolaha sifiican u raacdo ha ka werwarin ayey ku jawaabtey, Libaaxiina wuu iska seexday."
COD_05024.wav,wuxuuna farxa marka laga sheekeynayo janada!
COD_04686.wav,"Inaad hadaf yeelato, kuna dedaasho hadafkaaga iyo inaad diirada saarto hawlaha ku horyaallo oo adiga hadafkaaga ku gaarsiin kara. "
COD_04387.wav,sidii baa dagaal loogu diyaar garoobay.
COD_05272.wav,Biyuhu waa halbowlaha nolosha aduunka oo idil
COD_03589.wav,"waxaa la ii arkaa naag iskiifo ah mooryaanta la nooleyd, "
COD_03725.wav,Muddo aad u dheer ayey dadku aaminsanaayeen in Hegra ay tahay meel habaaran.
COD_00364.wav,"Waxaa ka lumay dhawrsanaantii, waxaa ka tirmay erayada ‘xaaraan’ iyo ‘xalaal’ "
COD_02455.wav,"oo iskuul iyo jaamacad Gaalkacyo ka aasaasay, gacantana ku hayay dhismaha waddada isku xirta Gaalkacyo iyo Hobyo. "
COD_00610.wav,Intaan ogahay waa millyuneerka kaliya ee soo saaray milyuneerro kale. 
COD_00031.wav,"ma jiraa dhaqan ka wanaagsan, dhaqan kale. Su'aasha jawaabteedu waxa ay noqotay; Haa; "
COD_04558.wav,"Sidoo kale, waxa jira shakhsiyaad u heelan in ay shaqada ka tagaan ama bilaabaan ganacsi "
COD_05736.wav,Jeer u dhacay baan Dhawr is leeyahay
COD_03638.wav,"waxaana isla garanay in aan si la igu fahmeyn u baxo oo aanan si bareer ah u bixin, "
COD_01639.wav,Markii aan mid eegaba waxaa ii muuqanaya mid ka sii daran. 
COD_00523.wav,Qoraagu isagoo isku kalsoon ayuu dukaankii soo galay wuxuuna dalbaday noocyo kala duwan oo macmacaan ah in bac loogu guro. 
COD_04698.wav,"Maareynta waa maamulka urur, hadday tahay ganacsi, urur aan faa’iido doon ahayn, ama hay’ad dawladeed. "
COD_03780.wav,"waxaa mamnuuc ka ah dadka dameerada leh iney ku seexiyaan barkadda qubeysa ee biyahana lagu siiyo, "
COD_04906.wav,laba gabdhood oo saaxiib dhab ah isla ahaa ayaa middood waxa ay lahayd wiil jacayl kala dhexeeyey.
COD_05061.wav,Jidka kuwii aad unicmaysay eedan u caroonin dhuminna
COD_03992.wav,Hanoqon Shaqsi Darajo Ku faana 
COD_04720.wav,Si aad u ogaato dadka kale ee lagu shaqeynaayo waxaay u baahan tahay xirfada isgaarsiinta ama wada hadalka.
COD_05108.wav,"kuwaas oo horumarro la taaban karo ka gaaray dhinacyada wax soo saarka, dhoofinta iyo aqoontaba."
COD_01454.wav,Sababtoo ah isaga ayaa ii shaqeyn jiray. 
COD_03544.wav,"deriska oo dhan wuxuu itusay in aan qof xun ahay, "
COD_05787.wav,Dhibaatada caafimaad ee ugu badan ee waagaasi dadka reer Hargeysa ka haysata dhinaca caafimaadku waxay ahayd
COD_01672.wav,"Gabdhaheyga iskuul ayaan geeyay, si ay wax u bartaan, oo dadka sharaf iyo karaamo ugu dhex noolaadaan, waayo ma rabin in loo bahdilo sida aniga oo kale. "
COD_02695.wav,haddaadan Taladeyda qaadan waxan kula hadlaa Maalinka uu Qanciye Naag kale kula guursado.
COD_04721.wav,xirfado isgaarsiineed oo heer sare ah ayaa loo baahan yahay. 
COD_02541.wav,"Itoobiya iyo Masar oo aan xuduud laheyn waxaa hadda ka dhex taagan xiisad ka dhalatay biyaxireen ay Itoobiya ka sameyneyso webiga Niil oo ay Masar diiddan tahay, "
COD_05763.wav,"qofkii aan sidaas ahaynna, inuu la'aad yahay oo camal la'aani googoysay ayay aaminsanaayeen."
COD_03786.wav,"Scotland, waxaa ka mamnuuc ah masqulaha dadweynaha."
COD_06476.wav,oo leh muddo cayiman oo lagu heyn karo xabsiga.
COD_01226.wav,"Aan ku cibraqaadanno oo ku dadaalno in aan Ilaahey u dhowaanno, oo u diyaargarowno geerida, "
COD_06171.wav,"isagoo sheegay in Ra iisul Wasaare Xamse Cabdi oo dalbaday in dib loo celiyo,"
COD_00025.wav,"Bulsho walba oo dunida ku nool, waxa ay leedahay dhaqan u gaar ah oo ay kaga duwan tahay ummadaha inteeda kale. "
COD_03903.wav,"Nasiib darro waxay ogaatay inuu mar hore jaamacadda isaga haray, "
COD_02615.wav,Ifur iyo Farxad kuguma heysto waxay ahayen erayadii ugu horeyay ee Saakayto ku dhacay Dhegaha Qanciye markuu Salaadda Subax kasoo laabtay.
COD_04184.wav,Wuxuu ku yidhi hadal macnihiisu ahaa: gabadhaadu waxay ka garaad wanaagsan tahay dhamaan ragga halkan fadhiya. 
COD_04807.wav,Isaga oo xoolihiisa dabada ka wada ayuu galay magaalada Muqdisho. 
COD_03443.wav,isagoo xusay xaaladda abaareed ee uu dalka ku jiro iyo duruufaha dhaqaalaha ee dunidu ay la tacaalayso.
COD_04768.wav,Falanqeeyayaasha sirdoonku waxay helaan oo qiimeeyaan xog ballaaran oo kala duwan. 
COD_04818.wav,Inta baaddiye u baxay oo soo xaraashtay xoolihii oo dhan ayuu ka bilaabay ganacsi magaalada Muqdisho. 
COD_03646.wav,oo meel ay gurigeena ka soo galaan maba jirto. 
COD_00341.wav,Wuxuu khaladaad ka raadin jirey sheekha qudbada jimcaha akhriya isagoo la booda xoogaaga yar ee uu naxwaha ka fahamsan yahay.
COD_01344.wav,Waxaan galnay magaalada ee caasimadda dalka Finland. 
COD_04210.wav,kolkaasuu ugu jawaabay anigoo layaaban liin banbeelmadaaan wato ayaan arkay saaxiibkay oo wata qare wayn
COD_03321.wav,"waxaa ugu horreeya hadaan nolol rabno  musuqmaasuqa inaan ladagaalano,  "
COD_04675.wav,Waxaan ifka kaga tegi lahaa wax iga dambeeya.
COD_02344.wav,"mana ihi qof xaasid ku ah hibo eebe bixiyay, "
COD_00980.wav,"Shaqo wuxuu ka billaabaa in uu ilmihiisa dalka kala ordo, oo Turkiya ama Kenya dejiyo. "
COD_05173.wav,ahna qofta isoo barbaarisay oo isoo gaadhsiisay horumarka aan maanta ku noolahay
COD_05343.wav,Aqoontu waa irmaan aan kaa gurin.
COD_01565.wav,"Waan ka aqbalay, isla maalinkii ayuuna ii labisay."
COD_04586.wav,taasina waxay kaaga baahan tahay shaqsiyad gaar ah oo ay ka go’an tahay. 
COD_02184.wav,Dowladda iyo shacabka Buntland waxaan ku mahadcelinayaa sida gobannimada ah ay noo martigaliyeen.
COD_00163.wav,Wararkii ugu dambeeyay ayaa sheegaya in Chelsea ay dhab ka tahay inay dib u habeyn ku sameyso khadkeeda dhexe
COD_01117.wav,Waxaan indhahayga ku arkay dhawr xabbadood oo ku taallay dukaankiisa oo uu Ilaahay ka badbaadiyey. 
COD_07135.wav,Saddexda magac ee sida weyn u qabsaday suuqa kala iibsiga ciyaartoyda oo maanta xirmay
COD_04958.wav,Waxa ay u timid isaga oo dhallinyaro dhex fadhiya.
COD_00027.wav,"sidaa oo kale waxa uu caqabad ku noqdaa xasilloonidda iyo wada-noolaanshiyaha bulshadda, "
COD_01294.wav,Waxay eedaynayaan kabalyeeri miskiin ah oo aysan u tababarin qancinta macaamiil la rabo in laga kasbado lacagta jeebkiisa ku jirta. 
COD_04245.wav,In kasta oo mashaqada wadahadal lagu qaboojiyey haddana wuu ka welwel qabaa nolosha walaalkii iyo ragga kale ee xigtada ah. 
COD_02592.wav,maadaama ay ku taqaanay Diin iyo Dabecad fiican balse Qanciye ayaa Qoraaladeeda ka fahmay inay tahay Falis oo Magaca Shankaroon ku qaraabaneyso.
COD_04027.wav,"Mustaf ayaa waxa u soo dhawaadey imtixaankii, "
COD_01798.wav,Qof waxa fadeexeeya oo sharafta ka qaada waxaa ugu daran carrabkiisa.
COD_06368.wav,Dilalka iyo ka ganacsiga daroogada oo ku soo badanaya dhalinyarada Soomalida ee Sweden degan
COD_04429.wav,ra'iisul wasaarihiisa neh wuxuu noqday Cabdirashiid Cali Sharma'arke
COD_02693.wav,ee Ninka ku daneyso ogoowna inuu kula guursan doono haddey Lacag yar u aruurto.
COD_02336.wav,marka ay taaganyihiin fagaarayaasha ay dadka badan isugu yimaadaan.
COD_02518.wav,"Muqdisho ayuu ku barbaaray kuna hanaqaaday, markii ay qabtii dhacdayna Muqdisho ayuuu degay, "
COD_04064.wav,maalin maalmaha ka mid ah ayuu shir weyn wacay oo uu isagu yeedhay odayaashii beesha. 
COD_01582.wav,"Markii aad magaalada dhex socoto, yaa badan ariga iyo eeyaha aad ku dhex aragto?"
COD_03857.wav,waxay dhalisay sumaynta baahsan ee deegaanka Ciraaq 
COD_05098.wav,"Ma garanayo sida loo isticmaalo Kumbuyuutar, sidaas darteed ardaydeyda ayaa ii raadisay oo itustay sawirka iskuulka."
COD_03033.wav,"Gabadhii waxay aragtay geelii oo badhi dhalay oo dambarkiisii laga lisayo, kuwa kalena rimanyihiin, ratina loo qalay reerkii. "
COD_03415.wav,Madaxweyne Farmaajo oo Xeer kasoo saaray ku takri-falka iyo musuqmaasuqa dhulalka danta guud ee xilliyada Doorashada.
COD_00799.wav,Warkaas lagama dhagaysan oo iridka ayaa la isku buurtay. 
COD_04944.wav,"Haddii uu maalmihii hore Kaar iyo Shilimaan soo jiidasho ah uu u tuuri jiray, waa iska dhaafay."
COD_01980.wav,Anigoo dugsi Quraan dhiganaya ayaan hooyadey huudheey Bakaaro kula gadi jiray. 
COD_02881.wav,"Lammaanihii is guursaday waxay la dageen nin ogaarsato ah oo ay daris la noqdeen, "
COD_02929.wav,"teeda kale markay dadki dhan markay ka waysoqaateen hooyadii waysada way iska ilowday iyada, "
COD_01429.wav,Gabadhii iyo qoladii dukaanka ayaa qoorta isu galay. 
COD_02211.wav,"Dad nus malyan ka badan way dhinteen, 6 milyan waxay ku barakaceen gudaha dalka,"
COD_04808.wav,Xoliihiisii ayuu beecsaday. 
COD_07365.wav,Waxaadna ku qasban tahay in aad isi soo muujiso oo aad hawshadii hore  ku laabato.
COD_03074.wav,Arrintii waxay keentay in labadii nin halkii isku diriraan oo ay gacmaha is la gaadhaan. 
COD_01616.wav,"Inta aan ogahayna, shirkaddiisu waa tan kaliya ee leh hey'ad samafal oo taakuleysa dadka danyarta ah. "
COD_03344.wav,"Nidaamka Federaalka ah, waxaan ubaahannay inaan si rasmi ah u hirgalino "
COD_03798.wav,dhanka kale waxa uu ninkan ku noolyahay meel ka gaar ah xaafada ay dagan yihiin dadka.
COD_02923.wav,Subax subaxyada kamida ayay soo toostay gabadhii iyadoo indhihi wax ka aragta.
COD_01220.wav,"Oo ma waxaad rabtaa in aad suuqa iga xirto oo gabdhaha xaafadda iyo kuwa ii waabsan ee Faysbuug iga soo salaama, ay xiriirka ii jaraan?"
COD_01775.wav,Qof kasta oo ku caaya lama caayo. 
COD_00590.wav,"isagoo leh soo dhig, dhig, ee tan kale qaado Dadkaan nidaam waxba kama yaqaannaan edebna lama barin. "
COD_06408.wav,gaar ahaan muddo kororsiga sanadka ah ee uu kol hore sameystay Madaxweynaha koonfur galbeed Cabdicasiis Laftagareen
COD_06718.wav,Sidii caydh gorfaalaa raggii gobolba meel aadshey 
COD_03771.wav,isla dalka Chine Baarinimada waalidku waa waajib; 
COD_00577.wav,"Waqtigii dowladdii hore dhakhaatiirtu markay soo qalin jebiyaan xoogaa tababar ah ka dib waxaa lugu qori jirey degmooyinka iyo toolooyinka,"
COD_00121.wav,Markaas ayaan billaabay inaan baaro taariikhda iyo dhaqanka Soomaalida. 
COD_03681.wav,"isaga oo shacabka Soomaaliyeed ugu baaqay in meel looga soo wada jeesto ficillada gurracan ee kooxaha argagixisada ah, "
COD_04810.wav,Waxa uu dhaqso ku bilaabay waxbarasho. 
COD_04877.wav,Beri baa waxaa jiray laba gabdhood oo isku aabbe iyo isku hooyo ahaa oo qoyskooda la wada noolaa. 
COD_00591.wav,Markii la weydiiyo waxa ay ku kala duwan yihiin labada tan uu ka dhigay iyo midda uu qaado yiri wuxuu ku jawaabi jirey:
COD_04962.wav,Shalay galab ayaan waxaan soo raacay Bajaaj. 
COD_05723.wav,wiilal aan waaban oo wadnahoodu galawda aqoon iyo waayeel aan talada la weydaarin intaba.
COD_03704.wav,"idinka oo sawir qurxoon ka gudbinaya dalka, "
COD_02242.wav,"Xajka ayuu u safray, markii uu dalka ku soo laabtay waxaa u cuntami waysay dhaqanxumadii gumeystaha, wuxuuna goostay in uu la diriro. "
COD_01671.wav,"Galabkii marka aan shaqada ka rawaxayo, waan qubeysan jiray, si aysan carruurteydu iiga fahmin shaqadyda."
COD_04592.wav,waliba heerarka sarre ka gaaray?
COD_00472.wav,inkastoo laga yaabo in magacyo kale loo yaqaanno
COD_01791.wav,Baro inaad ilaashato sirtaada iyo arrimaha kuu gaarka ah oo aadan kula fududaan qof kasta. 
COD_06485.wav,isagoo faray laamaha amniga inay gacanta kusoo dhigaan.
COD_00199.wav,Bogga rasmiga kooxda ee Twitter-ka ayaa la soo dhigay sawirka Cristiano Ronaldo oo saxiixaya heshiiska.
COD_02042.wav,Shirkaddii waxay u keentay gabar Indunuusiyaan ah. 
COD_03048.wav,Markii uu soo ag fadhiistay ayaa boqor hayaag waxa uu yidhi fiqishinnaw wiilkan yar waxbaan ka arkoo qardhaas ayuu cuniye inaga fogee. 
COD_02178.wav,Arrimo dowladnimada aasaas u ah oo ay aheyd in mar kore laga heshiiyo ayay su’aalo iska waydiinayeen.
COD_04836.wav,Wiilku waa sidaa oo kale oo ma kaso waxsheeggiisa dadban.
COD_04106.wav,"Aabo aniga i aamin ma rabo inaan kuu sheego sababta maxaa yeelay Garaadka naftiisa ayaa kuu sharxi doona ee adigu hunguriga shirka la tag, "
COD_03461.wav,"Waxaan ahaa 16 jir markii uu dagaalka ka qarxay magaaladda Muqdishu, "
COD_03899.wav,Tagore wuxuu ka tegey madmadow la'aan meesha aan ku heli karno nafteenna haddii aan ku guul darreysto.
COD_00238.wav,"Waxaa jirta sheeko Soomaali ka sheekeysa hooyo dhashay wiil ay aad u jecleed wax kastana ay u hurtay, laakiin isagu kheyr beele  caasi waalid ah ahaa."
COD_05400.wav,waxaana suuragal ah in aanay jirin meel halkaas looga soo laabto. 
COD_06312.wav,kaddib khilaaf xoog leh oo soo kala dhexgalay dowladda federaalka iyo maamulka Tigray.
COD_07335.wav,"Wuxuu sheegay in qorshaha Madaxweynaha lagu hagayey sirdoonka, in uu isagu rafiiq wehel u ahaa, "
COD_00403.wav,"In dagaal adag lugu qaado daroogada oo la ogyahay inay fududeyso kufsiga, dilka, iyo dambiyada kale."
COD_03278.wav,jid la xiraayo majiraayo  markaan Al-shabaab ka adkaanayo markaas ayaan baabuurta ku raaxeyanaa 
COD_07051.wav,oo ka kala socda dalka sida kooxda feerka ee ciidamada difaaca dalka iyo kooxo badan oo kale
COD_06128.wav,sidaas awgeed waxeey u ahayd Marin aad muhiim ugu ah in ay helaan agabka Dagaal ee ay u baahanyihiin Khawaarijtu.
COD_04460.wav,"Run ahaantii wadan aan dowlad laheen, dhaqaalihiisa iyo ganacsiga ma socon karaan."
COD_01433.wav,Nin ayaa inta dukaan i keenay ayuu taleefan kala dhuuntay. Hadda dukaanka ayaa i haysato
COD_01011.wav,"Hadalkaas wuxuu gef iyo aflagaaddo ku yahay caqliga shacabka, si gaar ahna ehelka marxuumka. "
COD_02603.wav,"Labadii Maalmood ee lasoo dhaafay Falis waxay lasoo baxday dabeecado ay Qanciye isku jecleysiineyso, "
COD_06325.wav,ayaa ku celiyay dacwadaas shirkii golaha guud ee Qaramada Midoobay ee dhacay bishii September. 
COD_02575.wav,"balse way diidday, oo waxaa ku taagnaa jaceylkii iyo naxariistii uu Abul-Caas ku beeray, "
COD_03401.wav,"Wiilkii wadada ayuu ku soo dhaqaaqay isagoo maanka ku haya in maanta abtigii u la kulmi doono, "
COD_03194.wav,markaasaa inta lagu qoslo oo laga ruwaayadsado la odhan jiray waa caqli xumadiisii.
COD_05200.wav,aqoontu waa iftiinka nolosha waana miisaanka uu qofku ku kala soocayo guusha iyo guuldarada
COD_02383.wav,"Waxaan badalayaa dhaqankii siyaasadeed ee madaxda dowladda ay caado ka dhigteen in safarro aan loo baahneyn lagu sii socdo,"
COD_02044.wav,"Gabadhu waa qof hawlkar ah, balse ceebteedu waa in ay ku laalaabato musqusha, ayna ku soo daahdo."
COD_06959.wav,"iyadoonan wax diginin ah oo hordhac ah la siin qoysaskooda, ehelka dadkaas ayaa sidaasi BBCda u sheegay. "
COD_01170.wav,Waa galabgaab. Rasaastii waa joogsatay balse jidka iskuma biimeyn karo. 
COD_03434.wav,Sidaas darteed dukumiinti iyo saxiix kasta oo arrinka la xiriira waxay ka dhigan yihiin sharci darro lagu muteysan karo ciqaab. 
COD_01952.wav,"Debka, cusbada iyo caleenta waa la kala qaadanayay. "
COD_00558.wav,Ka warran haddii aadan markaaga markaad soo weynaato kuwa kaa yaryar aadan sidaas ugu naxariisan? 
COD_01590.wav,"Dhafarka aan miradhalka ahayn wuxuu barakada ka qaadaa waqtiga, "
COD_03734.wav,Dhulalka ballaaran ayaa hoy u ah wax lala yaabo wadooyinka hortayada taasi waxay horseed u tahay qaar ka mid ah cajaa’ibyada aan caadiga ahayn ee adduunka. 
COD_06948.wav,doorkooduna waxa uu si weyn usoo muuqday markii ay galeen dagaalladii Afghanistan iyo Ciraaq.
COD_03431.wav,"Ma jiro muwaadin ama maalgashade sifo sharci ah looga iibin karo, looga kirayn karo, "
COD_04325.wav,iyadoo Madaxweyne Xasan Sheekh uu soo bandhigay halganka shacabka Soomaaliyeed ay ugu jiraan dib u dhiska dalkooda iyo la dagaalanka Al-Shabaab.
COD_01848.wav,Garaadka iyo garashada Eebbe ha u siyaadiyo.
COD_00183.wav,"Qeybta labaad ee dheesha marka dib leysugu soo laabtay labada dhinac ayaa waxay soo bandhigeen qaab ciyaareed aad u wanaagsan, "
COD_00686.wav,"Waxaan tegay magaalada Istanbuul oo aheed saldhiggii boqortooyaddii Cusmaaniyiinta, ahna halka ay iska galaan xadaaradda galbeedka iyo tan bariga, "
COD_06647.wav,Madaxweynaha Dawladda Federaalka Soomaaliya Xassan Sheekh Maxamuud ayaa amar ku bixiyay in lasoo raro Ciidanka Xoogga dalka ee ku sugan gobalka Gedo.
COD_06412.wav,Hoos ka daawo 4 arrin oo laga eegayo Shirka Baydhabo iyo Madaxda Dowlad Gobaleedyada oo mustaqbalkoodu ku xiran yahay.
COD_04866.wav,Ciidankii oo aan jawaabin ayaa waxa u warceliyey ina-adeerki.
COD_02104.wav,Addinka salaadda Maqrib ayaa yeeraya. 
COD_01547.wav,"Kunkaas shilin ee aad ka reebatay adiga waxba kaama dhibayo, isagana wax weyn ayuu u galaa, oo biil iyo nolol ayuu u yahay. "
COD_02641.wav,"Dhar uu iyada usoo iibiyay iyo Bac-Madoow ay ku jirto Boqol Dollar uu soo sarifay, "
COD_06699.wav,Dagaalku wuxuu keeni doonaa inay dhiirradaan oo kacaan oo iyana hubka qaataan reer Awdal.
COD_02739.wav,"markaasuu yiri. Dabagaale anigu waan ku cayaarsiinayey, adna waad dhib satey ee maxaan kugu sameeyey? "
COD_06292.wav,uu kaga hadlayo qaraxyada ismiidaaminta ah ee ka dhacay degmadaas:
COD_04405.wav,dhirirka xeebta soomaaliya waa 3333km. 
COD_04244.wav,markii uu dhagartaas maqlayna aad buu uga xumaaday. 
COD_00421.wav,"sidoo kale waxaan qirsanahay kala duwanaashaha dhaqanka reer Koonfureed-ka iyo reer Waqooyiga guud ahaan, "
COD_05636.wav,"Kii guursaday qofti wiil ayay u dhashay, markuu yara korayna waxay gaysay dugsi qur aan,"
COD_02410.wav,"Tan ugu muhiimsan waxaa waaye inay leeyihiin taliye fiican kow dagaalka galaya taliyaas oo yaqaano waxa uu udagaal galaya,  "
COD_00749.wav,oo looga hadlayay hannaanka xaqiijinta xubinnimada Soomaaliya ee East Africa Community. 
COD_07308.wav,oo ujeedadiisu tahay in lagu yareeyo xanuunka caadada.
COD_05924.wav,"arrinta mid kamid ah shacabka magaalada oo maalmo ka hor ay ciidamadu toogteen xili habeen ah,"
COD_00666.wav,Safarkii aan ku soo maray caalamka iyo waxyaabihii cajiibka ahaa ee aan kusoo arkay
COD_04254.wav,Geed aad u weyn oo qaraaro ah ayuu hortiisa ka arkay kuna farxay. 
COD_01645.wav,Bannaankana waxaa taagan gawaari keenaysa bukaanno cusub.
COD_01022.wav,waar goormee i soo raadisay oo i waysay walaal? 
COD_04570.wav,"Haddii aad sidaas u fekerayso waxaa kaa maqan inaad ogaato marka hore, ma jiro wax la yiraahdo guuldaro. "
COD_02681.wav,ma Falis ayaan god kusoo ogaaday ayuu is weydiiyay.
COD_00871.wav,"Halka dunida uu maanta ka curtay sanad cusub, oo ay iska warsanayso horumar, hiigsi iyo qorshaha sanadka cusub,"
COD_01935.wav,Kaddibna wuxuu u soo wareegay Muqdisho oo uu waxbarashadii ka sii watay.
COD_02092.wav,Xasan Abshir wuu noolaa maalinkaas ay Maryan Mursal sida dareenka leh uga mahadcelinaysay abaal uu u galay 45 sano kahor
COD_01731.wav,"Ummad rafaadku ku dheeraaday, kala haadday qolo kastana meel isku go’doomisay"
COD_02602.wav,waxayna go’aansatay inay wax ka bedesho Hab-Dhaqankeda ayna Qanciye u abuurto Jawi ku dhisan Farxad iyo Kalgaceyl.
COD_00675.wav,"Rwanda waxay tusaale nool u tahay in uu dal walba ka bixi karo dhibaato kaste, waase haddii uu helo hoggaan fiican oo samatabixiya."
COD_00463.wav,"si loo diiwaan geliyo ardaydooda, ayna u suurtagelin in jaamacad aysan dhigan afar boqol arday aysoo saarto sideed boqol arday sannadkii"
COD_04103.wav,Odaygii ayaa amakaag iyo af-kalaqaad qabsaday 
COD_00004.wav,Halka ereyga Dhaqan uu muujinayo caado ay bulshaddu leedahay oo mararka qaar noqon kara ab ogaa.
COD_04226.wav,Garabkana waxaa u sudhan shandad aan weynayn oo ay alaab yari ugu jirto. 
COD_01027.wav,Dib shidan iyo xabad waalan aa kugu rakiban ee goormee is qabannaa sharafey.
COD_00798.wav,wuxuuna shacabka ugu baaqayaa in ay dulqaataan inta ay ka xaqiijinayaan ammaanka goobaha ay Itoobiyaanku ka baxeen. 
COD_01293.wav,"Mushkiladdu ma aha kabyeeriyaasha ee waa maamulka oo markii hore maseyr ku soo galay suuq aysan aqoon iyo khibrad u lahayn, "
COD_03987.wav,Ogoloow In Lagaa saxsanyahay
COD_00906.wav,"Waa dhul hawd ah, oo la maro xilliyada jiilaalka ee jidka aan ku joogno uu bacaad yahay. "
COD_05081.wav,"Dacwad oogayaasha ayaa sheegay in ay muddo bilo ah ay ka shakisnaayeen,"
COD_01063.wav,"una kordhiyo wixii talo, aqoon iyo ogaal ah oo aan dheerahay. "
COD_01529.wav,Markii aan maalmo hayay oo ay muuqaalkooda is beddelay ayaan ka duubay muuqaal ka warbixinaya noloshooda. 
COD_05667.wav,markaas oo la billaabay in afka Sawaaxiliga ah lagu qoro af carabi. 
COD_01084.wav,Waxaa maanta u billaabanaya imtixaan adag. 
COD_07154.wav,"laacibka Khadka dhexe ee ay ku raad joogto Arsenal, Moises Caicedo iyo Enzo Fernandez oo ay rabto Chelsea."
COD_05778.wav,"ee madaxweyne Muuse Biixi Cabdi hogaamiyo, iyo xukuumad kasta oo mustaqbalka timaadda,"
COD_06453.wav,"ee Koonfur gobalka Mudug, oo muddo dheer ku jirtay gacanta argagixisada Al-Shabaab."
COD_05431.wav,sida uu sheegay wargeyska Global Times ee ay dowladdu maamusho.
COD_07294.wav,Laakiin wuxuu ii sheegay inay meel walba ka weerarayaan.
COD_01086.wav,Oday isbitaal ku jiro oo ay qaraabo kore yihiin ayuu u soo galay. 
COD_05645.wav,"dhimatayna qarnigii labaad ee Hijiriyada billawgiisii,"
COD_06649.wav,Xassan Sheekh ayaa soo qaadista ciidamada iyo dajintooda u xil saaray Agaasimaha Hay'adda Sirdoonka iyo Nabad-sugida DFS Mahad Salaad.
COD_01414.wav,Kaddibna waan ka daba orday Maamadii ayaana labo jawaan ka soo gadnay. 
COD_07020.wav,Habka xisaabinta CPI si joogto ah ayaa dib loogu eegaa si loo hubiyo in ay tahay mid adag oo isku xidhan intii suurtagal ah.
COD_01207.wav,"Habeenkii bangiga ayuu ilaalinayay, maalinkiina jaamacad ayuu dhigan jiray. "
COD_04928.wav,Wahsi iyo caajis baa u beddalay firfircoonidii iyo nashaadkii.
COD_03339.wav,Waxaa tusaale u ah madaxweynaheena hadda jooga  oo waqtigiisu dhamaaday  sharci kuma fadhiyo  
COD_04852.wav,Waa dad nolol magaalo arkaye waxay kaalo ku heleen iyo wixii ay haysteenba inta isku darsadeen ayey ku aqalgaleen degmo u dhaw deegaanka reerahooda.   
COD_04659.wav,"Himilada nololeed waxay noqon kartaa wax kasta oo ka mid ah guursashada, iibsashada guri, bilaabista ganacsi, iyo caruur. "
COD_06221.wav,taas oo la xiriirta ku biirista Urur Goboleedka Iskaashiga Dhaqaalaha Bulshada Bariga Afrika.
COD_02994.wav,"Naagtii khiyaamada badnayd sidaa ayay shimbirkii u shirqooshay, iyaduna way badbaaday oo halkii ayay xidhiidhkeedii ka sii wadatay, isaga oo aan ninku ogaan."
COD_06790.wav,Fadhigeedii u dambeeyay ee Maxkamadayn ayay soo dhamaysatay 17-kii January 2023.
COD_05676.wav,"Caadooyinka, sharciga iyo diintu waxay tilmaami jireen wada xiriirka bulshada iyo suugaanta. "
COD_04987.wav,Xaddiga sakhraddu badanaa waxay le’eg tahay hadba inta awood qofku helo.
COD_00276.wav,"Waa mahadsan yihiin guddiga dhismaha waddooyinka gobolka Banaadir inkastoo ay hawshaan la daaheen, "
COD_02464.wav,"Habargidirna waxay maanta u fureysaa dariiq cusub oo ah in uu qabiil kaste soo sameysto hoggaan aqoon leh, "
COD_05217.wav,ma dhihi karnaa guuldarradu waa xirfad ?
COD_01128.wav,iyadoo magaalda inteeda kale uu qofka hubaysan uu samayn karay wixii uu doono. 
COD_02546.wav,"Goortu waa casrigii jaahiliyada, goobtuna waa magaalada Makka ee dalka Sacuudiga. "
COD_01882.wav,waxaana la toogtay saraakiishii ka dambeysay afgembiga.
COD_06399.wav,"Al-Shabaab ayaa weerarada ay ka fuliso Kenya qiil uga dhiga joogitaanka ciidamada Kenya ee Soomaaliya,"
COD_06532.wav,Wuxuu Madaxweynaha Dowlada Jubaland u magacaabay Marwo Saciido Maxamed Musciid latiyaha Madaxweynaha ee Arimaha bulshada.
COD_03594.wav,Markii kooxdii ninka dishay ee intii maleeshiyo aheyd ee guriga joogtayna dhameysay ay naga tageen 
COD_05651.wav,oo kaalin weyn ka gashay maamulka dawladnimada. 
COD_05846.wav,dhakhaatiirtii cisbitaalka Addis Ababa ay u sheegeen xalka keliya inuu yahay in lugta la jaro qayb ka mid ah.
COD_06590.wav,"Hoos ka Akhriso War-murtiyeed kasoo baxay Shirka afar-geesoodka ah ee madaxda wadamada Soomaaliya, Kenya, Itoobiya iyo Jabuuti."
COD_00105.wav,"waxay noo ahayd wax ka badan inaan gabayadayada soo bandhigno; waxay sidoo kale noo ahayd hab lagu muujinayo awoodeena iyo xirfadayada hoggaamineed,"
COD_03054.wav,Fiqishinni ayuu ku yidhi qardhaastii miyaad aragtay?. 
COD_07147.wav,"Chelsea ayaa dalab  120 milyanah oo u dhigma  105.6 milyan ka gudbisay xiddiga Benfica ee u dhashay dalka Argentina, Enzo Fernandez."
COD_01322.wav,"Mar kasta oo aan Liido tago, waxaan saaxiibbadey uga warramaa saaxiibka qaaliga ah ee ay iga qabto. "
COD_07069.wav,oo ilaa hadda uu erayo oo kooban keliya ka yaqaanno.
COD_02314.wav,waxaan ka raadineynaa shacabka Soomaaliyeed.
COD_04452.wav,waxaase xabsiga lootaxaabay siyaasiyiin kale oo ay kujiraan qaar kamid ah golihii wasiirada. 
COD_05507.wav,taasi oo micnaheedu yahay in mar walba la joogteeyo oo la sii wado baahidda iyo oonka loo qabo hal-abuurka iyo guusha ganacsiga. 
COD_00915.wav,Baabuurta Muqdisho ka baxdo iyo kuwa u soo socdaba waxay ku talagalaan in ay halkan ka sii cunteeyaan.
COD_05131.wav,Waxa aan raadineyno inta badan waa iskaashi dhab ah oo ka dhexeeya Mareykanka iyo Afrika
COD_00644.wav,Dhaqankii hore ee Soomaalidu wiilku markuu 14 jir gaaro wuxuu lahaa kaalin qof weyn. 
COD_02524.wav,"suugaan dahabi ah iyo sooyaal aan duugoobeynin oo ay tahay in looga daydo xaqiiqaraadintaas ayuuna ifka uga tegay, "
COD_01982.wav,"taban sano ayaan caseeye ahaa, haddana waxaan Master of Aviation Management ka wadaa jaamacadda Arusha ee dalka Tanzaaniya. "
COD_04461.wav,"laakiin somalia ilaaheey amarkiis ganacsiga woo sii socday, "
COD_02682.wav,"Erayadaasi saameeyen Mug leh ayay ku yeeshen Qalbiga Falis, inta is-heyn waysay ayay Qanciye isku duubtay, "
COD_00877.wav,"In Maamulka Somaliland uu maanta reer Laasacaanood ku hayo dulmigii ay 30 sano ka hor ka gadoodeen,"
COD_01847.wav,"Taageerada iyo jaceylka aad koox ama qof gaar ah u qabto ma aha in ay kaa indhatiraan ceebahooda,"
COD_00626.wav,oo aysan wax welwel ah ugu haynin Rooti iyo baraf 
COD_06056.wav,"Sheekh Cabdiqani Qorane oo isna Al-Shabaab kula jira dagaal dhanka diinta oo baraarujin ah,"
COD_03904.wav,subax kastana kasoo qaadan jirey bas raaca isagoo iska dhigaya inuu waxbarasho u socdo. 
COD_02492.wav,wuxuuna curiyay heesta Ceynaanka daay oo uu Maxamed Siyaad ugu baaqayay in uu hoggaanka dalka wareejiyo.
COD_03607.wav,"waxaan is mehersanay markii uurkii cunugii ugu horeeyey aan qaaday, "
COD_05239.wav,Waxa madmadow ku jiro – oo siyaabo kala duwan loo fasiran karo.
COD_06244.wav,Halkaan hoose ka dhageyso warbixin ay arrintaa ka diyaarisay VOA-da:
COD_06978.wav,iyo dadka gala falalka maandooriyayaasha heelkoodu uu hooseeyo.
COD_01909.wav,"Hadda eeddo iyo wiilkeedii dar Alle ayaan u cafiyay, maanta ayaana iigu dambeysay oo aan wiilkii i naafeeyay taleefan kula hadlay. "
COD_04618.wav,Waxay kaa dhigaysaa inaad dareento geesinimo.
COD_01162.wav,Jidka Xamarbile oo noo dhow waxaa fadhiya ciidan Itoobiyaan ah oo deggan saldhigga Wardhiigley. 
COD_01652.wav,Farxad ayaa wajiyadooda ku muuqato. 
COD_04714.wav,maareeyayaasha tayada leh waxay sidoo kale diyaar u noqon karaan inay aqoonsadaan arrimaha ku habboon shaqadiisa.
COD_02445.wav,"wuxuuna kula taliyay in ay hoggaanka beesha u doortaan qof aqoon iyo karti hoggaamineed leh, "
COD_04546.wav,Sidaas awgeed adduun nina uma dooro sidduu noqonaayo balse wuxuu soo bandhigaa wuxuu ninku doorto.
COD_01131.wav,Shahaado ayuu Bakaaraha ka soo daabacday. 
COD_02774.wav,waxay arkeen maskii oo guriga albaabkiisa fadhiya oo raba wixii guriga soo gala in uu cuno. 
COD_05522.wav,"Bezos ayaa cadeeyay mowqifkiisa ku aadan arrintan, "
COD_06731.wav,ayaa gogol xaar u ah Shir Madaxda Dalalka Safka Hore ay beri ku yeelanayaan magaalada Muqdisho 
COD_06931.wav,"ee hoos u dhaca weyn ee qaab dhismeedka ciidanka, hababka hubka iyo heerarka cudud ee unugyada, "
COD_02108.wav,Xasan Atoore adiga miyaa ayuu i waydiiyay. Haa ayaan iska iri. 
COD_01871.wav,"ee shaqada aad qabaneyso u gudo sida fiican, dadkana una dhaqan sida ugu wanaagsan, "
COD_01431.wav,Gacaliye sooma bixi karo oo taleefan kale ayaa la igu haystaa
COD_06832.wav,"weerar looga shakisan yahay in diyaaradaha aan duuliyaha lahayn ee Mareykanka ay ka geysteen Yemen Isniintii,"
COD_01430.wav,Markii ay isku xiiqeen ayay ka codsatay in ay ninkeeda u wacaan. 
COD_02270.wav,Waxayna ii sheegtay in ay isla aqalgelayaan mid ka mid ah waardiyaha xarunta hay'adda Waan rumeysan waayay. 
COD_03163.wav,maadaama wakhtigu aad u xumaa oo ay adagtahay in martida la is dhaafiyo. 
COD_00560.wav,"Ka baxa riya-maalmeedka, meelaha la idinkaga baahanyahay aada"
COD_05552.wav,Jaamac wuxuu hoosta ka xariiqay in shaah karinta ay dan u geysay 
COD_01012.wav,In falcelinta dowladda ee dil iyo qarax kasta oo dhaco lagu soo koobo waa in lagu sameeyaa baaris degdeg ah 
COD_00454.wav,laakiin khaladaadka qaarkood waa fal dambiyeed-yo la mid ah kufsiga iyo daroogada oo ay tahay iney degdeg u istaagaan 
COD_01759.wav,"Runtii Cagamooye markiiba wuxuu qirtey gefkiisa, gartiisana waa qaatey waxayna reer tolkiis bixiyeen xaal iyo ralli gelin,"
COD_02194.wav,Firsaas Cabdalla oo Suuriyaan ah wuxuu ka hadlayaa wixii bannaanbaxyada laga dhaxlay. 
COD_00809.wav,Yaa dhintay iyo yaa nool ayaa la is waydiiyay. 
COD_01006.wav,Kii uu kugu dacweeyay ayaa adiga oo Liido iska leyrsanaya inta is aragtaan wuxuu ku leeyahay: 
COD_04246.wav,Wuuse og yahay ilaa haatan in la nabad qabo.
COD_03727.wav,sababtoo ah waxay caabudi jireen asnaam. 
COD_06143.wav,"waxeey luminayaan Il Dhaqaale oo aad u wayn, waxeey luminayaan Warshad wayn oo soo saarijirtay bini aadamkii bambaanooyinka noqday,"
COD_02802.wav,Waxaa kale oo la sheegaa in haddii guradambeyska wiil iyo gabar wuxuu ahaadaba uu dadaal adag u galo sidii hadalkiisa loo dhageysan lahaa 
COD_06109.wav,ayaa haddana dhacdadani waxay noqonaysa markii ugu horraysay ee dumar intaas le eg la afduubo.
COD_02176.wav,Neefkaas waa kaa nasiib badan yahay oo adigu waligaa Landline kuma hadlin ayay naftaydu igu tiri. 
COD_04493.wav,"Ammintii xigtay ayaa uu ninkii afadiisi gurigii ugu yimi, isaga oo hadyadii ay laftigeedu xushay farta ka saaray "
COD_06237.wav,"Shirweyne looga hadlayay dhibaatada maandooriyuhu uu ku hayo bulshada, gaar ahaan dhallinyarada, ayaa lagu soo gabagabeeyay magaalada Muqdisho,"
COD_04083.wav,Caruurtaa waxaa ugu weynaa gabadh 16 jir ah oo la wariyey inay qurux iyo qiimaba bogcad cidla ah u taagnayd. 
COD_03636.wav,isbaaro waxa loolla jeedo isagaa i fahamsiiyey ka dibna wuxuu i dhahay sideed jeceshahy oo aan kuu sameeyaa? 
COD_03360.wav,qiyaastii boqolkiiba  lix ilaa taban boqolkiiba waxay halis u tahay  inay dhimato ama ay umul raacdo  
COD_05168.wav,"Caafimaadka afkeenna iyo ilkaheenna kuma koobna keliya bararka ciridka iyo ilko-xanuunka,"
COD_01991.wav,Waana dad garasho leh oo fahmi kara duruufaha nolosha iyo dadka maanta taagan halkii ay shalay soo mareen.
COD_05447.wav,maadama ay soo korodhay teknooloojiyada casriga ah ee lagu kaxeeyo baabuurta.
COD_04013.wav,Ulla hadal Dadka Si Wanaagsan oo Raxmad Leh Waayo Hadalka Wanaagsan Wuxuu ka Qeyr Badabyahay Hadalada xun
COD_07313.wav,ayaa diyaar u noqon doona in laga iibsado gudaha UK iyo Midowga Yurub markii ugu horeysay dabayaaqada sanadkan. 
COD_02767.wav,"Dacawadii waxa ay tidhi idinku waxa aad tihiin sagaal, lax keliyana qaata"
COD_01708.wav,"Hooyooyinkaan waxaa culeys ugu filan masuuliyadda hooyannimo, mana mudna in ay ugu darsoonto masuuliyaddii aabbannimo, "
COD_01172.wav,"Ustaad Foodcadde ayaa gacanta i qabtay, wuxuuna iigu bishaareeyay in aan caawa gurigiisa seexan doono."
COD_04203.wav,Kolkaasu albaabka la fadhiistay qorigiisii. 
COD_06802.wav,Madaxweynaha Jabuuti Ismaaciil Cumar Geelle iyo Ra iisul Wasaaraha Itoobiya Abiy Axmed.
COD_04974.wav,"War yaa tol aheey, war yaa reer hebel aheey"
COD_04087.wav,"Aabo miyaan khayaar leeyahay saw Wiil Waal raggii ma amrin inay sidaa yeelaan, "
COD_02886.wav,"waayo guriga waxba ma oolin, martiduna way culus tahay oo maadaama uu soddogii yahay wuxuu mudanyahay in si fiican loo sooryeeyo. "
COD_07242.wav,laakiin waxa uu u dagaallamayey oo rumaysnaa in luuqaddiisa hooyo uu ku soo baxo  ayu yidhi Cumar.
COD_03314.wav,"hadduu rabo inuu dibada aado si uu maalmo uga maqnaado si aysan udilin  inaan ufududeyno,  "
COD_07195.wav,Madaxweynahan hore ayaa  34 sanadood oo ka mid ah noloshiisa waxa uu u hibeeyay adeegga bulshada 
COD_03444.wav,"Waxaan murugada la qeybsanayaa walaalaha ganacsatada ah ee dabka ka kacay suuqa Hargaysa uu galaaftay hantidooda, "
COD_02236.wav,40 sano kadib geeridiisa ayay Soomaalidu xurnimo qaadatay.
COD_04139.wav,Ma foolxumo intaa la eg iyo ixtiraamdaro heerkaa gaadha ayaa Garaad Wiil Waal maanta loo geystay.
COD_07002.wav,maxaa ugu wacan arrintaa maxayse yihiin waxyaabaha loo cuskado qiimeyntaa ay soo saarto Transparency International?
COD_03240.wav,"Geelu xoolo waa yahay ee ama duur ku qari oo tolkaa haku dhex jiro, ama duud ku qari oo meel hawd ah ha ku jiro. "
COD_00076.wav,Aroosyada reer miyiga Soomaaliyeed waxaa inta badan la qabtaa tartan dhaqameed oo ay ku jiraan gabayo.
COD_00153.wav,Messi oo la Dagaalay taageerayaasha kooxdiisa Barcelona iyo ilaalada oo soo kala dhex gashay kaddib
COD_02999.wav,Xilliga barwaaqada ee roobku da’o ayaa dhalintu ciyaar gudi jireen oo meel walba iska iman jireen. 
COD_00202.wav,"Isaga oo jooga Al-Nassr, waxaan hore ugu socon doonaa si aan guulo badan u gaarno koox ahaan, isboortiga Sacuudiga iyo jiilalka mustaqbalka."
COD_04729.wav,Maamulayaasha tayada leh waxay leeyihiin daacadnimo sare waxayna qaataan dhaqamada anshaxa guud ahaan noocyada go’aannada iyo macaamilka. 
COD_03354.wav,"waxaad kala dooranaysaan marka dhalinyaro,  xildhibaano  waad sharfantihiine,  "
COD_00317.wav,"Dhurwaagu hasha muraadka uu ka leeyahay waa inuu cantuugo hilib iyo dhiig ah ka helo, laxajeclo iyo shinsi dambe kama laha, "
COD_02237.wav,"Ugu dambeyntii Ingiriiska ayaa ku soo kiciyay diyaarado dagaal, "
COD_07105.wav,haddana waxa uu la dhacsanyahay in dalkiisa uu u ordo inay weli dhiirrigeliso.
COD_02766.wav,Waxa kale oo ay saf galisay sagaal ido ah oo ay iyadu toban iskaga dhigtay.
COD_04742.wav,Waxaan galay qaxooti anniga oo raba inaan wax ka barto aqoonta maadiga.
COD_04189.wav,Markaas ayuu damcay inuu xidho salaadii. 
COD_01362.wav,"Alle mahaddiis, ganacsigii waa guuleystay oo inta shaqo ee aan Filand ka abuuray, qof madoow horay uma abuurin. "
COD_06057.wav,ayaa sheegay in kooxda mushkiladii looga soo saaray deegaanadii lagala wareegay ay rabaan inay kuwa horleh ay ka abuuraan.
COD_05871.wav,"wuxuuna doonayey in xukunka la joogteeyo, "
COD_07031.wav,"Khaliifa Yaxye waxa uu sanadkii 2005 ku dhashay xaafadaha isku raranta magaalada Nairobi ee Kibra, isla xaafaddaas ayuuna kusoo barbaaray."
COD_03837.wav,"Culeyska weyn ee dheeraadka ah ee lagu hayo meeraha waa laga cudurdaaraa haddii lagu sameeyo magaca danaha amniga qaranka ee muhiimka ah, "
COD_03230.wav,Wiilwaal wuxu ku tashaday haddii wiilku nacas noqdo inuu dilo. 
COD_05754.wav,Meesha adhigiyo Awrtu daaqaan
COD_02395.wav,qoladaan banaanka nooga soo duushay  oo siyaasadda shisheeya wadata  nabadda Soomaaliya  iyo horumarka Soomaaliya ma hor istaagi karaan  
COD_04670.wav,"Haddii noloshaada dib loo celin lahaa, maxaad ka beddeli lahayd?"
COD_00747.wav,"oo lagu horumarinayo reer miyiga, Deegganka, Beeraha iyo Xoolaha Soomaaliya. "
COD_02655.wav,Waa ogeed inuu Abshir isagoo ku qabo aniga igu deyay; Bal waa kaase Qanciye hakusoo Hunguryeeyo ayay tiri.
COD_02284.wav,Ustaad Cabdalla aayaa dhacdadaan iiga sheekeeyay.
COD_02605.wav,"Saaxibkey Qanciye inta Farxad isla heyn-waayay, hoosna ka qoslay ayu ku yiri: Yaa Salaam, Nabad iyo Nolol Xabibti."
COD_03164.wav,"Labadii nin way ka ogolaadeen, kadib ayaa gogol loo dhigay guriga meel u dhaw."
COD_01886.wav,"Maxamed Siyaad wuxuu sidoo kale howlgab ka dhigay 8 Janaraal oo dhalinyaro ah oo ka mid ah haldoorkii ciidanka, "
COD_00139.wav,balse xulka Soomaaliya ayaa si xarrago leh ugu jawaabay barbarrahaasi kaddib markii uu Cabdi Raxiim labo gool oo cajiib ah shabaqa ku riday.
COD_02107.wav,Wiil yar oo warqad la hadlaaya ayaa iga hor yimid.
COD_04831.wav,Xitaa waa hubiyey oo mar ma ahayn intii uu arkay iyaga oo isku maqan oo aan warheyn. 
COD_05917.wav,Maxkamad racfaan oo ku taalla dalka Greece ayaa amartay in lasii daayo muhaajir Soomaali ah oo...
COD_04559.wav,balse sannadba sanadka ka dambeeya is leh wali lama gaarin wakhtigii aad bilaabi lahayd; 
COD_02803.wav,iyo sidii uu xorriyad uga heli lahaa kuwa ka waaweyn.
COD_01449.wav,"Barasho hufan iyo dad jacayl dhab ah walaal. Bal raggu ha is barto e, adiguna kumaad tahay jaalle?"
COD_04984.wav,waan ku dhaqmi doonaa hadda kabacdi.
COD_00519.wav,Waxaa jirtay sheeko aan hadda ka hor akhriyey oo dadka ku boorinaysay inay caruurta si wanaagsan ula dhaqmaan si ay iyaguna kuwa ka dambeeya ugu naxariistaan. 
COD_06000.wav,"Ka dib bilo la isla dhexmarayey, mustaqbalka Mudryk ayaa la dejiyay Axadii,"
COD_04897.wav,"Waxa uu wiilku ahaa nin qaab wadaad leh oo waalidkiisa iyo ehelkiisa iyo xaaskiisuba ay sidaas ku og yihiin, aad bayna uga dambeeyeen. "
COD_05822.wav,"Waxaan ka soo uruuriyay dhawr sheeko oo qofkii dhugta, akhrista isla markaasna arka uu qalbigiisa xanuun ku beerayo."
COD_01861.wav,"Sida Yuusf Garaad sheegay, markii la sii deynayay ayay u yeereen Madaxweynaha iyo Taliyaha Nabadsugidda oo isla fadhiya. "
COD_04356.wav,"waxay ahayd waqtiga arigu harsado geedaha, "
COD_01165.wav,Hadda waxaan dhigtaa xarunta Al-Abaadir ee xaafadda Afartajardiino ee degmada Yaaqshiid 
COD_01963.wav,Dhimashaduna waa yareed oo waxaa labadaas maalin laga sheekeyn jiray sidii uu qofkaas u dhintay.
COD_04457.wav,Wadamada ee Soomaaliya la ganacsan jirtay waxaa ka mid ah wadamada ee dariska yihiin iyo kuwa yurub iyo aasiya.
COD_05407.wav,ilaa wixii ka horreeyay billowga Koobka Adduunka ee ka socda dalka Qadar. 
COD_00313.wav,"Waxaan xasuusta anigoo ooyaaya inaan meeshii ka tegay, uma malaynaayo maalintaas inaan casir dukay inkastoo aanan markaas qaangaar ahayn. "
COD_06156.wav,"Jamaal oo bixiyay Wareysi uu arrintaa kaga hadlayo, ayaa sheegay in dhalinyaro ka shaqeysa xafiiska Ra'iisul Wasaare Xamse"
COD_03111.wav,"Aniguna waxaan is idhaa; soo celi, yaanu dadkii lahaa ka lumine."
COD_04146.wav,Cabbaar ayuu Wiil Waal aamusay si canaanta iyo eedayntii shirku soo jeediyey u kala degto. 
COD_07201.wav,Madaxweynahan hore ayaa rajanaya in  uu muddo bilooyin ah ku damaashaado dalxiiska Mareykanka
COD_03954.wav,"Hada ka hor baa waxaan jeclaaday gabar iga da’weyn,"
COD_04470.wav,"labbaatanka Bishii Luuliyo 1961 waxaa wadanka ka dhacday afti loo qaaday dastuur cusub oo dalka uu yeesho, "
COD_02690.wav,inta Sariirta Qanicye Salka saaratay oo Qolka kor iyo Hoos ka fiirisay ayay Falis ku tiri: Hadde Sanad waa lagu qabaahe Lacag ma aruursatay?
COD_03022.wav,Kadib waxay u tagtay ninkii lo’da lahaa markaa ayay ku yidhi waynagii ballanay gugii ee hadda ayaan diyaar ahaye maxaad haysaa?. 
COD_02591.wav,Maalinkii xigtayna waxay u sheegtay inay tahay Shankaroon Guuleed oo rabta inay Mustaqbal la sameyso 
COD_01037.wav,Bil ka dibna waa la soo eryay. Sidaa ayuuna maanta baagamuuddo ku yahay.
COD_06752.wav,Smaciil cumar geele tusaale 6 sano Ayaa ciidan somalia ladahay tababar kulahaayen wadanka erataria oo ruuntii
COD_04318.wav,Bisadihii ayaa u soo galey isaga oo muraayadii isku daawanaya. 
COD_02154.wav,"Dowladda, mucaaradka iyo siyaasiyiin aan Muqdisho isku arki jirin ayaa madasha isku warsaday, iskuna raalligaliyay. "
COD_06132.wav,ay Khawaarijtu u badashay Bambooyinka Qarxa.
COD_03271.wav,maxaa yeelay wasaaradda arrimaha dibadda  jirta oo loo baahanyhay inay socoto  
COD_04307.wav,Illeen geed jiridii ayuu difaac kula jirey habeenkii oo dhan.
COD_04313.wav,dabadeedna wuxuu isku eegay muraayad guriga u dhextiil Bisadaha. 
COD_00658.wav,Dhac dadban ayaa Faysbuug ka dillaacay. Xariif raba in uu shaafto kaco ayaa 30 qof oo asxaabtiisa ka mid ah u qoraya 
COD_04136.wav,Meel uu ka noqdo ma joogee wuxuu daboolka ka rogay hungurigii ka dib markay dhawr jeer gacantiisu dib uga noqotay. 
COD_05797.wav,waxaana ay sababtay dhimashada boqolaal qof oo gudaha cisbitaalka 
COD_05071.wav,cidna kama dulmi badna ruux reebay in masaajidda Eebe dhexdiis lagu xuso magaciisa
COD_01313.wav,"Waxaan xusuustaa kalimaddii qalbitaabadka ahayd ee aad ardaydii iskuulka Imaamu Shaafici ee Siinkadheer uga jeedisay daabuurka, "
COD_02672.wav,Qalbigeyga yar iyo Indhaheyguna ma xamili karaan inay arkaan Falis oo ilmeynaysa ee macanto maxaa ku helay ayuu ku yiri.
COD_02912.wav,"muranki iyo buuqi na wuu batay,dadki waa isku buuqeen"
COD_01864.wav,"Waa ninkii xiray ee xabisga dhigay, qalabkana ka qaatay."
COD_05558.wav,kuwaasoo inta badan ah goobo ay bulshada isugu timaado oo lagu shaaheeyo.
COD_05307.wav,Inla ixtiraamo oo la dhowro sharaftiisa.
COD_06456.wav,Ciidamada ayaa la sheegay in hadda baaritaano ka wadaan xaafadaha degmada Xarardheere.
COD_06848.wav,oo loo yaqaan Taalibaanta Bakistan. Hase yeeshee kooxda ayaa markan iska fogeysay weerarkan.
COD_00945.wav,Waxaa la baafinayaa dadkii inta asbuuc kasta buug isku soo sawiro Faysbuug soo dhigi jiray 
COD_02795.wav,sidaas darteedna marka uu cunugga ku xiga goobta imaado wuxuu dareemaa inaan la daneynin.
COD_00410.wav,"laakiin haddii uu sawirkaani yahay intii uu jirey ismari waaga siyaasadeed, anigu waxaan arkaa inuusan waqtigaan ku habboonayn, "
COD_04337.wav,"khasaare badan oo dhimasho, mid dhaawac iyo burbur hantiyeed ayaa ka dhashay, "
COD_02992.wav,Shimbirkii oo yaaban ayaa wuxu yidhi anigu beenta ma aqaan.
COD_06554.wav,Ciidamada hay’adda Sirdoonka iyo Nabadsugidda ee NISA iyo kuwa Booliska ayaa howlgallo ay xalay iyo saaka ka fuliyeen magalada Muqdisho
COD_05532.wav,in shirkadda Google na ay noqon karto mid leh cod wax walba qeexaya.
COD_00280.wav,"oo uu konton dollar bixiyo qofka alaabta leh, labaatan dollar uu bixiyo qofka gaariga iska leh"
COD_04616.wav,Guushu waa fikrad kala duwan qofkastana wuxuu u arkaa si ka duwan qofka kale. 
COD_05984.wav,Markale daqiiqadii suddobo iyo toddobaatanaad kooxda Brighton iyo Hove Albion ayaa dhalisay gool waxaana labi iyo afar ka dhigay ciyaarta laacibkooda Evan Ferguson.
COD_00312.wav,ka dibna inta kabeygii bannaanka u tuuray aniga qoorta inta iga qabtay bannaanka ii qadaanqadiyey 
COD_06934.wav,Janaraal David Berger ayaa loogu talo galay in loogu diyaar garoobo isku dhac suurtagal ah 
COD_02171.wav,Boolbire qolka yaallo ayay marsanayaan. 
COD_00783.wav,"Adiga kaliya ma aha ee Soomaaliya oo dhan ayaa horumarka loo diiddan yahay, "
COD_04640.wav,Ka fakar oo xooga saar tamartaada.
COD_00134.wav,"Sahra hadda waxay hogaamisaa koox 20 dhaliyaro ah oo ka shaqeeya soo saaridda sheekooyiinka, "
COD_01410.wav,"Markii dalabkii loo diyaariyay ayuu walaalkey u dhiibay lacag shilin Soomaali ah, wuxuuna u diray jawaan xalwada lagu qaado. "
COD_01780.wav,Qof kasta oo aad nacdo lama gooyo. 
COD_02093.wav,Waxaan qaraabasalaan ugu socdaa guriga eeddadey oo Cirtoogte ku yaalla. 
COD_01870.wav,"iyo waxa ay kugu soo xusuusan doonaan dadka aad maanta la shaqeyso ama la macaamisho, "
COD_05771.wav,Qormooyin Taxane Ah.
COD_05509.wav,"Waa taa midda ay muhiimad u leedahay in loo fikiro in shirkadda ay maalintaas soo billaabatay, dhidibadana loo aasay, ayuu yiri."
COD_01911.wav,"Waxna waan bartaa, oo waxaana semester toddoba ka ahay Jaamacadda SIU."
COD_03693.wav,"iyada oo la dardar geliyey dadaallada ku aaddan xoojinta iskaashatooyinka dalka, "
COD_05244.wav,Waxaanu leenahay welwelku wuxuu dhibaato noqdaa marka uu kaa hor istaago in aad noolaatid noloshii aad rabtay
COD_05983.wav,ay ku hoggaamineysay kooxda Arsenal.
COD_07225.wav,"Filimka lagu magacaabo Xaaska xabaal qodaha ee uu sameeyay Khadar Axmed, "
COD_04508.wav,Waxaad tahay waxa aad hadda tahay sababtoo ah fikradaha aad hore u lahayd ama aad lahayd. 
COD_02629.wav,"Markuu waagu beryay ayay Falis Jikada uga yeertay, waxay ka waydiisay waxa kusoo kordhay noloshoda."
COD_05082.wav,Masuul u hadlay dawladda Qatar ayaa beeniyey eedaha loo soo jeediyey.
COD_02103.wav,Wuxuuna iibinayaa sheekada nin la dhaho Axmed Daad oo sheegtay in uu nabiga riyo ku arkay. 
COD_05026.wav,Waxaan qalad ufahmay waxa uu yahay xasiloonida iyo daganaanta
COD_00605.wav,Kuma sii jiro qof agoon iyo ogaal loo tiranaayo inuu codkii beesha dadka lasoo dhax fariisto 
COD_05686.wav,"Sidoo kale ruuxii cadho aawadeed foolkiisu madoobaado ee la xejin kari waayo,"
COD_02377.wav,"ma ahan in shacabkeenu naga rajo dhaco ama uu naga rajo dhigo, ma ahan in caalamku uu tusaale uu ka dhigto ceebteena Soomaaliyeed,  "
COD_02732.wav,"markaasna faraha ayuu ka qaadaa, dabadeedna biyaha ayuu ku haftaa. "
COD_01014.wav,Warbaahintana ceeb iyo garashaxumo ayay ku tahay in ay warkaas noo soo gudbiyaan 
COD_05367.wav,"Ciidammada Qalabka sida weeye kuwa run ahaantii nabadgelyada dalku ku tiirsan tahay,"
COD_05058.wav,Ee hanta maalinta abaalmarinta
COD_07301.wav,"Sida haween badan, ay dareemaan muddadaas waxay la kulmaan raaxo-darro aad u daran inta lagu jiro xilliga caadada,"
COD_01677.wav,Ma hayo lacag aan ku diiwaangeliyo. 
COD_03069.wav,"kii kale ayaa isna yidhi anna waxan jecelahay inuu eebbe i siiyo yey, kuwaas oo xoolahaaga cuna."
COD_01548.wav,Subixii ilaa maqribkii waxay u taagan yihiin in ay dadka kabaha u caseeyaan si ay quutulyoomka qoysaskooda u helaan. 
COD_05438.wav,Shaqooyinka ay halista ku hayso tiknoolojiyadda
COD_00742.wav,balse xariifka Soomaaliga ah waxaa u sawiran mucaawino lagu iibinayo suuqa Bakaaraha. 
COD_04688.wav,Dadkaas waxaa la yiraahdaa Hoggaamiye.
COD_02040.wav,ee qof kurbaysan ka farxina ama mid qaamaysan deynta ka bixinayo ama dharjinaya mid gaajaysan.
COD_05905.wav,Macmiilkeyga weli xabsiga ayey ku jirtaa waxaana jiray kiisas kale oo iyada ka horjeeda  ayey tidhi.
COD_03523.wav,"oo gogoshiisa iyo allaabooyinkiisa yaalaan, ka dibna wuxuu i geeyey gurigii, "
COD_01647.wav,"Dadku waa kala xaalad culus yihiin, oo qaarkood ayay adag tahay in baabuurka laga dejiyo. "
COD_00293.wav,Halkaas rafaadiyo cabsi badan ka dib  sheekadii kheyr ayay ku dhamaatey
COD_01244.wav,"oo sawir fiican ka siiyo noloshii saxaabada, haddana waxaa xiiso gaar ah noogu yeelayay hibada uu Shiikhu u leeyahay xulashada erayada,"
COD_02894.wav,"Inta ay fakertay ayaa waxay tidhi arrinta waan kasoo fiirsanayaa, laakiin horta lugta isii marti culus baa joogtee aan u geeyee. "
COD_04444.wav,"Xiligaas Xukuumadda Milaterigu waxay ku dhawaaqday in ragga iyo haweenku simanyihiin, "
COD_03752.wav,"iyo ardayda dhigata jaamacado goonni ah oo si gaar ah loosoo xulay, "
COD_07092.wav,"Mo Farah oo bisha Maarso noqon doona 40 jir, ayaa dhaawac ka soo gaaray sinta"
COD_04163.wav,saaxiib adigu fikradda ah inaad hunguriga soo qaado ma aadan keeninee yaa kuu sheegay? 
COD_01738.wav,"laakiin dhammaantood Soomaalida waa faquuqaan waana bahdilaan,  "
COD_01112.wav,"Maxay ku dhacday in isagoo dhallinyarannimadiisii sidaas ahaa, uu markii dambe hoggaamiye-kooxeed noqdo?"
COD_00820.wav,"Maalmo kadib qoys kasta gurigiisa ayuu dayactir ku bilaabay, kuna soo laabtay."
COD_01484.wav,"Waxay tusaale nool u yihiin isku xirnaanta, isku tashiga iyo saaxiibtnimmada. "
COD_02292.wav,Waxaa la sheegay in xasan Cali Kheyre uu wakhti badan gelin jiray diyaarinta khudbadihiisa marka uu la hadlaya shacabka gaar ahaan dhallinyarada.
COD_04005.wav,Hacanaanan Masaakiinta
COD_00576.wav,In wixii xaalado ah oo fudud waqti munaasab ah usoo gudbiyeen meelaha qalabka waaweyn iyo dhakhaatiirta khibradda leh ay joogaan.
COD_03466.wav,wuxuu qoyskeegii noqoday mid ka mid ah qoysaska dhibaatadii ugu balaarneyd loo geystay hadimada nasiibka u yeeshay.
COD_02738.wav,"Maroodigii yaab ayaa ka soo haray, "
COD_05034.wav,Wax waliba waxay leeyihiin asal iyo meel ay ka yimideen
COD_06776.wav,"Fartuun Cabdirashiid Xuseen oo isticmaalaysay magacyada kala ah Faa'iso, Aasiyo iyo Faysa "
COD_04542.wav,Inaad wax uun rabtid oo aad sugto inay kuu yimaadaan sinaba kuuma caawinayso. Waa in aad dibadda u baxdaa oo aad kasbato waxa aad rabto.
COD_01924.wav,Nuur Cadde wuxuu Gobolka Banaadir u dhisay Gole Deegaan. 
COD_01508.wav,Kudayasho ayay mudan yihiin reeraha intaas gartay
COD_02966.wav,Banaanka ayuu uga baxay biyihii asagoo aad u murugeysan dareemayana wareer iyo walaac badan 
COD_00393.wav,"Haddaba, baraarugsanow oo ishaadu ha korreyso Waxaa laga yaabaa inaad soo saarto qof magac iyo maamuus yeesha oo naftiisa iyo umaddaba anfaca, "
COD_00855.wav,Inta jeejeesatay oo madaxa xoqatay ayay ka qaadatay. 
COD_03333.wav,maahan inuu raadiyo qof xun ama qof liito  inuu keeno maahan  
COD_05137.wav,"Cumaroow! Gabdhaha qurxoon, dadka iyagaa ugu farxad yar"
COD_01374.wav,"waxaana ahaa nin jaanisgaad ah oo raadinaya nolol wanaagsan, "
COD_01536.wav,"Markii laga soo tago Macallimiinta, xarunta waxaa xoog iyo lafdhabar u ah isla carruurta. "
COD_00245.wav,"markaasay ku tiri Intaan u qabo jaceyl iima qabow, yaxaaska galbeed kasoo carar. "
COD_01271.wav,waan ahay balse shalay wax baas ayaa kofeega la iigu daray.
COD_02523.wav,"waligiisma fikirkiisaas kama tanaasulin, xaqiijintiisa ayuuna baadigoob badan u galay, "
COD_00033.wav,Xidhiidh aad u dhumuc wayn ayaa ka dhexeeya dhaqanka iyo horumarka;
COD_01110.wav,"si loogu laaluusho kormeerihii ku qornaa iskuulkeenna, ayna noogu fududaato in wax la qisho. "
COD_03454.wav,Ciyalkan yaryarka ee iidnan kamala qadi karin amnigoda magaran wayden inad xita wajiga u qarisan
COD_00623.wav,"Hambalyo isaga iyo shaqaalihiisa, waxaa muuqata inuusan Ilaahay dayicin dadaalkiinnii."
COD_02947.wav,oo waa shiir ama ur qofkii hal mar sanka la raaca uusan dib usoo jaleecayn.
COD_06491.wav,"Cabdirixmaan Shiikh Cabdulaahi iyo Ganacsade Mukhtaar Maxamed Aw Khalaf oo habeenimadii xalay lagu dilay Magaalada Bursaalax,"
COD_03024.wav,"Xoolaha ayaan aroorinayaa, meel daaq lehna waan raadinayaa. Markaa hadda guur diyaar uma ihi."
COD_02828.wav,Ninku faras aad ayuu u jeclaa oo uu dhaqaalayn jiray. 
COD_05817.wav,"marka laga yimaado dayrka weyn ee ku teedsan gudahiisa waxaa ka muuqda dayac uu sababay musuq maasuq,"
COD_01159.wav,Jidadku waa cidlo ay geedyuhuud iyo boocbooc ka baxayaan. 
COD_01438.wav,"Waxbarashadaas oo ay ka aflaxeen dhallinyaro badan oo ay qaarkood kugula jiraan Golaha Wasiirrada, "
COD_03934.wav,waxuu dhahay saxibo mesha layska dhiibo oo sharciga laga qato ii sheeg 
COD_00983.wav,"Inta badan, dadka markii xil loo magacaabo, halkii shacabku ka sugayay in ay si hufan ugu adeegaan, iyagii ayaaba ilmahooda la cararaya."
COD_05471.wav,Dunida casriga ah waxay horseeday in dadka intooda badan aysan adeegsanin lacagaha caddaanka ah.
COD_01660.wav,"Qaarkood garbaha ayaa la hayaa sidii cunug socodbarad ah, qaarna kursi ayaa lagu riixayaa sidii cunug fadhibarad ah."
COD_06835.wav,Soomaaliya oo cambaareysay weerarkii Peshawar
COD_05035.wav,Waxaa run ah inuu Sayidku ka dhiidhiyey Xukunkii Dalka Soomaaliyeed oo dad qalaad gacanta ku dhigay.
COD_06189.wav,"laga sameeyo dagaalka ka socda waqooyiga dalkaas, islamarkaana ay wadahadlaan dhinacyada dagaaalamaya."
COD_00568.wav,iyadoo ay jirto baahi looga qabo meelo kale oo waddanka ah?
COD_07297.wav,Maxay tahay Tignoolajiyadda cusub ee dumarka ka caawinaysa xanuunka caadada?
COD_01178.wav,Waxaan xusuusteyda ka go'in subax iyadoo uu xisada socoto ay xabbad ku soo dhacday qeybta sare ee sabbuuraddii uu cashirka noogu sharxayay. 
COD_06276.wav,Guddoomiyaha degmada Maxaas oo ka hadlay qaraxyo ka dhacay degmadaas iyo qasaaro ka dhashay
COD_00511.wav,"Ma laga yaabaa in annagoo aad ula yaabban xummaan falaha haddana aan xummaantiisii faafinno, oo dad aan horey u arag gaarsiino?"
COD_05113.wav,oo waa kaas soo baxay wadaad dhammeystiran oo Muqdisho iyo aaggeeda cilmiga deeqsiiyay.
COD_04329.wav,"kaddib markii siyaasiyan iyo ciidan ahaanba ay ugu guuldarraysatay maaro-u-helka mawjadaha kacdoon ee dadka deegaanka, "
COD_02106.wav,Wiilal gaadaya gabdho cajiin makiinaddaan ka soo doontay ayaa jardiinnada tuban.
COD_06279.wav,Guddoomiyaha degmada Maxaas Muumin Maxamed Xalane oo warbaahinta dowladda la hadlay
COD_07144.wav,"Rikoorka suuqa kala iibsiga ee Ingiriiska ayaa la jabin karaa maalinta ugu dambeysa suuqa kala iibsiga ee Janaayo,"
COD_02217.wav,Allow yaa af lama daaliyee daacad ugu sheegaa.
COD_07358.wav," Soomaaliya waxay lahayd Madaxweyne wadani ah, ciidanka Afrika ugu xooga badan, iyo sirdoonka ugu khatarsan aduunka, "
COD_03528.wav,"aniga dahabka waan aqaanaa inuu keenii yahay, "
COD_03566.wav,"Waxaan bilaabay in marba caruurta mid ka mid ah guriga dhaxdiisa kulla carcararo, "
COD_03376.wav,waxa uuna ka digay in xaaladdu ay ka sii dari karto.
COD_04363.wav,Markaas ayay dadlkii u socday inay dilaan iska laabteen sababtoo ah waxay is dhaheen kan dabaal waaye ee maxaa ka dilaysaan 
COD_00497.wav,"Mar haddii qofku uu cagta saaro haadaanta siririqda sibsibta, waxaa adag inuu dib u noqdo qofkuu Alle baraarujiyo maahee."
COD_05285.wav,Dheef shiidka cuntada oo ay ka qeyb qaataan.
COD_02117.wav,Xaafadda oo dhan hal guri kaliya ayuu TV ku jiraa. 
COD_04408.wav,"20% waa dad reer magaal ah, "
COD_05234.wav,Bani aadanku wxuu leeyahay awood yaab leh uu ku saadaalin karo waxa uu filayo in ay ku soo socdaan.
COD_01560.wav,"Si aan maalin kasta qado u helo ayaan kabalyeeri kula heshiiyay in uu i siiyo cuntada reereebka ah, "
COD_04409.wav,shan iyo taban boqolkiiba waa dad beeralay ah iyo shan boqolkiiba oo ah dad Kaluumayato ah.
COD_00058.wav,waxayna la yimaadeen farsamo kasta oo u fududaynaya baabi’inta waxgaradka iyo aqoonyahanka.
COD_04282.wav,"Hadhow waxa uu ka helaa waa nasiibkii, imikase ma aha in uu iska didiyo iskuna diro. "
COD_02238.wav,"waxayna duqeyeen Taleex iyo qalcadihii kale ee Daraawiishta, taas oo sababtay in ay Taleex isaga baxaan. "
COD_02944.wav,wuxuuna miiska soo dhigay Abaal-marin dhan konton dollar asagoo u sheegay shaqsigii soo hela Silsiladda inuu nasiib u yeelan doonno abaal-marintaan.
COD_00776.wav,Waxaa jira nacab aan farxadda kuu quurin oo jecel in aad murug iyo walbahaar ku noolaato. 
COD_01803.wav,Aabbe waxaan jeclaan lahaa inaad maanta nooshahay 
COD_02780.wav,"Daanyeerkii wuxuu yiri, gurigan aad caawa seexanaysaan idinka ayaa iska leh laga bilaabo caawa. "
COD_04153.wav,Kolkii aamuskii yara dheeraaday ayuu Garaadkii hadalkii dib u furay. 
COD_07247.wav,"Filimka waa xaaska xabaal qodaha,waa qiso uu qoray nin aan walaalo nahay oo Khadar Ceydaruus Axmed la yiraahdo"
COD_02736.wav,"Maalin danbe ayuu Dabagaalihii u yimid Maroodigii, "
COD_06136.wav,ee Beelaha Deegaanka iyaga oo markasta halkaas ku gudbin jiray fariimaha Cabsi galinta ah ee beelaha ay u dirayeen.
COD_01033.wav,"Wuxuuna ugu jawaabay: labo boqol iyo khonton dollar ayaan bishii ugu shaqeeyaa, saaxiib."
COD_03001.wav,markaas baa labadii is fahanta ay haasaawe bilaabi jireen. 
COD_00399.wav,"Ninka wax kufsada xukunkiisu waa fududyehee, haddii aad run sheegeysaan waqti geliya, kana dhabeeya"
COD_06806.wav,inay madaxda ay isla garowsadeen baahida loo qabo iskaashi sare loogu qaadayo garab is-taagga dalalka deriska ah 
COD_03436.wav,"Safarka Madaxweynuhu waxa uu daba socodaa kulamadii hore ee ay yeesheen Madaxweyne Farmaajo iyo Amiirka Dowladda Qadar, "
COD_01275.wav,"Hal saac markii aad fadhiso oo aad wayso qof kuu adeego, ayaad marka dambe waxaad ku qasbanaanee in aad adigu raadsato, "
COD_00659.wav,"Saaxiibow isbitaal ayaan joogaa, oo hooyo oo garaab ah ayaa saalada saaran, ee fadlan ii soo dir afartan iyo shan dollar oo aan caawa kuu soo celiyo."
COD_01305.wav,"maadaama uu u nugul yahay in lagu qanciyo fikir iyo fowdo kasta, ayna u badan tahay in uu ambado haddii uusan helin saaxiib wanaagsan."
COD_06935.wav,oo Mareykanku iyo Shiinaha ku dhex mara aagga badda Pacific.
COD_04065.wav,Wuxuu codsaday in nin walba oo soo gaadhi kara shirka yimaado. 
COD_04685.wav,laakiin waxaan kuu sheegayaa waxwalbo oo aad qabanayso seddaxdaas ayaa u ah laf dhabar. 
COD_01651.wav,Dad faraxsan oo ay qoysaskoodu ku soo biireen ilmo ay sugayeen sagaal bilood ayaa ii muuqdo. 
COD_00307.wav,Waxaan kasoo lugeeyey Xamar jadiid si aan adeeg uga soo qaado hooyo oo markaas badar ku iibi jirtey suuqa Bakaaraha.
COD_04955.wav,laakiin markii uu ogaadaba uu iska sii xirayey.
COD_01846.wav,"Aan ku tusaaleeyo dadkii afartii sano ee la soo dhaafay sax iyo qaladka ku taageeray kooxda Nabad iyo Nolol, ee ugu sacabtumayay dembiyadii ay dalka ka gaysteen. "
COD_01534.wav,Waqtigeyga ugu badan halkan ayaan ku qaataa. 
COD_01617.wav,"Dabcan dad badan ayaa ganacsiyada shirko kula ah, balse isaga ayaan ku halqabsaday maadaama uu fikirka iyo hirgelintiisa hormuud u ahaa. "
COD_06060.wav,waxaa loo baahan yahay marka maamulada wadanka ka jira beeraha deegaamada dhamman inay indhahooda furaan
COD_05048.wav,Go’doominta magaalada oo socotay 60 saacadood ayaa waxaa ku dhintay 166 qof
COD_04680.wav,Diirada saar hawlaha ku horyaallo oo kali
COD_04053.wav,inanti yareet aya weydisay hooyo waa maxay camal waxani 
COD_02249.wav,"Qaarkood waxay ka cabsanayaan in hadal ka tago, oo waxay malaynayaan in ay gabdhahu meeleysan tahay. "
COD_04536.wav,"Markaad diirada saarto waxa aad gacanta ku hayso oo aad hagaajiso habkaas, waxaad ku guulaysataa nolosha."
COD_00240.wav,"Maalintii dambe inta kaxeeyey ayuu geeyey meel kaynduur oo dugaag badan, qofkii ku habeensadana aan loo rejeynayn nolol dambe. "
COD_01044.wav,Toloow kawaanlahaas yaa u muhiimsan in uu adiga kula kulmo oo kula sheekeysto iyo in uu helo qof sarartaas ka iibsado?
COD_06194.wav,kuna baaqeyso ficillo ka dhan ah Itoobiya ayada oo adeegsaneysa xubinnimadeeda Golaha Ammaanka.  
COD_03181.wav,Halkaa waxa habeenkii ku qaday caruurtii oo caano la’aan ku dhacday. 
COD_06773.wav,oo ah xaaska Hoggaamiyaha ururka argagixisada ah ee Daacish Cabdulqaadir Muumin.
COD_02862.wav,markaa ayuu haddana tuugii is rogay oo uu yidhi faraskaygu isha bidix ayuu la’ayahay. 
COD_01042.wav,Dad qoraalladiisa ku xiran ayaa u soo qoraya: ustaadow ma is arki karnaa? 
COD_03502.wav,qaar aa bilaabeen in ay dhahaan  Caawo Gaal aa god iigu jiree garuun haleykeeno
COD_05037.wav,"Shakhsiyaddaa qudheedu waa tan u suura gelisay inuu Sayidku, kor u hayo calankii jihaadka muddo sidaa u dheer."
COD_05257.wav,Qoyska waa in uu ahaadaa meel amaan ah
COD_04819.wav,"Ganacsigii waa u bullaalay, waxa uuna ka mid noqday hantiileyaasha baladka laga yaqaanno."
COD_05167.wav,dhaqaatiirta ayaase ku talineysa in laga fekero caafimaadka ilkaha haddii qofku doonayo inuu noqdo qof caafimaadkiisu fiican yahay.
COD_02135.wav,Ustaad Cabdiwahaab Cabdullaahi Cilmi oo saaran balakoonka jaamacadda ayaa kor ka arkay isagoo murugsan oo ilmaynaya. 
COD_01199.wav,"Maqaayad ayuu shaqaale ka noqday, "
COD_01111.wav,"Waxaa arrinkaas si adag u diiday Cumar iyo arday kale, wuxuuna Cumar ku gooddiyey in uu dacwo gudbin doono haddii aan arrinkaas la joojin."
COD_05925.wav,"Waddooyinka Muqdisho oo xiran, Akhriso U jeedka loo xiray"
COD_07101.wav,"sidoo kalana ku guulaystay tartanka Big Half London ee bishii Sibteembar, "
COD_05541.wav,Karinta iyo iibinta shaaha ayaa waxaa inta badan lagu yaqaannaa dumarka
COD_00981.wav,Qof kasta oo uu arko wuxuu ku salaamayaa in uu ilmihii raray. 
COD_04827.wav,"subixii sida uu guriga ugu baxo, habeenkii waqti dambe ayuu ku soo laabtaa. "
COD_02334.wav,"Waa xirfad jaamacadaha iyo machadyada lagu barto, buugaag badane laga qorey, "
COD_01576.wav,"Ma aaminsani in ay jiraan wax barako la dhaho, ee iga dhaadhici haddii ay sax tahay? "
COD_05996.wav,kaddib markii uu ka caawiyay Bruno Fernandes.
COD_07363.wav,"Mar haddii adigoo dadka loogu hadalhaynta badan yahay ah, lehna saamayn wayn,"
COD_04370.wav,"Waa cigaal oo meel gurigiisa udhow jooga goor barqo ah, "
COD_02048.wav,"Shaqada ma fasixi karin, waayo qosykaygu aniga ayuu igu tiirsan yahay. "
COD_05101.wav,Mid ka mid ah ayaa ii sheegay in uu aabehey u iibiyay baaskiil uu ku aadi jiray iskuulka iyo kuleejka.
COD_04466.wav,waxaa iyana shan maalmood kadib xoriyadii qaadatay Koonfurta Soomaaliya oo Talyaaniga uu gumeysan jiray.
COD_03744.wav,"Qofna xaq uma laha inuu tintiisa sida uu doonto uu u jarto, "
COD_04557.wav,Waxaan jira dad leh fikrado waaweyn oo ganacsi ah; laakiin waa dad la nool fikradahooda oo kali ee aan lahayn dhaqaaq. 
COD_06902.wav,Komishanku waxa uu higsanayaa in la joojiyo marrinada qaranka ee dal kasta 
COD_02085.wav,Waa ciyaal Xamarjadiid oo ay bursanayaan ciyaal Caano. Waa kala cararnay. 
COD_04910.wav,Xitaa markii dambe waxa ay ka shaqeysay in ay isku dirto oo ay sidaas ku kala tagaan. 
COD_05547.wav,si ay gacanta ugu dhigaan isla markaana uu heegan ugu jiro sidii uu u horumarin lahaa ganacsigiisa.
COD_04805.wav,"U caqlicelin, ismarinwaa iyo dood dheer oo ku saabsan xoolo-dayaciisa ka dib, dirqi looga yeel taladiisii. "
COD_07344.wav,"Qabiilladii ayey u sameeyeen, waxay ugu yeereen naqiib, kaasoo  qabiilka wakiil uga ah Al shabaab."
COD_03459.wav,Waxaan ugu baqo ma aqaan marba hadii qarax ay dhigaan ay ku dhimanayaan dad ila dhashy
COD_05870.wav,"Dacwad-oogaha qaranka wuxuu qaatay mowqif adag,"
COD_01269.wav,"war ninyahaw shalay markii aan kofeega cabay wixii ka dambeeyayna madaxa ayaa  faq i kala yiri, "
COD_02448.wav,"maanta waxaan diyaar u nahay in aan idinka fariisanno, "
COD_06020.wav,"waa wax la fahmi karo. Waxay jeclaan lahaayeen inay wax badan beddelaan,"
COD_06871.wav,"Marka loo eego natiijada wada xaajoodka u dhexeeya Golaha Yurub iyo Baarlamaanka Yurub, "
COD_00826.wav,Wuxuuna ku soo qoray Muqdisho waxaa ka socdo horumar xawli ah. 
COD_02569.wav,"Zeynaba ayaa ka soo baxday gurigeeda si ay banaanka magaalada ugu soo dhoweyso xabiibkeeda oo muddo ka xirnaa, "
COD_01092.wav,Labo sano oo uu si isxilqaan ah uga shaqeynayay dhismaha sharciyadda hay'addaas 
COD_07109.wav,Sidaasoo ay tahayna haddii waqtiga dhammaadka sanadka la gaaro oo waddankeyga uu ii baahdo marna ma diidi doono.
COD_01351.wav,Gabadhii shirkadda madaxda ka ahayd ayaan uga warbixiyay xaalkeyga iyo duruufta qoyskeyga. 
COD_00816.wav,Ayna barakiciyeen dad hal milyan ka badan. 
COD_02438.wav,"saan ognahay  laga soo bilaabo 2000 ilaa hadda  madaxweyne walba waxa uu shaqada ka tuurayay  Raiisulwasaaryaal,  "
COD_00292.wav,"Maalintii dambe inta geesi iska dhigay, oo wadnaha gufeystay ayuu ku yiri walaaley waxarana waa jerihaayay, waxna waa ii wehliyeen. "
COD_01491.wav,Sawirkaan waxaan saakay ka qaaday gaaridameer ku gaddoomay isgoyska Bakaaraha. 
COD_00584.wav,haddii aan isku dayga koowaad guulaysan waxaa guulaysan doona kan kusoo xiga insha'llah
COD_04416.wav,Talyaaniga waxay u noqotay tani fursad uu ku doodo in uu kamid yahay wadamada reer Europe ee wax gumaysta.
COD_04802.wav,In uu magaalo galo uu xoolaha uga tago adeerradi. 
COD_01637.wav,"Carruurta waxaa haya hooyooyin ay ka muuqato in ay la xanuunsanayaan, oo ay la qeybsanayaan xanuunka. "
COD_03477.wav,"ka dibna hooyadey ayaa naxdin dhulka dhacday, "
COD_00848.wav,"Waxay ka maseyrtay in uu walaahiis haddiyad u qaadayo, halka uusan iyada waxba u gadin "
COD_02462.wav,"Qarnigii qalinka iyo nabadda ayaan galnay, qorigii waan dhignay, xabaddana waan ka bixinnay, oo dagaalka ayaa na baray in aan qoriga qalin ku beddelno"
COD_06041.wav,taas oo Al-shabaab lagala wareegay.
COD_02911.wav,"Dadkii joogayna qaacada ama hoolka ka arooska, way yaabeen oo waxay is waydiinayeen waxa ku dhacay aroosada, "
COD_00536.wav,Casirkii markay tahay ayuu qoraagu arkay wiil yar oo dukaanku iridkiisa taagan oo si hamuun leh u fiirinaayna kalluunkii kala duwanaa ee dukaanku yaallay.
COD_05423.wav,"Toddobaadkii hore, shirkad iibisa dhulka oo ku taalla magaalada bariga ku taala ee Wuxi ayaa sheegtay inay oggolaan doonto nooca miraha beeraha"
COD_03408.wav,"Cala ay xaal Garaad Faarax Garaad Xirsi Garaad Hantun Wiil-Waal wuxuu marba marka ka dambeysa heer soo joogaba oo nabad iyo dagaal intaba dabin dhigay, "
COD_05513.wav,Meelaha uusan guulaha waaweyn ka gaarin waxaa ka mid ah in uu galay ganacsiga mobile-lada.
COD_06549.wav,"taasoo qayb ka ahayd qorshe nabadeed, balse maamulkiisa ayaan hadda aysan aqoonsanayn kooxaha siyaasadda ee bariga,"
COD_02647.wav,"Subixii Jimcaha Falis waxay u yeertay Carawelo oo ah saxiibted Maalmahan Garoobeyneysay, "
COD_06602.wav,"kuwaas oo hab qabiil looga soo aruurinayay gobalka Waqooyi galbeed, iyo qeybo kamid ah goballada Togdheer iyo Sanaag."
COD_03755.wav,"Qofka dalxiiska ah ee booqda K/Waqooyi waxaa la raacinayaa shaqaale dowladeed oo tillaabo tillaabo ula soconaya kolba waxa uu qabanayo, "
COD_05261.wav,in aad ku fekerto rabshadaha qoyska waa wax shaqsiga u gaar ah.
COD_03627.wav,"adeerkey waa shakiyey geesaha ayuu iska eegeegay, wuxuu arkay wiil la dhashay ninkii iga dhintay "
COD_01603.wav,"Markii ay dhibaato dhacdo sida abaar iyo fatahaad, shirkaddiisu waa tan koowaad ee dadkeeda u gurmata."
COD_05566.wav,"Wuxuu igu yiri fikraddaada waa tii ugu doqonimo badneyd ee aan abid maqlo,"
COD_00530.wav,Mr. Jones xoogaa sanuud lacagta jajabka ah gacanta u geliyey qoraaga. Qoraaguna waa iska dhaqaaqay si kalsooni leh. 
COD_02981.wav,Ninkii oo wuxuu naagta ku tuhmi jiray dhabooday ayaa wuxu ku yidhi  maxay sidaasi u dhacday?. 
COD_04856.wav,"Ciil iyo maseyr qalbiga balbalinayey, waxa ay ku riixeen in uu aakhiro u diro ninkaasi. "
COD_05920.wav,Odayaal Reer Laascaanood Ah Oo Sheegay In Xukuumada Somaliland Ay Ka Been Abuuratay
COD_03178.wav,"Midna caruurtiisii ayuu uga yimid, tii kalena waxa uu u keenay labadii nin. "
COD_02840.wav,Inta uu tuugii joojiyay ayuu ku yidhi faraska ma iga iibini?. 
COD_05638.wav,"markaa ayuu soo istaagay, waxaa la waydiiyay maxaa kaa dambeeya oo aad sugaysaa."
COD_00329.wav, laakiin qofka inuu waalidkiis fadeexeeyo u qasday qof fiican maahan.
COD_06512.wav,"Madaxweyne Geele waa oday soomaaliyeed oo wax garad ah, marka waa in dowladnimada soomaaliya uu ka qeyb qaato."
COD_05680.wav,"Waxa uu ahaa halbeegga ay ku cabbiri jireen hodantinnimada qofka iyo hantidiisa, "
COD_07324.wav,Shaqada sirdoonka laga rabo waxay ku xiran tahay aragtida xukun ee la doonayo.
COD_01916.wav,"Agoosto labadeedii, 2008 waxaa sababtaas xilalkii isaga casilay 10 Wasiir iyo 3 Wasiir-ku-xigeen oo taabacsanaa Cabdullaahi Yuusuf, "
COD_01490.wav,Waxayse na dheer yihiin in ay is cafiyeen oo ay xasuuqii ka dhigteen taariikh la xuso 
COD_00976.wav,"oo idiinla diyaar ah qurxinta, buuxinta, toosinta, nadiifinta iyo dhaqitaanka ilkaha, iyo daaweynta suuska. "
COD_05718.wav,Weynidaayoo Wanaagsanidaa
COD_02831.wav,"Ninkii waxa uu go’aansaday inuu tuugii faraska xaday kadaba tago. Wuxu reerkii ka qaatay sahay,kolkaasuu ambabaxay, wuxuna daba galay raadkii faraska. "
COD_04100.wav,Odaygii ayaa ku adkaystay inuusan cad aan kaa ahayn shirka gaynin. 
COD_04989.wav,dhammaan dadka oo dhani way isu taagi karaan cidhiidhi iyo dhibaato.
COD_05182.wav,sida ugu dhibta yar aad qorshe u sameysan lahayd.
COD_01658.wav,Balse isku awood ma aha oo mid kasta wuxuu dhiibanayaa dalab duruuftiisa iyo dantiisa ku jaango’an.
COD_04294.wav,"Wuxuu maleeyey iyaduna in ay sidiisii meel ka soo eegayso, dabadeed wuu qoslay dan kalese kama gelin."
COD_01790.wav,waxay u badan tahay inuusan kheyr kuu ahayn
COD_04521.wav,Fikradaha ma aha oo kaliya inay saameeyaan maskaxda.
COD_00921.wav,"Balse dhulkaan Warsangeli ee Masaajid Cali Guduud, Burdacaar ilaa Baqdaad dhirisan wuxuu ka nabadgelyo badan yahay inta kale, oo looga ma cabsiqabo dhac iyo isbaaro. "
COD_04076.wav,"nin walba iskii ha uga soo fakaro arinta, cadkii uu ka badin waayana barito ha keeno."
COD_02165.wav,waxayna waydiiyeen su'aalo aan malaynayo in aan waligood la soo waydiin. 
COD_02620.wav,"Sakaay, waxaa iigu dambeysay Qanciye oo kasii baxayo iridka Gurigiisa "
COD_03991.wav,Hanoqon Shaqsi Hagaroow Ama Xaasid ah
COD_01192.wav,"Kormeer ayuu sannad kasta noogu iman jiray iskuulkaas oo ay isaga iyo akhyaar kale ka shaqeeyeen in aan free ku soo dhigannay,"
COD_00167.wav,Suxufiga Fabrizio Romano ayaa sidoo kale sheegay in Enzo Fernandez uu mar hore ogolaaday ku biirista kooxda Chelsea
COD_06182.wav,Ridwan ayaa xiriirka labada dal ku qeexay inuu joogo  halkii ugu hooseysay. 
COD_03923.wav,Ninkii Rer muqdishaha ahaa waxuu dhahay saxib imisa ayaad ogoshahay dalka maraykan ka waa lagu gaynayahe. 
COD_05050.wav,Habkee ugu fiican ee loo maareeyaa?
COD_00055.wav,"waxa ay la beegsanayeen qaraxyo ay xasuuq ugu gaysteen dad badan oo birimagaydo ah, "
COD_06610.wav,"Wafuud ay kala hoggaaminayaan Ra iisul Wasaaraha Itoobiya Abiy Ahmed Ali, "
COD_05146.wav,"Haseyeeshee farxadii ganacsatada ay qabeen ma noqon mid raagta,"
COD_01965.wav,Dad kala qabiil ah oo ay ka dhexeyso derisnimo xididaysatay ayaan ugu imid. 
COD_02989.wav,"Wakhtiguu ninkii soo nodqday ayuu shimbirkii waraystay, "
COD_04001.wav,Ha Lagalin Faraha Wax Aan Kuqosey Hadii Kale Waxaad La kulmeysaa Dhibaato
COD_04232.wav,Waa dhulkiisii dhalasho iyo dhallaannimo. 
COD_03824.wav,iyada lafteedu qiyaasta ka sarreysa xitaa digniinta Tagore. 
COD_00652.wav,Waalidku waxaa laga yaabaa inay naxariistu ku xambaarto inuu ilmihiisa dhibka ka dhawro. 
COD_03237.wav,"xaqluun waxaan ka imid laba tiro oo adhi ah, xaasna waxaan ka imid laba tiro oo riyo ah, "
COD_04664.wav,Waxaadna ogaan kartaa inkasto oo aad samaynayso dhammaan culeysyada ku horyaallo.
COD_04477.wav,"Wuxuu Jeneraal Ceydiid u arkay hawlgalkaan cusub mid halis ku ah awoodiisa, "
COD_03045.wav,"Maalin ayaa boqor hayaag wuxuu u yimi fiqishinni, "
COD_03057.wav,Boqor hayaag iyo fiqishinni ayaa wiilkii ku yidhi  waar qardhaastii keen yarow. 
COD_00050.wav,oo ahaa guddoomiyaha Digil iyo Miriflihii Gaalkacyo ku sugnaa; 
COD_03976.wav,Noqo Mid Daacad Ah 
COD_00389.wav,"oo markii dambe ku baraarugay wiilkaan dhugtiisa iyo caqligiiisa, ka dibna amray in ardayda lugu daro uuna xaadiro casharradii ka socda masjidka. "
COD_01810.wav,Hadda ayaan fahmay sababta aad u joogteyn jirtey Quraanka iyo adkaarta 
COD_04968.wav,Marka hoonkiisa la maqlo ayaa la kala haadaa 
COD_02245.wav,100 sano ayaa maanta laga joogaa maalinkii uu geeriyooday. 
COD_02233.wav,Allow yaa dalluuntiyo qabriga dib uga soo saara
COD_01872.wav,"kuna dadaal inta aad meesha aad maanta joogto uga tagto raad fiican oo berri lagugu soo xusuusto, hadduu Alle idmo."
COD_05232.wav,Maanta adduunyadeenu degdeg bay isu bedeleysaa.
COD_02232.wav,Allow yaa dadkaagii yiraa dawladnimo qaaday
COD_05687.wav,waxay ku odhan jireen  Ma geelii aabbahaa ayaa la dhacay?  
COD_02914.wav,"hooyadii ayaa waxay ka dalbatay in dhamaan dadka meesha jooga inay wayso qaataan, "
COD_03804.wav,"sida maanta oo kale, oon labada tiirarka mataanaha ah ee isticmaalka warshadaha iyo dagaalka warshadaha. "
COD_04268.wav,In yar ka dib waxaa ka soo hor baxay balli weyn oo buuxa. 
COD_00390.wav,Markii dambe wuxuu noqday caalim weyn oo lugu naaneyso ‘Suldaankii culimada’. 
COD_04556.wav,"Waxay u baahan tahay adkeysi, iyo dulqaad."
COD_00975.wav,oo waxaa ku qoran Ku soo dhowow xarunta daweynta ilkaha ee Heblaayo Dental Care
COD_03907.wav,wax niyad ahna aan u hayn waxbarasho? 
COD_02651.wav,maxaa iiga kaa dambeyay ayay Carawelo tiri.
COD_01549.wav,Sidoo kalena aan uga mahadcelinno shaqada ay noo qabteen markii ay noo adeegaan.
COD_05366.wav,"Dhallinyarada oo ah, lafdhabarta dadka, ayaan rabnaa in aan waxa ay tabanayaan tuso,"
COD_00619.wav,"Ma diiddani waana arkay qaar shaqaalihiisa ka mid ah oo cabanaya,"
COD_07126.wav,"taasna waxa ay u egtay qeyb sare oo ka mid ah walaxdaas comet-ka ah,  ayuu yiri Massey."
COD_05555.wav,"Aniga marka hore biyaha ayaan karkariyaa, waxaan biyaha ku kariyaa bahal beyliso la yiraahdo"
COD_07122.wav,"Xitaa ookiyaalaha wax lagu arko waad ku arki kartaa walaxdaas,  ayuu yiri Massey."
COD_03721.wav,"Wuxuu sheegay in boqortooyadaas ay wadashaqeyn fiican la lahaayeen maamulladii Roomaanka, Giriigga, Faarisiinta iyo Masaarida."
COD_00768.wav,Maalinka aad jabtay oo naftaada iyo damiirkaada u geftay waa marka uu hadalkiisu ku saameeyo 
COD_02905.wav,"Habeen farxad leh ayay ahayd, oo gabar kasta habeenka arooskeeda aqalgalkeeda waa u farxad, balse gabadhani waxaakudhacay wax lama filaan ah"
COD_00255.wav,"Haddii aad rabto inaan wax lagaa sheegin ha dhalan, ha jirin, ama xil ha qaadin. "
COD_01640.wav,Halkan waxaa dhooban bukaan-socod sugaya in ay dhakhaariirtu qaabilaan. 
COD_00642.wav,"Qoraalkaan iyo kan uu xiganaayaba, naafada waxaa loola jeedaa midda dadnimada, caqliga, biseylka iyo waxtarka. "
COD_01345.wav,"Fiid hore ayaan seexan jiray, aroortiina waan soo kici jiray. "
COD_01150.wav,Cuuryaamin ayay ku tahay shaqada iyo mustaqbalka hay'addaas oo muhiim u ah caafimaadleenna
COD_01743.wav,Mudane waxaan rejeynaa in arrinkaasi idiin noqdo mudnaanta koowaad oo
COD_01366.wav,"Waxaan nolosha ku soo celiyay oo fursado shaqo siiyaa dhallinyarada Soomaalida ah oo nolosha ka dhacday, "
COD_01913.wav,"July 15, 2008 Raysulwasaare Nuur Cadde ayaa xilkii ka qaaday Guddoomiyihii Gobolka Banaadir Maxamed Cumar Xabeeb Maxamed Dheere, "
COD_01586.wav,"Balse eeyuhu way dhafraan, wayna qeyliyaan habeenkii oo dhan, waxayna hurdaan markii ay salaadda subax soo dhowdahay,"
COD_03346.wav,"Waxaan rabaa inaan la hadlo dhalinyarada halkaan  ku jirta,  "
COD_02746.wav,Wiilkii ayaa yidhi:hooyo hadda ma garan laakiinse marka xiga ayaan samayn doona saas.
COD_03941.wav,xanuunka iyo waxa ninka hayo waxay yihiin.
COD_04635.wav,"Haddii aad jeceshahay waxa aad samaynayso, waad guulaysan doontaa."
COD_00886.wav,"Xamar sheeko ayaan ku hayaa, oo xamaasad iyo xiiso badan ayay igu haysaa in aan u soo socdo. "
COD_01922.wav,waxaana qodobbaddii lagu heshiiyay ee uu Cabdullaahi Yuusuf dalbaday ka mid ahaa in la soo celiyo Wasiirradii is casilay. 
COD_03112.wav,"Dee gacmo aan wax ku qabto ma lihiye, afka ayaan idhaahdaa ku qabo. "
COD_06929.wav,waxa uuna ku tilmaamay inuu yahay mid aan laga fiirsan. 
COD_02939.wav,"ayagoo ka dayay meel walba balse helitaankeeda waa lagu guul daraystay, "
COD_00773.wav,Xikmadda intaas ku jirto ma fahmin ee iga daba geeya akhyaarey. 
COD_06350.wav,Xafiiska agaasimaha sirdoonka qaranka ee Maraykanka ayaa warbixintiisii sannadka 2022 
COD_03019.wav,Ninkii ayaa yidhi gabadhyahay wakhti abaar ah oo aad u adag ayaan ku jiraa. 
COD_02956.wav,Wuxuu meeshii kala soo noqday gacantiisii oo madhan wuxuuna fiiriyey mar 2aad mise silsiladii goobteedii ayayba ka muuqataa. 
COD_04028.wav,isaga oo u sii cararaya schoolkii oo uu habsaamey ayaa wuxuu arkey inantii uu badbaadinaayey oo jidka socota 
COD_02369.wav,Sidoo kale maanta waxaan hortiina ka cadaynayaa qaabka aan kuwa jahayo  dhibaatooyinka baahsan  ee dalka ka jira 
COD_02146.wav,"Maanta ayuu jaamacadda ka qalinjabiyay, wuxuuna ku jiraa wajiyadaan quruxda badan ee sawirka ka muuqda."
COD_01562.wav,Qeylo iyo dagaal ay saaxiibtinnimo fiican nooga dabamartay ayaana isku barannay. 
COD_01765.wav,Qofka qariibka ah waxaa lugu soo dhaweyn jirey meel kasta. 
COD_02022.wav,"Galabta ayaan kaamka u raacay oo cunnada la soo qaybiyay, waxaana ku soo arkay carruur ku soo kala ordaysa markii ay muuqooda arkaan, "
COD_02088.wav,Qolka la isku diyaarinayo waxaa ku jirta saddex wiil. 
COD_01729.wav,Mar waxaa jira Bani adamku ka garaad hooseeyo xayawaanka
COD_06963.wav,Qoyska Mustafa al-Khayyat ayaanan la ogaysiin in ninkaasi la dili doono.
COD_02896.wav,"Gabadhii lugtii ayay qaaday, sidii ayayna odaygii habeenkii ku sooreen. "
COD_03893.wav,"Dhalashada Arctic ma ahan oo keliya abuurista xaalad deg-deg ah, "
COD_02387.wav,Waxaynu badalaynaa sidoo kale haddii aad fursad isiisaan  aad ii doorataan  xilka aan raadinaayo  
COD_03803.wav,"Wuxuu soo saaray mid ka mid ah digniinaha ugu horreeya uguna dhawaaqa badan ee ku saabsan suuragalnimada adduunku sii jirayo, "
COD_03100.wav,"Habeen walba magacan caanaha ayaa dhagihiisa ku batay, laakiin waxa ay yihiin ma oga."
COD_01377.wav,Wuxuuna warka ku billaabay Hadalka waa la igu kadiyay oo kuma soo talagelin.
COD_05356.wav,Dhisida Dugsiyo Qur'aan
COD_04369.wav,goortuu arkay inay qoslayso buu warankii la baxay oo ka madaxa ka taagay. 
COD_07022.wav,Khaliifa Yaxye oo ah feeryahan da' yar ah oo Kenya u dhashay ayaa isku diyaarinaya tartan caalami ah
COD_05760.wav,Looga xero dhigin Cuudku ma xasilo
COD_01713.wav,"Malahayga; duruuf, halgan iyo nafhurnimo aan kaas ka dhib yareyn ayay hooyo kasta carruurteeda ku soo korisay. "
COD_03084.wav,Nin reer miyi ah ayaa beri magaalo tagay. 
COD_04489.wav,hawaawiga nafta aadanaha iyo hammigeeda haddoodilan ayaa gabadhii hillinkii ka habaabiyay; 
COD_06825.wav,Dowladda Hoose ee Hargeysa oo 60 qof u xidhay eedo musuq-maasuq
COD_01662.wav,Baabuur badan oo lagu keenay dad si joogto ah kilyaha loo dhaqo ayaa hortooda safan. 
COD_02585.wav,"Falis iyo Qanciye oo hadalo kulul Taleefanka isku dhaafsaday, Qanciye oonan soo jiifaneynin iyo Falis iyo Carawelo oo Guriga jooga ayay noo mareysay."
COD_01726.wav,Marka waa inaan inagu isku tashano oo wixii aan dhisankaro ku dhisano tabarteena 
COD_01338.wav,Waxaan ka degay Moskow oo uu qabow daran ka jiray.  
COD_03819.wav,"Taas bedelkeeda, culayskooda burburay, qarashkooda weyn, iyo saamaynta ay u dhimanayaan nolosha aadanaha, "
COD_02425.wav,Dhib u heshiisiinta dib u heshiisiin ayaan sameynaynaa dad walaalo ah  ayaan nahay 
COD_02864.wav,Ninkii faraska laga soo xaday inta uu qoslay ayuu odayadii ku yiri anigu faraskaygu labadan indhood midna waxba kama qabo. 
COD_04898.wav,"Shan sano ka dib, ayaa xaaskiisu maalin iska eeg eegtay moobeelkiisa, kolkaas bay meelo inta u dhacday waxa ay ku aragtay wax ay ka naxdo."
COD_06424.wav,Aabihii Maafiyada Talyaaniga oo la qabtay kadib sodon sano oo raadis ah
COD_01183.wav,"Goor galabgaab ah ayaa maalin duqeyntii soo billaabatay. Sidii caadada noo aheydba, "
COD_05013.wav,Waxaa magaalada Hargeysa ka caan ah in ay galabtii dhalinyaradu u soo dhaadhacaan suuqa
COD_01712.wav,"Ma dooran ee way ku qasban yihiin, mana diidi karaan oo damiirkooda ayaa diraya."
COD_00818.wav,"waxay markii iigu war dambaysay kor u sii dhaafaysay 28,000. "
COD_05722.wav,"Waxay ahayd hawl u baahan qawsaarro aan hoh iyo caku toona oran,"
COD_01123.wav,taasoo nidaam amni iyo kala dambayn u abuurtey xaafadda. 
COD_05665.wav,"Ilbaxnimada Sawaaxiligu horeba way u jiri jirtay,"
COD_02157.wav,Doodo badan oo aan hal daraf ka maqli jirnay ayaan labada dhinac ka dhegeysannay. 
COD_02003.wav,"Shalay ayaan laheyn, oo awoowayaasheen ayaa lahaa, maanta annaga ayaa leh, kuwa naga dambeeya ayaana berri lahaan doona."
COD_03914.wav,sidaas Oo kale ayaa nalooga baahan yahay marka aan jaamacada joogno Oo class-ka aan dhex fadhino.
COD_05910.wav,iyadoo lagu helay waxa lagu tilmaamay dacaayad ay ka faafisay maamulka 
COD_00656.wav,Ma u muuqataa inaan annagu wiilasheenna iyo gabdhaheenna qaar naafo ka dhigayno? 
COD_06308.wav,"Ka bixistan ayaa qeyb ka ah, heshiis uu garwadeen ka ahaa "
COD_02942.wav,halka koox kalena ay ku murmayaan shoow Dabaylahaan hugmo ayaa naga haatiyoo Qoom kalaaba u baxay.
COD_04615.wav,Dhammaan riyadeenna way rumoobi karaan; haddii aan ku dhiirano inaan daba galno.
COD_02414.wav,"ciidamadii hore ayaa noojooga oo yaqaana sida loo qora ciidanka yaqaana, "
COD_04327.wav,waxa uuna tilmaamay in dowladda Federaalka Soomaaliya ay ka go’an tahay dib u soo nooleynta xiriirka saaxiibtinimo ee ay la leedahay dalalka Caalamka.
COD_04833.wav,Waxa uu muujiyey dulqaad. 
COD_06720.wav,Shirka Wasiirada Gaashaandhigga Dawladda Federaalka Soomaaliya 
COD_01814.wav,"dadka aan la socodo, meelaha aan habeenkii kusoo daaho, sida aan u hadlo iyo sida aan u lebbisto."
COD_03092.wav,Goobtii bay dadkii qosol u wada dhaceen.
COD_00851.wav,"Mobile iPhone 14 in uu u qaado ayuu rabay, balse waxay u sheegtay in lagu daatay, waxayna u doortay Samsung J6 ah."
COD_03773.wav,kalana qeybgalo munaasabadaha diiniga ah iyo kuwa kale ee waalidka lagu raalligelinayo.
COD_06952.wav,"Shiinaha waa dalka saddexaad ee militeri ahaan ugu awoodda badan caalamka,"
COD_02577.wav,"Sanado ka dib ayuu Abul-Caas gurigeeda ugu yimid, waxayna weydiisay: Abul-Caasow ma waxaad u timid in aad soo islaanto. "
COD_01339.wav,Dhallinyaro muqallasiin ah ayaan la kulmay. 
COD_03937.wav,Mar qura ayaa waxa is la qoslay dhalintii halkaa jogtay ugu dan bayna waxaa lo shegay mesha uu jogo in ay xamar tahay
COD_00598.wav,ha abuurina culays aan wax baahi ah loo qabin. 
COD_06866.wav,Qofka fiisahan wata wuxuu noqon karaa muwaadin dalkiisu ka baxsanyahay 27-kan dal oo hadda lafilaayo inay kuwa kale kusoo biiraan.
COD_05675.wav,"Dhallinyarada reer Afrika waxaa la bari jiray caadooyinka, dhaqanka, hiddaha, taariikhda, diinta, sharciga iyo farsamooyinka. "
COD_00297.wav,"iyadoo lafo noqotey, oo muddo dheer ka hor geeriyootay, ayaa waxay kaala hadlaysaa xuquuqda aadanaha iyo xuquuqda dumarka"
COD_03103.wav,"Sheekadan waxay soomaalidu ugu maahmaahdaa ninka wuxuuna garanayn iskaga dhufta, kadibna iska dhex fadhiista."
COD_00863.wav,"Tan ayaa roon oo ah fikrad ganacsi oo dhallinyaro badan shaqo u abuurtay, in kastoo lagu daatay oo sicirbarar lagu riday. "
COD_05664.wav,waxayna u kala tilmaamaysay dadka xumaanta iyo samaanta. 
COD_05176.wav,ILAAHNIMADA KALIGAANA WAAN KUGU ADDEECNAAYE 
COD_02950.wav,"wuxuuna si degdeg ah uu indhaha oo aad moodo inuu xabsi ay ku jireen kasoo saaray u fiiriyey wixii ka dhex birqayay wabiga, "
COD_01850.wav,Yuusuf Garaad oo ahaa Agaasimaha Laanta af Soomaaliga ee BBC ayuu Mucallimuu ahaa wariyaha BBC uga warrama Muqdisho.
COD_02613.wav,"Sawirkaasi wuxu sii huriyay dabkii Falis gudaha uga shidnaa, "
COD_01210.wav,"Lambarkaaga iiga soo baaq, lacagta waan kuugu soo diraa ayaan ku iri, "
COD_00462.wav,"Mudane haddii aad wax kale qaban weydo arrinkaas gaarsii jaamacadaha dalka,"
COD_04472.wav,"1969, kadib markii shirqool lagu toogtay Allaha u naxariistee madaxweyne Cabdirashiid Cali Sharma’arke, "
COD_04985.wav,Waxaan odhan karaa waa lagu sakhraamaa.
COD_04800.wav,In uu wax ku barto iyo in uu ku noollaado nolol ka macaan tan miyaga.          
COD_04186.wav,sidaa awgeed waxaan rabaa inaan kula xidido. 
COD_01898.wav,"Duhurkii ayaa oon i qabtay, kaddibna geed hoostiis ayaan seexday. "
COD_04796.wav,Baaddiye ayaa uu ku dhashay oo uu ku garaadsaday. 
COD_02627.wav,"Karbuuno ay wadatay ayay ku shidan, iyadoon hadlin oo Farajaceysa ayay Qolkeeda ku laabatay. "
COD_05384.wav,waa haddii ay doonayaan inay kasoo iibsadaan ka hor dhammaadka xilli ciyaareedkan goolhayaha kooxdaas Diogo Costa
COD_01055.wav,"YouTube ayaan ka baadigoobay habka fasalka loo maamulo, ardaydana loola macaamilo. "
COD_01825.wav,"Waan sheekeysannay, waxaana ka helay shakhsiyaddeeda kartida badan, "
COD_02699.wav,lakin markey Maamo Ashkiro dib uga sheegtay inay tahay Habar Harjad ah oo ay soo fureen Sagaal Nin soona kala dirtay dhowr qoys 
COD_05620.wav,Rusty aabihiis oo 72 jir ah wuxuu jago sare ka hayaa shirkadda wiilkiisa
COD_02808.wav,"Beri baa waxaa saaxiib ahaa Dacawo iyo Waraabe. Waxaa layidhi, Waraabuhu xoolo badan ayuu lahaa, laakiin dacawadu wey xoolo yarayd. "
COD_06460.wav,Wixii faahfaahin ah oo kasoo baxa kala soco Puntlandtimes.
COD_02163.wav,"hadda waxaa la isla tegay hool ay ku jiraan dad waxgarad ah, oo aan iska qaadaneyn wax kasta oo loo sheego."
COD_01566.wav,Muddo ayaan la shaqeynayaa saaxiibkey Gaabow. 
COD_06966.wav,"markii uu taleefanka dhigayayna waxa uu hooyadii ku yiri:  Hagaag, khadkaan ka baxayaa. Waan ku faraxsanahay inaad caafimaad qabtid. "
COD_02380.wav,"is badalka dhabta ah ma ahan qof qof badalaya, ma aha dowlad dowlad badaleyso, waxaa waaye is badal  hab dhaqameed siyaasadeed ah  waana kuwa hoos ku xusan ."
COD_07260.wav,Cumar Cabdi wuxuu sheegay in filimka uu soo bandhigayo muuqaalka dhabta ah ee dadka Soomaalida 
COD_01742.wav,"Mudane ka shaqee inaan dhinaceenna ka helno fursadaha ay waddamadaas ka helaan ummadahana nala midka ah, sida waddamada Afrika iyo Asia."
COD_05486.wav,Balse su'aashu waxay tahay sidee ayuu Bezos hormarkan ku gaarsiiyay shirkadda? 
COD_01801.wav,Arrin aad shalay diidi kartay ayaa laga yaabaa inaad maanta ku qasbantahay. 
COD_06114.wav,Wasiir ku xigeenka Wasaaradda warfaafinta Xukuumadda Federaalka Soomaaliya Cabdiraxmaan Sheekh Yuusuf Al-Cadaala
COD_01253.wav,Waxaana billowday guux lagu saluugayay Dowladdii Riyadka. 
COD_03363.wav,"waa tan ooyeysa markii ilmihii ay ku baaba’aaan badda , "
COD_00703.wav,waxaan dalxiiskeygii Kuala Lampur ku soo afjaray beerta shimbiraha oo ay ku nool yihiin boqolaal nuuc oo shimbiro ah.
COD_05446.wav,dad lagu qiyaasay 3 malyan oo ku nool Mareykanka ayaa halis ugu jiraa inay waayaan shaqooyinkooda
COD_02408.wav,"saan sheegay  waxaa nambar kow ii ah ammniga  dalka waxa uu ku jiraa xaalad dagaal, "
COD_00812.wav,Hebel dhaawaciisa inta dalka wax waa looga qaban waayay ayaa dibadda loo qaaday. 
COD_03628.wav,"ka dibna wuxuu igu dhahay ninkaas maxaa waaye, waxaan dhahay waa kuwa i heystaan, "
COD_04583.wav,Mudnaanta sii fikradahaaga ganacsi
COD_02251.wav,Qaar kalena waxay aaminsan yihiin in aysan dhaqi karin gabar waxbaratay.
COD_03250.wav,"Waxayna badalaynaa dhaqankii siyaasadeed ahaa in shacabka  aysan dowladda  wada shaqeyn laheyn,  "
COD_06606.wav,"Xaalada Laascaanood ayaa sii cakirmaysa maalinba maalinta ka dambeysa,"
COD_02953.wav,Wuxuuna isku dayey sidii uu kusoo qaban lahaa dheemanka oo waxaa usoo caraftay abaal marintii ahayd khonton kun oo dollar.
COD_01816.wav,Abbe hadda ayaan fahmay sababta aad marmarka qaar caloosheyda u taaban jirtey anigoo hurdaaya
COD_07328.wav,loogana raarido in la’aantii dalku dumayo.
COD_05751.wav,"waxaasi wuxuu jiraa daaqsin geel ,"
COD_05845.wav,Wuxuu askarigaasi ii sheegay in lugtiisii gaadhay heer ay quruntay
COD_05975.wav,Daqiiqadii labaad ee bilowgii ciyaarta Arsenal ayaa hoggaanka u qabatay dheesha kaddib markii uu eber iyo hal ka dhigay Bukayo Saka.
COD_01456.wav,"Aabbe geeridiisa kaddib waxaan noqday qof masuul ah, oo waxaan la wareegay masuuliyadda reerka, "
COD_02282.wav,"Subixii ayuu guryaheenna gaariga naga soo qaadi jiray, galabkiina wuu nagu celin jiray. "
COD_01874.wav,Wuxuu sidoo kale soo noqday Taliyaha Booliska Soomaaliyeed 
COD_01583.wav,Waxaa magaalada ku badan ariga.
COD_05556.wav,Wuxuu sheegay in Shaqadaan uu ka tegi karo marka uu dalaco oo uu darajo wacan ka gaaro.
COD_03601.wav,waxaan ka baqay in ay i soo damcaan oo ay dhibaato hor leh igu dhacdo dhimashadiisa ka dib.
COD_01400.wav,Wuxuuna naga codsaday in aan caawinno. 
COD_02975.wav,Shaki uu xaaskiisa ka qabo darteed ayaa wuxu keensaday shimbir guriga wixii ka dhaca uga warrama inta uu socdaalka ku maqanyahay.
COD_02287.wav,Waxa uu sheegay in Puntland ay tahay hooyada maamul Goboleedyada dalka.
COD_04432.wav,1964kii Soomaaliya iyo Itoobiya waxaa dhexmaray dagaal gaaban. 
COD_04377.wav,Haddee ma Cigaalbay ka gar helin? 
COD_00235.wav,Dib halloo fiiriyo aragtida laga qabo iyo sida loola dhaqmo gabdhaha dantu ku kalliftey inay gurigeenna ka shaqeeyaan
COD_00038.wav,"midkaas oo sababay in la damco dhulkooda, dhaqaalahooda iyo siyaasaddooda."
COD_05909.wav,Hore waxay u soo dhammeysatay lix bilood oo xarig ah sanadkii 2012 
COD_02224.wav,"Wuxuu heystay makaroofan, wuxuuna dhahayay ha iska socan ee isla soco,"
COD_07106.wav,"Aad baan ugu faraxsanahay guulaha aan gaaray, waxaanse doonayaa inaan bal markale istijaabiyo oo aan eego waxa aan samayn karo."
COD_04587.wav,Waxay u baahan tahay adkaysi iyo hab-fikir quman.
COD_07190.wav,qareenkiisa ayaa sidaas u sheegay BBCda.
COD_04352.wav,cigaal oo degan meel miyi ah oo magaalada u dhow ayaa goor barqo u socdaalay magaalada 
COD_03742.wav,"Kuuriyada Waqooyi ayaa ah dowladda ugu badan ee qawaantiina la yaabka leh ay ka jiraan,"
COD_00520.wav,Qoraaga sheekadu wuxuu ka sheekeynaayay isagoo carruur ah inuu xafaddooda ku yiillay dukaan lugu iibiyo macmacaanka oo uu lahaa nin la dhi jirey Mr. Jones. 
COD_03056.wav,Boqor hayaag ayaa yidhi dee haddaa wiilkii yaraa ee ku lahaa uu cuni ayaa qaatay. 
COD_00369.wav,"Jabkii fikirka ee kusoo dhacay wuxuu ku keenay inuu sidooda u liqo wax kasta oo dood ah oo ka yimaada, gaalada iyo cilmaaniyiinta. "
COD_05847.wav,"Wuxuu dhakhtarkaasi ii sheegay inuu hadda ku noolyahay nolol curyaanimo ah,"
COD_03009.wav,Waxay tidhi waan kugu soo war celin doonaa. 
COD_02928.wav,"habeenkii arooska ayay aad uga heshay gabadheeda quruxdeeda,"
COD_03582.wav,"muddo afar sano oo aan laheyste u ahaa isagaan bartay oo uun cid kalle isma arkin, "
COD_01352.wav,Gabadhii inta ii damqatay ayay shaqadii i siisay. 
COD_00111.wav,Weligay uma malaynayn in aan ku guulaysan doono abaal-marin heer sare ah
COD_02825.wav,Dhibanihii wuxuu isha u weeciyey inuu eego dhanka sare mise silsiladii uu ku rafaadayay oo hafashada badan galisay 
COD_05698.wav,Badda jiidhayaa ama berri jaanta mariyaaba
COD_01650.wav,Halkan waa qeybta dhalmada. 
COD_03186.wav,laakiin nin caqli badan oo aan dadka badidoodu ogayn ayuu ahaa. 
COD_00181.wav,Qeybta hore ee ciyaarta ayaa lagu kala nastay hal iyo eber ay ku hoggaamineysay kooxda martida loo ahaa ee Barcelona.
COD_02443.wav,ayna beeshu cafis iyo heshiis weydiistaan wixii iyaga iyo beelaha kale kala gaaray ayuuna kula dardaarmay.
COD_04734.wav,Dunnida aynu ku nool nahay manta ayaa waxaa ka jira loolan adag ay ku jiraan kooxo ama dadyow kala duwan.
COD_03602.wav,"Habeenkii waan fakeray, inta ay dadka ku mashquulsanaayeen tacsida ayaan waxaan is weydiiyey dhawr su’aalood. "
COD_02530.wav,"Itoobiya oo qaadatay siyaasad isku-filnaansho oo dhanka cuntada iyo korontada ah waxay xoogga saareysaa maareynta iyo isticmaalka biyaha dalkeeda, "
COD_00123.wav,taasoo ii sahashay inaan dib ugu so xirmo halka aan ka soo jeedo
COD_04319.wav,Si dhib yar inta ay u qabteen ayey cuneen. 
COD_03524.wav,"wuxuuna ii sheegay in xaaskiisa aan ahay, "
COD_05827.wav,wuxuu iga codsaday inaan magaciisa qariyo sababo ammaankiisa iyo shaqadiisa la xidhiidha darteed.
COD_04218.wav,"Wuxuu ka fekeray goorta iyo waxa uu dareenkaasi ka soo raacay, wuuse xasuusan kari waayey. "
COD_04224.wav,Surwaal jiinis ah iyo shaadh madow waxaa u wehelisa funaanad uu awel shaadhka ka dul gashanaa imikase madaxa ugu duuban. 
COD_03821.wav,"Tagore wuxuu wax ka qoray khataraha militarism, nacaybka isir nacaybka, iyo nooc naxariis darro ah "
COD_03153.wav,"laakiin labada midna wali magaalo indhaha ma saarin, balse waa looga sheekeeyay."
COD_03868.wav,si loo soo saaro xaaladda degdegga ah ee aan hadda muuqan.
COD_03538.wav,"Inta aan xaaska guriga joogo ahaa, waxaa damcay in aan raadiyo xaaladda reeraheena, "
COD_06104.wav,sida ay sheegtay dawladda dalkaasi.
COD_01260.wav,Fasir aan dayac ahayn looma heli karo in boqol maalin ka badan oo uu Madaxweyne yahay ay masuuliyadda amniga dalka hayaan taliskii Farmaajo keensaday
COD_03023.wav,"Ninkii waxa uu yidhi gabadheey waxan ku jirnaa xilli abaar ah, saw ma arkaysid inay lo’dii abaarsatay. "
COD_00394.wav,adna aad abaalmarin weyn uga hesho Alle agtiis.
COD_00638.wav," oo ilaalinta afka dhaafsiisan, qaar badanna ay ka tahay daacad. "
COD_00425.wav,"layna oggolaado inaan sheego hal macallin keliya, hubaal waxaan sheegi lahaa Macallin Maxamed Macallin Xasan Ganey Macallin Baay, Allaha u naxariistee."
COD_00233.wav,"Haddii aad waxbarasho u heli karto, ama aad wax nolosheeda kaba u samayn karto, haka labalabeynin. "
COD_06571.wav,"Dadka gobolka u dhadhay Hawiye iyaga caadi beey magaalada usoo geli doonaan,"
COD_00998.wav,wuxuuna ku dhahayaa: saaxiibow mushaarka ayaa bishaan iga soo daahay ee ii soo dir boqol iyo konton dollar oo aan ilaa 5ta bisha kuu soo celiyo.
COD_04949.wav,Kolka uu dareemo in aad looga daba ordayo ayuu dhan kale u sii jeestaa. 
COD_05954.wav,"Maamadu waxaa ay sidoo kale sheegtay in sicirka kacay uu hoos u dhigay dalabkii Shaaxa, "
COD_05961.wav,maadaama uu yaraaday dalabkii Shaaxa la cabayay.
COD_07064.wav,"waxaan waligay jeclaa inaan barto dadka iyo meesha uu aabbehey kasoo jeedo,"
COD_04584.wav,"Dhab ahaantii, maaha wax ku saabsan wakhtiga adiga ayay kugu xeran tahay. "
COD_04033.wav,maalin adiga ayaa wax badbaadinaaya maalin Adiga ayaa lagu badbaadinayaa.
COD_04775.wav,sidoo kalena loo baahan yahay in la iska qabto. 
COD_04299.wav,Wuxuu ku caanbaxay fulaynimo. 
COD_01958.wav,"Waxay ahaayeen dad talo ka dhexeyso, isceshada, carruurtana aan kala xigsan haddii ay isdagaalaan. "
COD_02430.wav,Waxaan kaloo rabaa inaan dhameystiro wadahadallada udhaxeeya  walaalaheen Soomaaliland  iyo dowladda dhexe  Soomaali waa dad walaalo ah makala maarano  
COD_04078.wav,Nin walba wuxuu si gooni ah u codsaday cadkii uu islahaa ragga ayuu walaaleeyaa. 
COD_07023.wav,oo uu ku matalayo Soomaaliya oo ay dhalasheeda qaatay.
COD_00547.wav,"Wuxuuna gabadhii yareyd cod xabeeb leh ugu soo jawaabay Haa, weliba xoogaa dheeraad ah ayaad leedahay,"
COD_04642.wav,Ma waxaad hiigsanaysaa guul shakhsi ama mid xirfadeed mise way isku xiran yihiin? 
COD_04931.wav,"Waxbarashadii waa laga hor istaagay oo, waa tan bilaabi weydey jaamacaddii laga soo diiwaangeliyey. "
COD_04002.wav,Hadhihin Ama Hakala Hortagin Qofka Wuxuu Necebyahay Hadal Ama Ficil 
COD_05398.wav,bisha January isla markaana uu u furan yahay dookha ah si bilaash uu kooxda kaga tago xilli ciyaareedkan- Football League World
COD_03075.wav,"In muddo ah markay is dileen ayay kala daaleen, markaasaa waxay ku heshiiyeen qofka ugu soo horreeya ee wadada soo mara inuu kala saaro. "
COD_06397.wav,"Weerar ay ku qaadeen Jaamacadda Garissa 2015 waxa ay ku dileen boqol lixdan iyo lix qof,"
COD_01053.wav,waxaanse ku baraarugay in aysan xisadeyda ku raaxeysaneyn oo ay u tahay xabsi kor ka furan. 
COD_07112.wav,Sawirro ay soo qaadeen cirbixiyeenno ayaa muujinaya walax ku dadan midab cagaar ah.
COD_06944.wav,Fikirka noocan ah ayey taliyeyaasha howl-gabka ah u arkaan mid waxba kama jiraan kasoo qaadaya dadaalladii hore 
COD_03131.wav,Isna isaga oo bud wayn wata ayuu iska daba shubay.
COD_03205.wav,"Sidaa darteed dadku gorayada way dhaqan jireen oo waxay u samayn jireen aqallo ay galaan, si ay baalasha uga gurtaan. "
COD_03030.wav,Waxay ku tidhi aniga ayaa ku soo mari doona.
COD_03077.wav,"ninkii bay joojiyeen, dabadeed arrintii ay isku hayeen ayay u sheegeen."
COD_05502.wav,"ay wajaheyso Shirkadda, ka dib-na horey loo socdo."
COD_02254.wav,"Markii ay maxkmadda ICJ aqbashay in ay qaaddo dacwadda badda wuxuu la hadlay warbaahinta, "
COD_02137.wav,Ustaad Cabdiwahaab wuxuu arrinkii u sheegay ustaad Maxamuud Jimcaale oo markaas ahaa guddoomiyaha jaamacadda. 
COD_03090.wav,Ninkii baadiyaha ka yimid intuu sheekadii ku soo dhacay ayuu yidhi Waar ninka Taxi la yidha baa ugu taajir san ayaan filayaa. 
COD_01096.wav,"Dad badan oo aan aqaanno ayaa xilal laga qaaday, balse xil-ka-qaadista Caydaruus si gaar ah ayaan uga naxay, "
COD_06281.wav,"Wuxuu sidoo kale sheegay in kan labaad uu ka dhacay guriga Xildhibaan Abuukar Maxamed Jacfar,"
COD_02328.wav,hadana waxaan go'aansaday in umadda Soomaaliyeed u noqdo tusaale oo aan iska casilo xilka aan umadda Soomaaliyeed u haayay 
COD_04451.wav,"Xilligaas waxaa xabsiga laga siidaayey ra'iisalwasaare Maxamed Ibrahim Cigaal, "
COD_00267.wav,ee qofkii ma ku eedeeyay isagoo kugu tuhmaaya bakhiilnimo iyo hagar?. 
COD_02528.wav,Jubba iyo Shabeelle waxay waraabiyaan beeraha oo ah isha koobaad ee dhaqaalaha Soomaaliya. 
COD_01843.wav,"Waxaan ka helay sida aysan taageerannimadu indhaha u tirin Cabdullaahi, oo isagoo taageersan Wardhiigley uu haddana qaladkooda u qiray, uguna dhaliilay. "
COD_01619.wav,Howlo dowladdu gabtay ayuu u istaagay. 
COD_00840.wav,Sheekadaas hooyo ayaa nooga sheekeysay.
COD_01734.wav,"markay meel uun tagaanna isu uruursada, isu ficla una xafiiltama qabiil-qabiil.  "
COD_06585.wav,Madaxda ayaa wadajir u bogaadiyey guulaha Ciidamada Soomaaliyeed ay ka gaareen
COD_05744.wav,"Balse ninkii aan sidaa u golongoolin ee barqadii markay tahayna shaxda jeexda,"
COD_00653.wav,Haddii aan wiilka inuu nolosha kaalin ku yeesho aan guriga looga soo billaabin sidee ayuu ku noqon doonaa xubin wax gal ah?
COD_01608.wav,Ramadaan kasta waxay afuriyaan kumanaan qoys oo danyar ah. 
COD_04439.wav,"kadib dilkii madaxweynihii Qaranka Cabdirashiid Cali Sharmaarke 15 October, 1969 uu ku dilay mid kamid ah ilaaladiisi magaalada Laascaanood. "
COD_06860.wav,inay isticmaalaan codsiga fiisaha dhijitaalka ah laga bilaabo 2031.
COD_04482.wav,"garan maayo, aniguba hooyaday baan ka arkay"
COD_05838.wav,"Wuxuu khadka telefoonka iigu sheegay askarigaasi, in dhawr maalmood ka dib jidhkiisii uu barar saameeyey,"
COD_04462.wav,"sabab la xiiirto somalida qurbaha joogto oo wadanka lacago badan soo geliyo, "
COD_05729.wav,"kuwaas oo haddii tirada geelu korodho, iyana la kordha."
COD_01070.wav,"Waxaan hambalyo iyo bogaadin u dirayaa Macallimiinta Soomaaliyeed ee aroor kasta u soo kallaha kobcinta ogaalka, aqoonta iyo garaadka ubadka Soomaaliyeed. "
COD_00586.wav,Ha noqon suldaanka jelemedaha kirliyada
COD_07156.wav,"oo ay ku jirto rikoorka qarash gareynta xagaaga ee hal dhibic sagaal bilyan ginni, "
COD_02598.wav,Falis oo Waagu ku beryay oo aamisan inuu Qanciye Shankaroon u maleeyo ayaa Caqli Fayoow ku fiirisay 
COD_01120.wav,"Sidaas ayuu xaafaddiisa ugu yeeshay magac iyo sharaf, kuna kasbaday ixtiraamka dadka isagoo dhallin yar. "
COD_03323.wav,sida shabaabka ay cadowga shacabka u yihiin  ayaana  musuqmaasuqa u yahay cadowga horumarka  
COD_06039.wav,"Qoorqoor  waan hambalyeynayaa la wareegida Ceeldheer,howlgalka wuu sii soconayaa inta la ciribtirayo ."
COD_04878.wav,Labadooda mid ka mid ah ayaa waxay lahayd saaxiib jacayl kala dhexeeyo.
COD_05759.wav,Xas jadeerliyo Haddaan xagar jiq ah
COD_02317.wav,Waxa uu magaalo-kasto ku ammaanayay kheyraadka gaarka ah ay u leedaaday iyo waxa ay ku wanaagsan tahay.
COD_02583.wav,"nabiguna wuxuu ilmada ka tirayaa Abul-Caas oo leh rasuulkii Alloow, wallaahi ma noolaan karo Zeynaba la'aanteed "
COD_03199.wav,"Wixii dad meesha joogay ayaa qosol afka jabiyay, waxay yidhaahdeen maantana ma waxaasaad keentay dhalin ileeyoow?. "
COD_04467.wav,"kowdii Luuliyo 1960, labada gobol ayaa midoobay iyagoo sameeyay Jamhuuriyadda Soomaaliya. "
COD_03204.wav,kadib waxay u iib gayn jireen dibadaha oo lagac fiican baa laga siisan jiray. 
COD_02768.wav,"Aniguna waxa aan ahay hal, sagaal laxaadna waan qaadanayaa, sidaas ayaana sax ah."
COD_01158.wav,Qoysas yar  aan ka mid nahay ayaa ku haray xaafadda Maxamuud-Xarbi ee Xararyaalle oo aan deggannahay. 
COD_07314.wav,"Si aad awood ugu yeelato labiskan gaarka ah ee loogu talagalay haweenka, "
COD_01877.wav,Mar kasta oo dagaal lagu soo jabo waxaa ciidanka laga filan karaa inqilaad. 
COD_00883.wav,Dhulku waa cagaar oo waxaa dhowaan biyadhigtay roobkii Deyrta. 
COD_06691.wav,inbadan buu daarood dagaal raadiyee iskeen siiya
COD_00236.wav,"iyadoo aysan nagala dhaxayn qaraabannimo ka sokeysa Islaannimada, Soomaalinimada amaba dadnimada."
COD_06466.wav,Soomaaliya waa xor mar hadii hawiye uu dhulkiisa xoreystay.
COD_04476.wav,xiligaas oo ay afgembiyeen jabhado qabiil ku saleysan oo ka kala yimid waqooyiga iyo koonfurta dalka.
COD_00736.wav,"Yeelkeedii, waxaan heystaa Buug iyo Internet oo ah baasaboorro caalami ah oo aan aqoonsaneyn xuduudaha, "
COD_03104.wav,Waraabaha ayaa waxa laga sheegay inuu yidhi aniga iyo xoolaha wax dhib ahi nooma dhaxeyso. 
COD_06895.wav,"Intaa waxaa dheer, xubnaha qoyska kasoo jeeda Yurub ee Aagga Dhaqaalaha Yurub ee ka faa'iidaysanaya"
COD_03191.wav,"Marka uu wax sheegayo dadku waa iskaga qosli jireen iyagoo dhayalsanaya hadalkiisa, "
COD_04412.wav,Fransiisku wuxuu isna ku fekaray in halka ugu dhaw ee uu Ingriiska ka carqaladaynkaro uu yahay isaga oo Djibouti deegaan ku yeesha. 
COD_01787.wav,Baro inaad ismoogeysiiyo arrimaha ama dadka qaarkood inta ay duruuftu keenayso. 
COD_02720.wav,"Dood dabadeed waxay isku fahmeen inay Lacagta kalabar baxsato loona sameeyo Jiif Labaad, "
COD_00448.wav,"Qolo kasta waxay u diyaar garowday in loo keeno nidaam wax baara, wax ogaada, waxna saxa"
COD_02834.wav,Siduu u socday ayaa wuxu kusoo baxay reer ay xidid yihii oo walaashii lagu qabo. 
COD_07235.wav,balse dhamaantood metelayaashii jilaayay sinna ulama ay xidhiidhin Soomaalida. 
COD_03364.wav,waxaan idin ka codsanayaa  codkiina si aan ubadbaadino  dhalaanka iyo  haweenka Soomaaliyeed  oo runtii dhibka ugu badan uu iyaga ku dhacaayo. 
COD_01811.wav,Hadda ayaan fahmay sababta aadan marna uga tegi jirin suuradda Alwaaqicah 
COD_03192.wav,laakiin dib ayaa laga ogaan jiray murtida iyo qiimaha uu hadalkiisu xambaarsanyahay. 
COD_03805.wav,"Socdaal badda ah oo ay ku aadayeen Japan 1916, Tagore wuxuu ku arkay dhacdo lama-huraan ah oo umuuqata "
COD_01416.wav,War aaway ninkii ayaan ku dhahnay? Wuu baxay ee sow islama soconnina ayayna nagu dhaheen. 
COD_01473.wav,Wuxuuna u baahan yahay in waqti badan la geliyo. 
COD_04544.wav,"Wuxuu yiri ninna arxan-darada adduunka kama dhigto sabool ama xabsi kuma riddo, "
COD_07231.wav,Qaar ka mid ah soo saarayaasha filimka ayaa ahaa ajaaniib.
COD_02534.wav,mana jiro heshiis dhanka biyaha ah oo ka dhexeeya labada dal.
COD_05472.wav,Waxaa soo ifbaxay adeegyo casri ah oo lacagaha lagu xawisho ama lagala baxo.
COD_00601.wav,"Qolo ama beel kasta markay keligeed tahay waxaa jira sheekooyin ay isu akhriyaan isuna jiibiyaan oo biyadhaceedu tahay inay iyagu ka mudan yihiin inta kale, "
COD_02666.wav,waasa ninkii Caqliga badnaaye Kalsoni badan aya ku qabaa inuu is xalin doono.
COD_06150.wav,iyo sidii loo dardargelin lahaa wadashaqaynta ku qotonta danaha labo-geesoodka ah.
COD_02897.wav,"Kadib gabadhii inta ay aabeheed, ninkeedii iyo dariskii iskugu yeedhay ayaa waxay tidhi Saddex maanlaawe ayaa tihiin. "
COD_03134.wav,"Waxay isku dayday inay laantii oo dhulka taalla soo qaadato, balse waxay aragtay ninkii oo inyar u soo jira, bud wayna wata."
COD_00056.wav,"waxa kale oo ay toogteen shaqsiyaad mudnaan ku lahaa bulshada dhexdeeda kuwaas oo isugu jira aqoonyahan, waxgarad, dhaqan, iyo culumo. "
COD_00581.wav,"Bara naftiinna inaad fursadaha abuurataan, waxaan hubaa in ugu yaraan qaarkiina guulaysan doonaan. "
COD_05240.wav,Wax aan hore inoo soo marin – oo aynaan u lahayn tijaabo aynu ka tusaale qaadano.
COD_00368.wav,kana fogeynaaya diinta iyo dabciga wanaagsan.
COD_01531.wav,"Markii aan mid arko waxaan u shidi jiray muuqaalkii aan soo duubay, si aan u jecleysiiyo nolosha ay ku jiraan kuwa aan hayo. "
COD_02450.wav,oo xal ka keeni kara wixii beesha dhexdeeda iyo beelaha kale soo kala gaaray. 
COD_05222.wav,Waa maxay hadaf?
COD_03347.wav,waxaa Soomaaliya soo maray dowladnimadeedii  saddex jiil 
COD_00727.wav,New-York waxaa ka daran magaalada Manila ee caasimadda Filibbiin oo 26% dadka ku nool ay yihiin derbijiif aan guryo laheyn.
COD_03535.wav,"iyo sidda ay u wiideestaan wax ay dhacayaan iyo dadka ay afduubaan, "
COD_00646.wav,"Weelka quraacda loogu keeno meeshiisa uga tago sidii neef ari ah, haddii dhaq la yiraahdana isu arka in meel looga dhacay? "
COD_02829.wav,"Habeen saq dhexe ah ayaa tuug inta uu soo dhacay faraskii xaday, markaasuu la baxsaday. "
COD_06400.wav,"kuwaas oo qeyb ka ah howlgalka Midowga Afrika ee ATMIS, iyaga oo dalbada inay dalka ka baxaan."
COD_05772.wav,"Arar: Qoraalkaygani sinaba, marnaba, goornaba uma jeedo,"
COD_00984.wav,Mushaarka iyo dhacdhaca ay dowladda ka qaataanna dalka kuma celiyaan ee Turkiya iyo Kenya ayay u soo xawilaan. 
COD_00637.wav,Waxaa si cad u muuqada in qaar ka mid ah dadka naceybka badan u muujiya af-carabigu ay badankoodu ay ku taaganyihiin utumo kale 
COD_04811.wav,Awooddiisa ayuu isugu geeyey waxdhigashadii. 
COD_04747.wav,sababtuna waxay tahay in aan awodi waayay qarashaadka aan ku baranaayo kuliyada aan jeclaa.
COD_06858.wav,"Xeerka cusub, oo ay ka wadahadli doonaan baarlamaanka Yurub iyo Golaha Yurub, ayaa la filayaa inuu bilaabmo sannadka 2026."
COD_04563.wav,"Ganacsiga waa shirkad kasta oo doonaysa inay ka faa’iidaysato adeegga ay bixiso, badeecadaha ay iibiso iyo wixii la mid ah. "
COD_02724.wav,"Inta qosol la dhacay ayu ku yiri: War ma heyside Sanadka ayaa dhammaad ah oo Caawa Xisaab-Xir ayaan ku dhafri rabnaa, "
COD_05106.wav,Baaritaankooda wuuxu ku saleeyay in jiirka loo isticmaalo cunno ahaan.
COD_02216.wav,"Shacabkuna dib ha u milicsado dhibkii aan ka dhaxalnay burburkii dowladda, oo noo horseeday dowlad la’aan iyo dagaallo sokeeye, "
COD_04753.wav,sababtuna waxay tahay in bulshada uu ku dhacay millan sidaa darteedna ayna kusii jeedaan khatar iyo dhibaatooyin farabadan.
COD_03985.wav,Kuqaabil Qofka Waji Wanaagsan Xitaa Hadii Uu Ku Xumeeyo
COD_04891.wav,Markii ay dhaqaaqday ayaa gabadhii kale moobeelkii iska sii eegtay farriimaha ay gabadhu hadalkeeda la maqli weyday. 
COD_06755.wav,Arinkaas Smaciil cumar geele wax ayuu Ka ogyahay why because geele dooni
COD_02832.wav,"Ninkii wuxu socod ku jiraba, goor habeenkii ah ayuu meel raadkii faraska u dhaw iska seexdday."
COD_01455.wav,"Isaga ayaa wax walba i siin jiray, waxbarashadana iga dhiibi jiray. "
COD_04195.wav,Nin soomaali ah oo jooga wadamada reer-galbeedka ayaa lagu soo eedeeyay inuu dilay nagtiisa. 
COD_03610.wav,"Subixii dambe ee meydadkii la aasayey ayaa odey reerkii ninka ka mid ahaa i weydiiyey gurigaan yaa lahaa, "
COD_04903.wav,Sidii uu waday ayuu waxuu ku arkay saaxiib hore oo ay lahayd iyo waxyaabo  uusan u bogin oo dhexmaray. 
COD_03688.wav,"Shaqaalaha Soomaaliyeed waxa ay ku tilmaaman yihiin hawl-karnimo, "
COD_06107.wav,inkasta oo ay jiraan dedaalo caalami ah oo awood badan la geliyey sidii loo xakamayn lahaa.
COD_04418.wav,Wuxuu Sayidku dagaalka waday mudda 21 sano ah.
COD_01222.wav,"Geeridu waa mid, sababaha loo dhimanayo ayaase kala duwan. Naf kasta geeri waa dhadhaminaysaa, waase la kala horreeyaa. "
COD_00914.wav,Waa deegaan xilli kasta shidan oo ka duwan kuwii aan soo marnay. 
COD_02671.wav,"intuu Horteeda fariistay ayuu Labada dhaban ka shumiyay, Xabibtii maxaa ku helay, uma qalantid inaad Murugooto. "
COD_01973.wav,"Anigu hooyadey ayaan caano la iibin jiray, marna hilib ayay qali jirtay, "
COD_04086.wav,"maxaadse sabeenta adhiga laga qaato ku maagtay, ayey weydiisay. "
COD_05213.wav,rajadu waa awoodda lagu arko inuu jiro iftiin aanu sameyn dhamman gudcurku.
COD_02957.wav,"Mar kale ayuu isku dayey, markaanse wuxuu toos ugu dhex socday wabigii, biyihii aan hagaagsanayna waxay ka wasakheeyeen surwaalkiisii. "
COD_02180.wav,"SNTV wuxuu ku baraarugay in uu yahay telefishan Soomaaliyeed oo u dhexeeya mucaarad iyo muxaafad, wuxuuna si toos ah u tabinayay khudbadaha shirka. "
COD_05979.wav,Daqiiqadii 47-aad Arsenal ayaa sii dheereysatay hoggaaminta ciyaarta kaddib markii uu 0-3 ka dhigay Eddie Nketiah.
COD_04946.wav,"Jeerkii uu arkay in kulankiisa la xiisaynayo, waa iska joojiyey codsigiisii kulammada. "
COD_04942.wav,markii dambe iyadii baa daqiiqad moogaan weydey oo wici jirtay.
COD_01500.wav,"Mana loogu adeego canshuurtaas ay ku qasban yihiin in ay bixiyaan, oo ay jeebka ugu dhacdaa madax aan xilkas aheyn."
COD_03218.wav,Waxay kusoo baxday dhinacii dhalin ileeye reerkiisu daganaa. 
COD_02269.wav,"Sanado kadib ayay maalin xafiiskeeda iigu yeertay, waxayna igu casuumtay arooskeedii oo asbuuc kadib Muqdisho ka dhici doono. "
COD_02370.wav,"mudanayaal iyo marwooyin dalka waxuu ku jiraa xaalad adag,   "
COD_03643.wav,Waxa iigu yaabka badnaa in aan go’aan ka gaaro waxey noqdeen caruurtii aan dhalay. 
COD_04718.wav,Xirfado Isgaarsiineed oo heer sare ah
COD_00402.wav,In kuwa waanwaanta ka gala arrinkaas iyagana la xanuunjiyo lana edbo.
COD_05009.wav,"Laakiin maalin, libaax yar ayaa dhashay kaasoo ka duwan kuwa kale, aan lahayn sharafta raxanta kale,"
COD_02791.wav,"Tusaale ahaan, cunugga curadka ah, wiil iyo gabar kii uu ahaadaba, "
COD_05473.wav,Adeegyadaha la xiriira waxaa haatan intooda badan laisku marsiiyaa Online-ka
COD_02751.wav,"hooyo maxaad sidan u yeeshay?, Wiilkii  wuxuu yidhi:hooyo adiga ayaa i yidhi sidaa yeel oo xadhig ku soo kaxeey. Hooyadiis yaab"
COD_03372.wav,Hasayeeshee Mudane Cabbaas ayaa sheegaya in ahmiyad u leedahay iyaga.
COD_03227.wav,Laakiin waxaan eegaya marka uu shan iyo toban jir gaadho in uu nacas noqdo iyo in kale. 
COD_01056.wav,"Alle mahaddiis, tababarkii aan maalinkaas qaatay wuxuu beddelay aragtidii aan macallinimada ka haystay iyo sidii aan ardayda ula dhaqmi jiray. "
COD_01148.wav,Meelihii ugu darnaa waxaa ka mid ahaa degmooyinka Dharkeynley iyo Wadajir oo uu Cumar degganaa.
COD_05658.wav,Timbuktuu iyo Janne waxay lahaayeen culimo caan ah oo qayb weyn ka qaatay qoridda taariikhda Suudaan
COD_02307.wav,"taasi waxa uu micneheedu yahay inaan aniga iyo madaxweynaha jeexano siyaasad ah inaan aniga iyo isaga ka madax-bannaanahay musuq-maasuqa, "
COD_00529.wav,"Laakiin odaygii xoogaa ayuu inta aamusay cod xabeeb leh ku yiri waa ku filan tahay, xoogaa lacag ah ayaa weliba kuu soo noqoneysa. "
COD_03127.wav,Beertu waxay laheyd deyr wayn. 
COD_00330.wav,"Waxa qarsoon Allaa og, isagaana bannaanka soo dhigi doona, markuu doono. "
COD_07152.wav,Saacadaha ka harsan maanta oo keliya ayuu heystaa si uu ciyaaryahanno cusub usoo iibsado.
COD_04639.wav,Waqti qaado oo raadi waxa aad u taqaano guul. 
COD_07355.wav,Waxaad kaloo oran kartaa 
COD_02813.wav,Maalintii danbe ayaa Dawacadii ka war heshay in Libaaxa uu raadinayo qof xoolaha u raaca. 
COD_00743.wav,"Caalamku Climate Change wuxuu u arkaa cimillo isbeddelay oo salfan kara nolosha dadka iyo duunyada, "
COD_02285.wav,"Ragga waxbartay badankood kuma dhiirradaan gabdhaha waxbartay, ee shaqooyinka fiican magaalada ka heysta. "
COD_05334.wav,Nin gabyaa ahaa oo ku magac dheeraa ina Cabdulle Muuse lana oran jiray Yuusuf Cabdulle Muuse ayaa gabaygaan curiyey.
COD_04749.wav,balse markii aan qalin badashay ayaan ku fikiray inaan noqdo qof hal abuur leh bulshadana wax badan tara.
COD_01062.wav,"Waxaan bartay in ardaydu iiga baahan yihiin wax ka badan cashirka buugaagta ku qoran, ee aan uga sheekeeyo wixii aan nolosha ka bartay, "
COD_06328.wav,Haatan xubnaha joogtada ah ee golaha ammaanka ee Qaramada Midoobay ayaa ka kooban shan dal oo kala ah
COD_04403.wav,"Soomaaliya waxay ka midtahay wadamada ugu xeebta dheer caalamka, "
COD_01860.wav,waxaana laga qaaday qalabkii uu ku shaqeynayayay. 
COD_01401.wav,"Wuxuu noo sheegay in uu ka daahsan yahay xafladdiisa qalinjebinta oo ka dhacayso jaamacad ku taalla xaafadda Nasruddiin, "
COD_00793.wav,"Wasaaraddii Gaashaandhigga, Xarunta Guulwadayaasha, Isbitaalkii Digfeer, Kulyadda Jaalle Siyaad iyo Xeradii Asluubta. "
COD_02013.wav,"Waxay tageen kaam ku yaalla Deyniile, oo qorshuhu ahaa in ay agagaarkiisa ka kireystaan qol ay carruurta kaamka wax ku baraan Khamiista iyo Jimcaha. "
COD_03384.wav,marku isku hubsaday ayuu is cajabiyey oo wuxuu isku qanciyey inaan Bartire nin la aragti ah ama ku soo dhaw jirin. 
COD_01502.wav,"Sidaas ayayna ugu guuleysteen in ay sannad kasta soo saaraan koox ganacsato ah, "
COD_02648.wav,si ay uga caawiso Howlaha Cunta-Karinta Culimada.
COD_07070.wav,"Khaliifa ayaan weydiinnay sababta uu Kenya u matali waayay, waxa uuna ku jawaabay:"
COD_05077.wav,wuu ku qasbanaa inuu ka tago kooxda
COD_00699.wav,"Magaalada waxaa ku hareereysan wabiyo, beeraha qaranka, beerta cinabka, matxafka qaranka ee badda, iyo xeebta Bondi oo leh carro quruxsan oo leh midab dahabi ah."
COD_04705.wav,Maamulayaasha tayada leh waxay aaminsan yihiin guul sare. 
COD_02160.wav,"sidaasna ma aadan yeelin, ee sidaas ayaa tiri, sidaasna waad yeeshay, ayaa la is yiri."
COD_01205.wav,"Markii uu sanad bajaajtii wado ayaa waxaa xanuunsatay walaashiisa oo ay Khasab noqotay in caafimaad dibadda loogu qaado, "
COD_06670.wav,Salaan sare garaad
COD_01034.wav,Inta madaxa jiljilay ayuu ku yiri: ma labo boqol iyo khonton kaliya Si fiicanna way kugu xamaashaane
COD_03621.wav,"Aniga waxaa isku dayayaa in aan la hadlo, oo waa maalintii iigu horeysay oo indhaheyga ay arkaan qof ehelkeyga ah tan iyo markii lay soo qafaashay, "
COD_03846.wav,Mareykanku wuxuu go'aansaday inuu bilaabo dagaal aan dhamaad laheyn iyo qabsashadiisa. 
COD_06326.wav,Waxa uu sheegay in sidoo kale ay tahay in Afrika ay kursi ku yeelato kooxda G-20 ee ugu dhaqaalaha badan caalamka.
COD_03456.wav,Dhiiqo lugaha hala idin gasho ardaynimadiina leey ku ekadaa. yan la idin qaldin.
COD_03717.wav,halka caasimaddooda ugu weynna ay ahayd Petra oo hadda loo yaqaanno Urdun.
COD_01867.wav,dadkuna ay wada sugayeen in ay wax ka ogaadaan. 
COD_01059.wav,kuna beero kalsooni ay iigu sheegan karaan dareenkooda iyo duruufahooda.
COD_06855.wav,"Codsiga cusub, oo uu soo jeediyey gudiga Yurub ka dib faafitaankii Covid-19,"
COD_03259.wav,"mushaarka shaqaalaha iyo ciidamada  baarlamaanka hadiyad maaha  waa xaquuq  sharci ah, "
COD_04709.wav,"Waxay leeyihiin dareen ah in haddii dadka kale ay samayn karaan wax gaar ah, ay sidoo kale u samayn karaan si la mid ah. "
COD_03400.wav,"una sheegtay in abtigii tilmaamihiisa kuna toosisay tubtii uu u mari lahaa, "
COD_02381.wav,Waa inaan badalno habdhaqanka Siyaasadeed markii doorashada la galayo 
COD_04315.wav,"Jiirkii kale ayaa arkay Bisadihii oo soo socda, oo intay ugaadhsi tageen soo hungoobay."
COD_02685.wav,"Maamo Ashkiro oo Daashka hore ku Tasbiixsaneysay aya iridka soo garaacday, "
COD_01862.wav,"Madaxweynaha ayaa Mucallimuuu ka raalligeliyay xariggii lagula kacay, fasax ayaa tahay ee shaqadaada wado ayuuna ku yiri. "
COD_02645.wav,"uga dambey sidii Aabahaa, uguna Naxariso sidii Hooyadaa ogoowna inaysan Dumarku wada heysan Qanciye oo kale, "
COD_04298.wav,Bari waxaa jirey nin la yidhaahdo Cigaal Shiidaad. 
COD_02349.wav,sawirka guud ee maanta dalku maraayo maaha mid qurxoon  waxaanu dib ii xasuusiyay midhaha ka dhashay talo xumadii lixdankii 
COD_02071.wav,"Gaari koostar ah oo u socdo Calikamiin, Towfiiq, Fagax, Huriwaa ilaa Suuqa Xoolaha ayaan ku tallaabsaday. "
COD_00543.wav,waxay si kalsooni leh u weydiisay Ma ku filan tahay intaasi?.
COD_01376.wav,Makaroofanka ayaa looga yeeray. 
COD_02930.wav,"sidaa darteed isheedi ayaa iska raacday gabadha, subxanalaah"
COD_03576.wav,dhawr jawaan oo jaadka ahna horey ayeyba u cuneen. 
COD_07039.wav,"waxaan noqday derbi jiif waxaan xataa isticmaali jiray daroogo, "
COD_00864.wav,"Waxaa xawli ku socdo tixanaha mashruuca i maalgeli aan ku abaalmariyee,"
COD_04702.wav,Maareynta noloshu waxay la macno tahay in wax la qabto si loo gaaro ujeedooyinka ururka.
COD_04182.wav,"Ama qaab uu gumaystuhu bartiyo, waa qoqoba riixe"
COD_00179.wav,Espanyol oo taako u dhigtay Barcelona oo ay ku booqatay garoonka Camp Nou
COD_00843.wav,Sheekadaan horay ayaan u akhriyay. Sheekadaan ku celis miyaa? 
COD_05359.wav,Naag la furay fadhi uma yaal.
COD_01361.wav,"In aan kalatagno oo aan halganka aan ku jiro ka mirdhaliyo ayaana doortay, kaddib 20 sanno oo aan qurux ku wada nooleyn. "
COD_02684.wav,waana ka xumahay inan dood ku geliyo adigoo weli Dharkii Shaqada ku taagan ee iga raali noqo ayay ku tiri.
COD_04780.wav,waayo waxaa jirkiisa aad ugu faafay suntii waqti xaadirkaa la qaadsiiyay sidaa darteedna uu halkaa ku waayay naftiisa.
COD_01754.wav,Faay Muudde waxay can ku eheed deeqsinnimada oo markaas eheed tilmaan lugu yaqiinnay dadka deegaanka.
COD_01766.wav,"Qofkii magaalada soo dega gadaal looma raaci jirin asalkiisa ama qabiilkiisa, waxaana loo bixin jirey ‘ow hebel’"
COD_01701.wav,Tarmuuska barafka oo beerka iyo killiyaha ku sitaan ayay la liicayaan. 
COD_04233.wav,Hilowga dalka kuu galaa kama yara ka dadka kuu gala. 
COD_04863.wav,Waxaa loo gacangeliyey bilays. 
COD_05201.wav,Hadaad rabto inaad guulaysato waa in aad dadka si fiican ula dhaqanto
COD_04099.wav,Aamuskaa gaaban ka dib ayey tidhi maya aabo ha qaadin cadkaa maxaa yeelay ma aha midka Wiil Waal doonayo 
COD_04539.wav,Waa in ficilada iyo fikirka ay wada socdaan
COD_03695.wav,"Tan iyo sanadkii 2017-kii, waxaan xaqiijinnay joogteynta xuquuqda mushaharka ee shaqaalaha dawladda. "
COD_03046.wav,kolkaas buu ku yidhi waar sheekhow boqortooyadayda waan u baqayaa ee qardhaas aan ku ilaaliyo ii dhig. Fiqishinni ayaa yidhi waayahay.
COD_01282.wav,"Muqdisho waxaad ku arkee mid aan waligiis kofee cabin, "
COD_03731.wav,Kaddib Roomaaniyiintii waxay ka door bideen inay magaalooyin kale dhistaan.
COD_05134.wav,halkaasi oo uu ka wado dadaal uu ku doonayo inuu isku soo horfadhiisiyo
COD_02348.wav,"ee waxa u daaran yahay dardaarankii nabigeena Calayhi Sallatu wassalaam ee ahaa u hiili walaalkaa hadii laga gardaran yahay iyo haduu gardaran yahayba, "
COD_00275.wav,"Runtii waa shaqo bogaadin, taageero iyo duco mudan, miisaanka xasanaadka Allaha u saaro intii ka shaqeysay."
COD_03619.wav,"adeerkey waa uu naxay markii uu i arkay, waxaan dhahay adeer, "
COD_06656.wav,"Deegaankan, ayaa ah mid ay ku kulmaan seddax xaduud oo kala ah Itoobiya, Kenya iyo Soomaaliya,"
COD_05208.wav,Nin baa yiri war ninyahoow qiyaanada i bar 
COD_04661.wav,Ku dadaal hadafka noloshaada
COD_02375.wav,"taas oo ay sabab u tahay  dowladda oo gabtay mas’uuliyadeedii qarannimo, tii umadnimo  iyo tii wadanadnimo."
COD_02029.wav,"walaalow tacliin ma lihi, shaqadiina waa la iga soo saaray, darawal taksi in aan noqdo ayaan rabaa ee shati i sii. "
COD_06205.wav,inkastoo ciidamada maamulkaas ay garab xooggan ka helayaan kuwa dowladda Federaalka.
COD_01143.wav,Maxkamddii Islaamiga aheyd ee deeganka Wadajir iyo Dharkeynley Maka iyoMadiina ka jirtey waxaa naafeeyay dagaallo beeleed
COD_04463.wav,ganacsatadana ku dadaaleen in oo wadanka joogsan.
COD_03148.wav,"Sida noolaha kaleba labka dhiddiga si dhib yar wax uga qaato, maxaa adiga dhibkaa ku mariyay. Miyaadan horta isku fiirsan?"
COD_05570.wav,Koobabka waxaa loo sameeyaan qiyaas kala duwan iyo midabo kala duwan
COD_02273.wav,Hambalyo kadib ayaan si kaftan ah u iri: meel aanan kaa fileyn ayaad nooga soo baxday. 
COD_02600.wav,"waxayna isu fiirisay Nolosha Garoobnimada oo ay ku jiraan iyo Nolosha Dahabiga ah oo ay heysato, "
COD_01327.wav,"taban sano ka hor ayaad na sagootisay, waxaadse weli ku dhex nooshahay qalbigayga iyo xusuusahayga."
COD_04355.wav,"mar kalena wuxuu la joogay cigaal ari, "
COD_06547.wav,iyada oo ugu dambeyntii Haftar uu weerar ku qaaday Triboli sanadkii 2019.
COD_02543.wav,"Haddii aysan Soomaaliya maanta Itoobiya kala heshiin arinkan waxay dhaawici doontaa dhaqaalaha Soomaaliya, "
COD_01954.wav,Habeenkii way isbaryeynayeen oo soo barya ayay ku kala seexanayeen. 
COD_06323.wav,Hogaamiyayaasha Afrika ayaa sanado badan ku baaqaye in kursi joogto ah laga siiyo Qaramada Midoobay.
COD_05189.wav,inaad guul gaarto uma baahna inaad garab ka sugto ruux kale
COD_06172.wav,halka rag uu ku sheegay milkiilayaasha dowladda ay qorsheenayeen in habeenimo ay la baxsadaan isaga oo dhanba.
COD_03855.wav,Dhibaatadii deegaanka ee ka dhacey dagaalka Ciraaq ayaa xitaa ka sii dartay. 
COD_03109.wav,"Taa waxa ka sii daran, habeenada qaar ayaa waxaan la kulmaa neef baadiya oo soo lumay. "
COD_02887.wav,"Ninkii gabadha qabay ayaa isaga oo afadiisa la hadlaya ku yidhi maxaynu yeelnaa, waatan oo caawa wax aan dabka u saarno ma haynee. "
COD_04312.wav,"Mid ka mid ah Jiirkii ayaa marsadey midab dahabi ah, "
COD_06176.wav,ayada oo ku eedeysay cadaawad kana digtay inuu go i karo xiriirka diblomaasi ee labada dal.
COD_00405.wav,"Sharcigii hadda ka hor baarlamaanku diiday ee 'galmada' ujeeddadiisu ma ahayn in kufsi lugu yareeyo ama lugu joojiyo,"
COD_03223.wav,"taas oo laga wado, haddii arrintaa laga hortagi waayo wax aan la filayn oo laga fajaco ayaa ka dhalan doona"
COD_02441.wav,"ayna maanta mar kale Hobyo isugu timid si ay dib ugu eegto wixii u qabsoomay, ayna u saxdo wixii ka qaldamay."
COD_03558.wav,qaarna intay la soo baxeen ayey cunis ku bilaabeen.
COD_04769.wav,"Marka loo qoondeeyo bartilmaameed, falanqeeyuhu wuxuu helayaa macluumaadka ugu badan ee suurtogalka ah wuxuuna ka diyaariyaa qiimeyn."
COD_05985.wav,"Ugu dambeyntii ciyaarta ayaa ku dhammaatay 2-4 ay kaga soo adkaatay Arsenal, "
COD_02129.wav,wuxuuna Astaan Ubad ka jeediyaa barnaamijyo xiiso leh oo la hadlaya wacyiga iyo garaadka carruurta.
COD_03493.wav,"laakiin oohintii oo aan ceshan waayey darted waa yara miir beelay,"
COD_06310.wav,kaas oo gundhig u noqon doono nabad ka islaaxda Itoobiya.
COD_05553.wav,sidaas darteedna wuxuu ku doodayaa in markii uu dhex galay uu ogaaday in sideedaba ragga uu lahaa shaqadan.
COD_06550.wav,iyada oo dad badan oo Liibiyaan ahna ay ka baqayaan dagaal cusub.
COD_04044.wav,markas wey dhacaan malintii danbo ayow qoray so gaday ama ibsaday 
COD_00968.wav,Siyaasiyiin kaamirada ciil u qabo inta raadsado ayuu leeyahay: ar kaalaya abaalmarinnadaan ila bixiya.
COD_06879.wav,Codsiyada kuwa aan buuxin shuruudaha lagama maarmaanka ah waa la diidi doonaa.
COD_01387.wav,"Si safarkaasi u guuleysto, waxaan kula gudboon in aad in badan u fikirto, oo dib u barato naftaada iyo waxa ay ku fiican tahay,"
COD_02404.wav,"meeshii aan ugu imid khasnad maran  waxaa dib u hawlgalinay telefishinkii qaranka, "
COD_05300.wav,"Ilaalinta hantida dadka ka dhaxaysa sida qalabka Dugsiyada, qalabka isbitaalada, korantada"
COD_04342.wav,laakiin se dhammaantood isla subixiiba ku biiray ciidamada difaaca deegaanka.
COD_00217.wav,Maxaa laga wadaa in maamulkii hawadeenna laga dhigay class A?
COD_04672.wav,"Haseyeeshee, jawaabaha waayeeladu ka bixiyeen waxay noqdeen kuwa isku mid."
COD_06642.wav,Kursiga Hob boqol afartan iyo toddoba waxaa baneeyay Agaasimaha Hey adda Nabad sugidda Qaranka Mahad Maxamed Salaad
COD_05613.wav,"Dadku waxay u qeybsanaayeen labo nooc, qaar ka shaqeynayay macdan qodista iyo qaar ka shaqeynayay shidaal qodista. "
COD_01180.wav,"Xamar xilligaas waxaa dhaqan ka ahayd in guri kasta laga dhegeysto wararka aroornimo ee idaacadaha, "
COD_02073.wav,Dadka saaran qaarkood wargeysyadii ay soo iibsadeen ayay aqrisanayaan. 
COD_00534.wav,sidaa daraaddeed waxay go’aansadeen inay ka ganacsadaan mallayga noocyadiisa kala duwan maadaama ay kalluunka jeclaayeen. 
COD_06498.wav,"Sida ay ogaatay Puntlandtimes, Madaxweynaha Dawlad Gobaleedka Jubbaland Axmed Maxamed Islaam"
COD_04143.wav,Odaygii oo awalba walbahaarsanaa ayaa sawaxanka ragga ka yeedhay rucbi iyo naxdin hor leh u keenay. 
COD_06017.wav," Waxaan ogaanay in, haa, haddii aad hadda u muuqato,"
COD_02555.wav,"Sanad ka dib, Qureysh ayaa waxay diyaargaraw xooggan ugu jirtaa dagaalkii Beder, Abul-Caasna wuxuu isu diyaarinayaa in uu ka dagaallamo safka Qureysheed. "
COD_06181.wav,ayuu yiri Redwan isaga oo aan bixin faah-faahin.
COD_00035.wav,"Dhaqanka oo isbedel lagu sameeyo waxa lagu tilmaamaa waddada horumarka iyo ilbaxnimadda, "
COD_02659.wav,hadalo debacsan iyo Kaftan inuu Macaamilkan qanciyo ka damacsana ayaa dhex-maray.
COD_03605.wav,"Hadana waxaan is weydiiyey SIDEED NAFSADAADA UGA BADBAADISAA DHIBAATO KALE OO KU TIMAADA, "
COD_03345.wav,hirgalintuna  nidaamka federaalka  waxaa loo baahanyahy in  dastuurka dib u eegis lagu sameeyo  oo la qabyo tiro ka dibna  afti loo qaado.
COD_03541.wav,"uuna aabaheey igu daray, anigiina dadka waxba uma sheegi karo oo isagii ayaan ka baqayaa oo ii ogoleyn in aan qof la hadlo,"
COD_00967.wav,"Lacagtii shirkadaha laga qaaday ayaa qaar xaflad lagu dhigaa, qaarna la kala tuuranaa. "
COD_04541.wav,"Fikirku waa bar bilow, oo haddii aynaan is waafajin fikradahayaga iyo ficillada saxda ah, waligeen ma fulin doono waxa aan u qoondaynay. "
COD_07254.wav,Filimka ayaa diiradda saaraya sheekada nin xabaal qod ah oo sabool ahaa
COD_00152.wav,kaddib ciyaar aad u xiiso badan ay ku wada ciyaareen garoonka City Ground.
COD_04794.wav,siddoo kale waxaa xaaraam ah in aaad jaajuusto walaalka si aad wax un ugu hesho.
COD_03843.wav,"Marka loo eego aragtida Mareykanka, heshiis nabadeed oo ka wanaagsan ayaa lagu gaari lahaa 2001, "
COD_00175.wav,iyagoo sameeyay fursado badan ee goolal loo filan karay.
COD_00474.wav,Waxaa dhaqan noo ahayd in markii uu qof gurigeenna ku soo leexdo aan u haanyoodo.
COD_04809.wav,Magaalada ayuu guri ka kiraystay. 
COD_05085.wav,Itoobiyaanka ku sugan Mareykanka oo loo oggolaaday sharci ku-meel gaar ah
COD_01250.wav,"oo barwaaqo afka lala gelayo haddii la halgamo, oo xurnimo la helo."
COD_00599.wav,"Ha noqonina kuwa ku raaxaysta inay dadka dhibaan, daahiyaan, meermeeriyaan."
COD_02396.wav,noloshu dadkeenu waa mid aad uliidata  Soomaaliya waxaa lagu tilmaamaa  waddanka ugu soboolsan adduunka  
COD_02386.wav,"macnaheedu waxaa waaye, wiilasheena dhalinyarada ah  oo askarta  mahanan karaan mas’uuliyadda ammniga, "
COD_03639.wav,sidaas aan u dhaqan geliyana waxaan ku heshiinay in reerkii caruurtooda aan haayey aan ka dhaadhiciyo in aan shaqeysanaayo 
COD_03085.wav,Markuu magaaladii soo galay ayuu meel walba maray. 
COD_01587.wav,sidaas ayayna eeyuhu ku seegaan barakada iyo naxariista Alle.
COD_06932.wav,kuwaas oo ay dhaawacyo waaweyn soo gaari doonaan xilliyada dagaalka.
COD_02960.wav,Waxyar markuu goobtii ka durkay ayay mar kaleeto isla halkii uga dhalaashay silsiladii. 
COD_05073.wav,meelkastood u baxdo u jeedi wajigaaga xagga masjidka xurmaysan
COD_04510.wav,Dhammaan ficillada dadku waxay ka soo baxaan miraha qarsoon ee fikradaha. 
COD_04848.wav,Gabadhii iyo wiilkii waa celiyey. Adeerradina ka yeele cudurdaarkiisii. 
COD_00347.wav,Sidaa darteed wuxuu ku dhax haftay kala duwanaanshaha afkaaraha badan ee banai’aadamka. 
COD_02823.wav,iyo dadaaladii aan kala joogisa Lahayn ee uu u galay sidii uu meeshaan uga tagi lahaa asagoo haysta 
COD_05542.wav,balse magaalada Jigjiga ee Dowlad Deegaanka Soomaalida ee Itoobiya waxaa ka jira goobo dhowr ah oo ay ragga shaaha ku iibiyaan.
COD_01395.wav,cunuggaan iigu keen shuwaarmo iyo galas cabitaan ah. 
COD_04130.wav,Allow i xil furo mooyee weedh kale ayuu afkiisu haleeli waayey. 
COD_06505.wav,waana socdaal dhinacyada u dhag haya arrimaha siyaasadda Soomaaliya 
COD_07111.wav,"Cirbixiyeennada ayaa sheegaya in safarka walaxdaas uu dhulka u soo galay 50,000 oo sanadood."
COD_06510.wav,Jahwareer xooggan oo ka taagan Villa Somalia iyo Marwada Madaxweynaha
COD_01427.wav,Daqiiqado kaddib ayay gabadhii waydiiyeen halka uu ninkii ka baxay. 
COD_06600.wav,oo la yiraahdo Gooja-cadde  ayuu yiri mid kamid ah dadka deegaanka oo la hadlayay Puntlandtimes.
COD_02102.wav,Isgoyska Baar-Ubax waxaa taagan oo lagu dhooban yahay Idaacadda Wareegto oo makaroofan wato oo marba wariye iska dhigaya. 
COD_00687.wav,"waxaana booqday goobo taariikhi ah sida qasrigii dowladdii Cusmaaniyiinta, Hagia Sophia iyo Masjidka Suldaan Axmad."
COD_04364.wav,Cigaal isma aasin ee wuxuu ku yiri xaaskiisa igu duub raarkan ama falag hadba kii aad u taqaan.
COD_03729.wav,"Wax badan lagama oga waqtigii intaas ka dambeeyay, marka laga reebo in dadkii Nabataean-ka ay sii dabar go'een. "
COD_05053.wav,Natiijada doorashooyinka ayaa muujiya in inta badan ay guuleystaan musharraxiinta codadka dhaadheer.
COD_06685.wav,"sababta waxaan u malaynayaa inay tahay,"
COD_02398.wav,Waxaan rabaa inaan wax yar dib idiin xasuusiyo  ballantii ee hadda ka hor  markii aan raadinayay in la ansixiyo  oo hortiina ka balan qaaday  
COD_02083.wav,Wallee gabadhu waa aqoonyahan oo wiilka cubka ayay ku xirtay ayaa la yiri. 
COD_03125.wav,"laba jir ayay ku dhalaan, ubadkana laba jir ayay ku koriyaan."
COD_05646.wav,taas oo inoo caddaynaysa in diintu soo gaadhay Xamar intuu uu Noolaa Nebi Muxammed Naxariis iyo nabadgaliyo korkiisa ha ahaatee.
COD_04047.wav,cabaar markuu fadhiyay timo jarihii baa waxaa soo gashay Gabar shidan oo aad u qurux badan 
COD_00436.wav,laakiin ay hodonnimadu ugu dambayn tahay wax uu Alle bixiyo.
COD_02010.wav,waan ugu sheekeyn doonnaa in uu Xasan Shiikh ahaa madaale mar kasta u taagan difaaca qaddiyadda badda Soomaaliya.
COD_05308.wav,Qof kasta waxaa laga doonayaa oo xaq loogu leeyahay arrimahan soo socda
COD_03190.wav,Dhalin ileeye wuxu lahaa sheekooyin cajiiba iyo murti badan oo dhaxal gal ah. 
COD_01116.wav,Dhawr jeer ayay dablaydii dadka dhibi jirtey isku dayeen in ay ka takhallusaan. 
COD_07090.wav,iyadoo ay noqonayso markii ugu horraysay oo tartan la qabanayo muddo saddex sanadood ah 
COD_02323.wav,"Raysalwasaare Khayre oo marka xilka laga qaadayey ku maqnaa Dhuusamarreeb ayaa ka soo duulay galabnimadii, "
COD_04669.wav,waxaad kaloo u baahan tahay inaad taqaano halka aad u socoto iyo goorta aad rabto inaad gaarto.
COD_03749.wav,ciddii soo qabanqaabisana arrinkaa waa lagu maxkamadeynayaa.
COD_05869.wav,"Waxaan dhammaanteyn la ilmeyneynaa farxad, waxay aheyd maalin aad u adag."
COD_04607.wav,Ku xero dad wax tar leh oo aad waxyaabo badan kaga daba-deyan karto. 
COD_03801.wav,"Tagore, qoraa Hindi ah iyo dib u habeyn dhaqameed oo ku noolaa mudadii gumaysiga Ingriiska, "
COD_04350.wav,farayana Somaliland in ay iskaga baxdo guud ahaanba gobolada SSC.
COD_06113.wav,Qodobo qeexaya waxa ay Xarardheere muhiim ugu ahayd Al-Shabaab
COD_05399.wav,Riyadii Koobka Adduunka ee Cristiano Ronaldo ayaa dhammaatay
COD_01666.wav,Tolow dadkaan yaa waagaas daweyn jiray? 
COD_03406.wav,Wiilwaal baa intuu qoslay yiri Xaasha ee been bay ii sheegeen adiga iyo Doqonimo way kala fogtahay.
COD_02076.wav,"afar kun  shilin ayaan dhiibtay, nus saac ayaana la ii jaray, dad badan ayaase iga horreeya. "
COD_05938.wav,"kuwaas oo ka maareeya noloshooda iyo midda qoyska, "
COD_02729.wav,Beri baa waxaa jirey Maroodi iyo Dabagaale saaxiib ah. 
COD_01800.wav,arrin maanta kula gudboon ayaa laga yaabaa inuusan berri  kuu furneyn ama kuu habboonayn. 
COD_01097.wav,sidaas oo kale ayayna u damqisay qof kasta oo isku yaqaannay hay'addaas iyo kaalintii Aidarus Moallim ku lahaa aasaaskeeda iyo hirgelinteeda. 
COD_06795.wav,La-taliyaha Amniga Qaranka ee Madaxwyenaha Soomaaliya Xuseen Sheekh Cali
COD_05466.wav,Xitaa baryahan dambe waxaa buugaagta laga heli karaa internetka oo qofka dhaalacan karo isaga oo gurigiisa joogo.
COD_00562.wav,"Laakiin mushkiladdu waxay tahay inay dhallinyaradaasi ay waddanka u yaqaannaan Muqdisho iyo magaalooyinka waaweyn oo kaliya,"
COD_05948.wav,"iyadoo hadalkeeda raacisay in haatan  la iibiyo koobka Shaaxa ah 4000 illaa 5000 oo Shilling Soomaali ah,"
COD_04693.wav,iyo isku dubaridka dadaalka shaqaalaha si loo gaaro ujeedooyinkaan iyadoo la adeegsanayo agabyada la heli karo.
COD_00944.wav,Wasaaraduhu waa in ay xafiis iyo shaqo maalinle ah u diyaariyaan dadkii jiifka mushaarka ku qaadan jirin ee Raysulwasaaruhu soo shaqageliyay
COD_04850.wav,"Magaaladii ayuu inta ku laabtay, oo ganacsigiisii lacag u beddeshay, ayuu u dhoofay Tansaaniya oo uu halkaas ganacsi kaga furtay."
COD_04436.wav,"1967 Waxaa madaxweyne noqday Cabdirashiid Cali Sharma'arke, "
COD_01420.wav,Waan ka xumahay in maanta nin dhac u gaysto gabar Soomaaliyeed oo xurmo ka mudan. 
COD_01702.wav,"Way kaltamayaan oo markii midkood ay guri u adeegto, tan kale ayaa ka iibinaysa guriga xiga. "
COD_05109.wav,"Waxa ay ahayd rug diineed iyo xarun aqoonta Islaamka iyo culuumtiisa kala geddisan laga majeerto,"
COD_03648.wav,hadana waxaa soo xasuustay dhibaatadii loo geystay reerkeyga iyo in ilmahaba ay yihiin qeyb dhibaatadda la ii geystay ka mid ah 
COD_03762.wav,haddaanuu ka haysan ogolaanshiyo xukuumadda.
COD_04038.wav,damac ayaana ka galey wiilkii 
COD_02463.wav,"Soomaalidu way ka daashay dagaal iyo colaad, waxayna u bisishahay nabad, wadanoolaasho iyo horay-u-socod, "
COD_04759.wav,Dilalka waxay u dhacaan si qorsheysan.
COD_03289.wav,waxaan siinaynaa tobabar wadaniyad  ciidamadeenu waa dagaalyahanno  way yaqaaniin sida loo dagaallamo  
COD_00873.wav,"oo maanta korontada iyo isgaarsiinta ka jaray, si aan war looga helin gumaadka socdo."
COD_04237.wav,Xareeddii dhowaan gelgelimaha jiiftay imika waxay ku dambaysaa balliyada. 
COD_00087.wav,"Alle ayaan uga mahadcelinayaa fursadan, sidoo kale waxaan u mahadcelinayaa qabanqaabiyayaasha tartanka oo dhiirigeliyay abwaannada da'da yar"
COD_07191.wav,Mr Bolsonaro ayaa ku sugnaa gobolka Florida tan iyo 30-kii bishii Diseembar.
COD_06410.wav,"Golaha midowga musharixiinta Madaxweynaha KG ayaa si weyn u diidan muddo kordhinta Laftagareen, "
COD_05302.wav,Ka xishoodka dadka waaweyn
COD_05018.wav,markii uu sariirtii ku jiifsadayna waxaa maskaxdiisa ka dhexguuxayay kuna sawirnaa gabadhii uu maanta soo arkay.
COD_06953.wav,marka laga soo tago Mareykanka oo kaalinta koowaad ku jira iyo Ruushka oo ku xiga.
COD_02382.wav,"Waxayna badalaynaa dhaqankii siyaasadeed ahaa in shacabka  aysan dowlad wada shaqeyn laheyn,  "
COD_04531.wav,"Haddii aad aaminsan tahay inaadan isbeddel sameyn karin sababtoo ah waxaad ka timid deegaano kale ama sababtoo ah deegaankaagu kuma taageerayo, "
COD_01342.wav,"Taksi ayay i saareen, gurina waa i dajiyeen."
COD_01642.wav,"Waa kala daran yihiin, balse mid kasta xanuunkiisa ayaa la daran."
COD_05491.wav,"Awoowgii ayaa mar waxaa lacag badan looga qaatay hal-abuurka arrimaha casriga ah,"
COD_05184.wav,si uu u helo wax uu ku noolaado.
COD_02869.wav,Odayadii markay arinkii dhagaysteen ayay ku taliyeen in uu dhaarto ninkii la yidhi faraska ayuu soo xaday. 
COD_05904.wav,ma aha wax sax ah in aan ka hadlo waayo waxaan ka fiirsanayaa in xukunkan aanu aheyn kii ugu dambeeyey.
COD_01157.wav,Xaafadaha magaalada waa laga kala cararay. 
COD_05761.wav,Hawkarka intaa le eg ee heesuhu ka maragkacayaan waxay ku qaabili jireen qabweyni iyo qanaaco. 
COD_01129.wav,"Mar haddii nidaam beeleed uu meesha yimaado, adiguba dhammaystiro meesha ay wax ku dambeyn karaan. "
COD_03298.wav,"kii waxdilana waan dileynaa  kii dambi galana waa laga goynayaa dambiga,  "
COD_06091.wav,"Goob joogayaal ayaa sheegay in jugta qarax Xooggan ay maqleyn, kaas oo bilow u ahaa dagaal xooggan oo ka dhacay deegaanka Xawaadlay,"
COD_01350.wav,"Tababar cuntakarin ah ayaa la i siiyay, kaddibna shirkad ayaan interview u galay. "
COD_04303.wav,"Gaashaankiisii iyo warankiisii ayuu la diyaar garowbay, oo ku qayliyey, yur-yur, yur-yur. "
COD_02272.wav,Waa run oo magaca infiitada ku qoran waa nin aftahan ah oo ka mid ah waardiyaha. 
COD_00371.wav,KAASI WAA KUTUBAXOOR. Maxaa ka khatar badan markii loo dhiibo xil. 
COD_00837.wav,iyadoo laga doodayo: Muqdisho yaa iska leh? Muqdisho ma sii ahaan kartaa caasimadda qowmiyadda Soomaaliyeed. 
COD_04362.wav,uma ay jawaabin iyadoo oohintii siiwadata ayuu cigaal qabrigii ka yiri naa shaluu go'ay dheh. 
COD_06061.wav,ay ogaadaan in alshabaab ay arxan lahayn oo ay ogaadaan in aysan soodhaweysi ay lahayn  Ayuu yiri Sheekh Cabdiqani Qorane.
COD_06592.wav,Xasan Shiikh muxuu kula heshiiye wadamada Deriska ah? Dhabcan waa shacabka Soomaaliyeed ila xasuuqa.
COD_01209.wav,"Halgan dheer oo waxbarasho kaddib, sannadkii hore ayuu ka qalinjebiyay jaamacadda Banaadir. "
COD_03451.wav,"Madaxweynaha ayaa shacabka soomaaliyeed ku adkeeyey in ay xoojiyaan wadajirka iyo midnimadooda, "
COD_02580.wav,"Qisadaan oo aad u dheer waxay ku soo dhammaaneysaa Zaynaba iyo Abul-Caas oo soo islaamay oo nolosha dib ugu midoobay, "
COD_03479.wav,"Kooxdii waxey qorri baadkiisa ku garaaceen aabe, "
COD_01472.wav,TikTok wax weyn laguma hayo oo dadku madadaalo ayay u soo galaan. 
COD_03715.wav,"Markii ay taariikhdu isbaddaleysay, magaaladan waxay ahayd qeybta ugu muhiimsan dhinaca koonfureed ee boqortooyadii Nabataean-ka, sida uu sheegay Rohmer."
COD_01705.wav,"Waayo waa aroor, qorraxduna wali sooma bixin, jidadka xaafadduna waa cidlo oo waxay isula socdaan in ay is wehshadaan ayaan is iri. "
COD_01716.wav,"dadnimadeenii aan ku difaacan lahayna xataa afka ha ahaatee waxaad moodaa in ay nagu yartahay,"
COD_04918.wav,"hana dabagelin, difeetada ay maankaaga gaarsiin karta ayaa ka daran tan aad ka faa'iidaysid."
COD_03291.wav,"waxaan ognahay shabaab inay ku dagaalamaa diin  aan sax ahayn  oo gowracayaan qof ashahaadanaya iyagoo Allahu Akbar leh, "
COD_04070.wav,Way shireen oo war rag talo kama dhamaatee muxuu Wiil Waal raadinayaa is weydiiyeen 
COD_01663.wav,Xanuunnadu waa kala xanuun badan yihiin. Waxaa ugu daran kan aad weligaa la noolaaneyso. 
COD_03925.wav,Ninkii waxuu dhahay saxib waa ay igu yarta hay lacag taas shan iyo taban kun iga dhig 
COD_05690.wav,"Haddii la eego maansada, maahmaahda iyo sheekooyinka murtida leh ee Soomaalidu illaa waa hore isu soo tebin jirtay,"
COD_02342.wav,"waxaanu siiyaa hadba qofka uu doono, waxaan doonayaa inaan xuso sida uu doono ha ku yimaadee"
COD_02358.wav,Inaad hoos u eegto cabashooyinka beelaha iyo raadadka ay reebtay doorashadu.
COD_06630.wav,"Madaxwayne, adigaa Madaxwayne u ah labada degmo, mas uuliyaddeedana ku saaran tahay."
COD_06278.wav,xili ay ka dhasheen khasaaro kala duwan.
COD_07131.wav,taas oo badanaa lagu arko isla bartaas cirka ah.
COD_05597.wav,"Dadka waxay dhahayeen 'ma aqaanno waxa uu yahay, laakiin hal mid iga sii'."
COD_00408.wav,Kolley Maxamed Mursal iyo Cabdiweli Muudey berigaas waajibkooda waa guteen. Aan aragno kuwa maanta jooga
COD_05549.wav,Jaamac wuxuu sheegay in sababta dumar badan uu damac uga galay mehraddiisa ay tahay inay ku taallo goob mashuuql ah oo ganacsiga shaaha caan ku ah.
COD_01972.wav,"Ciyaalka xaafaddu waxay lahaayeen meel ay tarraqa, dubnadda iyo turubka ku ciyaaraan, iyo jardiinno ay ku sheekeystaan. "
COD_04515.wav,Qoraagu waxa uu maskaxdeenna ku abbuurayaa is barbar dhigga beerta. 
COD_03249.wav,annagana caruurteena ayaa naga dhaxlaya  wax shilimaad gooya maahan .
COD_01983.wav,Gaari-dameer ayaan ku shaqeyn jiray anigoo dugsi hoose dhiganaya. 
COD_00261.wav,Dadku waxa runta ah ee ay kuu yihiin waxaad ogaan doontaa maalintii aad u baahato. 
COD_00488.wav,"Noloshu sahlanaydaa, cuqdad yareydaa, qabyaalad yareydaa, fikir iyo welwel yaraydaa, dakano yareydaa"
COD_00388.wav,"Markii uu aabbihii dhintay wuxuu wuxuu nadiifiye ka noqday Masjid-ka Jaamica Umawiyiinta ee magaalada Dimishiq oo uu sheikh ka ahaa caalimkii Ibu-Casaakir,"
COD_03950.wav,"Bukaankii hoos ka ganuunacaayay ayaa mar qura lasoo booday Dhakhtaroow, adigaba iska dhaadhici inaann lacagtii kuu hor mariyay."
COD_04469.wav,"iyadoo dawladaas uu ra’iisul wasaare ka noqday Cabdirashiid Cali Sharmaarke, "
COD_05114.wav,Waa sababta culima badan oo Soomaali ah ay caan uga noqdeen fidinta diinta meelo ka baxsan dhulka Soomaalida.
COD_03168.wav,Markaasaa labadii nin waxay ku tashadeen inay sameeyaan qorshe
COD_05796.wav,"waagaasi dawladii Kacaanka ee dhulka Soomaaliya la isku odhan jiray ka talinaysay si badheedh ah ayey u dayacday cisbitaalka,"
COD_03866.wav,"Si kale haddii loo dhigo, waxaan dilnay, dhimaneynay, iyo wasakheynayna si aan u hubinno marin u helka isla kheyraadka sunta ah ee inta badan mas'uul ka ah carqaladeena cimilada. "
COD_05463.wav,"Dadka waxay haatan isaga tageen maalmihii buugaagta lagu soo akhrin jiray maktabadaha iyo cilmo baarista lagu soo sameyn jiray,"
COD_00339.wav,"Sargax, markii u xerowga ahaa ma ahayn mid anshax wanaagsan. "
COD_07091.wav,"waxaana si toos ah looga tabin doonaa BBC TV, iPlayer iyo online-ka."
COD_02713.wav,Qanciye wuxu u shegay inuusan hadda Lacag heyn ayna sugto inta Sanadkan ka dhamaanayo.
COD_02783.wav,"Sida ku xusan sheekooyinkan, carruurtu sida ay qoyska ugu kala dhashaan waxay saameyn ku leedahay hab-dhaqanka shakhsiyaddooda."
COD_04803.wav,"In maalinta uu baxayo uu kaxaysto xoolo uu suuqgeysto oo uu ku noolaan karo ilaa muddo sannad ah, maadaaama aysan xigaalo uga horreyn magaalada. "
COD_06280.wav,ayaa sheegay in qaraxyada ismiidaaminta mid ka mid ah gurigiisa lagu weeraray.
COD_01665.wav,"Muqdisho waxay soo martay waqtiyo adag oo xaalku sidaan ka adkaa, ayna ka shaqeynayeen isbitaallada Madiina, Keydsaney iyo Deyniile kaliya. "
COD_05563.wav,Shirkaddeeda ganacsi waxaa lagu magacaabaa KeepCup.
COD_03702.wav,waxaan mudnaanta siinnay xoojinta xorriyadda hadalka ee warbaahinta iyo badqabka weriyeyaasha. 
COD_02166.wav,May 2020ka ayuu warhaabinta la hadlay. 
COD_06780.wav,"iyo tan kale ee dunida Bilal-Alsidani, Bilaal ayay howlgal gaar ah ku dileen ciidamada caawiya Soomaaliya, "
COD_00907.wav,Dhulku waa doog caraf badan oo ay ishu ku raaxeysanayso. 
COD_05249.wav,Isku tababar in aad dib u dhigatid welwelkaaga.
COD_02870.wav,"Inta aan tuugii la dhaarin ayaa ninkii faraska laga xaday yidhi waan ogolahay garta odayadu ku taliyeen, laakiin waxaan rabaa inaan su’aal waydiiyo inta uuna dhaaran. "
COD_06639.wav,isagoo kaga Guuleystay Musharrax Aamino Tahliil Warsame oo la tartantay.
COD_02537.wav,waxaa magaalada Muqdisho ku soo wajahan wasiirro ka socda dowladda Itoobiya
COD_07256.wav,inkasta uu la daalaa dhacayay maareynta qoyskiisa haddana wuxuu raadiyay dhaqaale uu ku baadigoobayo in xaaskiisa caafimaad hesho.
COD_03612.wav,ka dibna waxaa lay dhahay hantida dhax taala ee alaabooyinka maka mid yihiina? 
COD_07366.wav,Waxaan akhriyay maqaal lagu soo daabacay Bogga Xarunta Daraasaadka Aljazeera oo uu qoray Fahad Yaasiin 
COD_04105.wav,Alla maxaad gabadhyahay waalan tahay anna inaad i waasho damacsan tahay.
COD_02850.wav,Seedigii ayuu u sheegay in uu faraskani yahay faraskiisii. 
COD_02036.wav,"oo aan waqti, juhdi iyo qarash badan kaaga baahneyn. "
COD_07368.wav,"Maqaalkan ayuu fahad isagoo ka faa’ideysanaya howshiisii suxufinimo ee uu u hayay hay’adda Al-jazeera eek a dhisan dalka Qadar,"
COD_03703.wav,"Waxaan idinku boorrinayaa in aad sii labo jibbaartaan dadaalkiinna,"
COD_04222.wav,Qorraxda oo la moodo intii shalay lagu ogaa in ay aad uga weyn tahay ayaa barta wejigiisa ku beegan ka soo kudday. 
COD_07236.wav,Taas oo u sii raaciyey in ay tahay waxa ku kellifay in uu filimkan sameeyo.
COD_04633.wav,Guushu maaha furaha farxadda. 
COD_02853.wav,Ninkii seediga ahaa ee faraska tuuga kasoo iibsaday ayaa tuugii ku yidhi bari ayaan shantii halaad kusiin ee caawa iska fadhi reerka. 
COD_04620.wav,"Guushu maaha shay aad gaartay adigoon dadaal gelin, si kastaba ha ahaatee. "
COD_05346.wav,dhuxushaas waxa loo dhoofiyaa dibadda waxaana lagu badashaa lacag adag.
COD_04744.wav,Markii aan joogay muddo kooban ayaan dib ugu soo laabtay dalka  anniga oo la yaaban sidda uu xaalka dalka waxaan durba bilaabay inaan ku biro iskuul.
COD_05650.wav,waxayna suurta galisay in ay dhalato dabaqad aqoon qoraal ah ku dhisan  leh 
COD_03281.wav,"waxaan haynaa oo kaliya oo ay dowladdu haysaa  tacsi  iyo cambaareyn, "
COD_01942.wav,"Maalinkii ku xigtay ayaan Jaamacadda tagay, waxaana iska diiwaangeliyay kulliyadda Kumbiyuutarka."
COD_04512.wav,"iyadoo ay qaldan tahay ku dhaqmida fikirka, uu ka hoos mari karo heerka xayawaanka ee bahalnimada ah "
COD_04442.wav,"June, 1976 Xukuumaddi Milaterigu waxay abuurtay Xisbiga Hantiwadaaga Kacaanka Soomaaliyeed. "
COD_00023.wav,"Dhaqanku waxa uu ka kooban yahay labbo waxyaabood, oo isutagay, kow; waxyaabaha ay bulshaddu qiimeyso values,"
COD_05831.wav,"dhiiguna ka qulqulaayay lugtiisa, uu waayay cid dhiig joojin u samaysa, "
COD_05210.wav,Isxilqaanku waa inaad wax kasta oo kugu waajibay inaad ka soo baxdo duruuf kasta oo jirta
COD_00865.wav,"oo inta Xamar lagu meydgaraacay, maamul-goboleedyada u sii gudbay. "
COD_04889.wav,walaasheed oo ag fadhida damacday in ay la hahadasho laakiin innantii waxa ay kaga mashquushay farriimihii.
COD_00868.wav,"Waxaan sugnaba waa mashruucaan Eeshiya, Yurub iyo Ameerika ku sii fiday, "
COD_03188.wav,"Dhulka hawdku inta badan waa dhul bahal badan, cabsi iyo khatar badana leh oo geel mooyee aan xoola kale lagu raacin. "
COD_02941.wav,"Dadkii qaar ayaaba ku qowlay malaha shimbarahaan bidayo ayaa baalka horey usii surtay, "
COD_05616.wav,Ceelkaas oo ku yaallay galbeedka Virginia wuxuu ku iibsaday lacag dhan labo boqol konton kun oo dollar.
COD_02487.wav,"waxaan dhaqan u noqday musuqii iyo qabyaaladii lagu dhaliilayay dowlada riyadka, "
COD_02757.wav,"Kolkii geela madaxiisii dooxa ka tallaabay, "
COD_03996.wav,Haxaqirin Shaqsiyada Qofka 
COD_07034.wav,"Waxa uu intaas ku daray in uu nolosha darbijiifnimada uu ku noqday qof adag, "
COD_06875.wav,dhammaan wadamada xubnaha ka ah waxay bilaabi doonaan isticmaalka nidaamka codsiga dhijitaalka ah marka la gaaro sannadaka 2031.
COD_05487.wav,"Waxaan halkan idiinku soo gudbinaynaa taban qodob o horseeday gusha uu gaaray milkiilaha Amazon, Jeff Bezon."
COD_03420.wav,"Madaxweynaha oo garowsan in Hantida Danta-guud uu dhowray Dastuurka Kumeel-gaarka ah iyo Qaanuunka dalka, "
COD_03883.wav,Hase yeeshe xitaa dadaalladan xaddidan waxay la kulmeen cadaadis kaga yimaada maamulka Trump. 
COD_05974.wav,Qeybta hore ee ciyaarta ayaa lagu kala nastay ebe iyo labo ay ku hoggaamineysay kooxda reer London ee Arsenal.
COD_04310.wav,"Maalin maalmaha ka mid ah ayey isa soo raacey markaas ayey yimaadeen guri Bisado Mukulaalo leeyihiin oo aad u qurux badan, "
COD_00442.wav,Markuu goor dambe arkay inaan dameerku gardarroonin ayuu maalintii dambe tartiib-tartiib inta u soo dhawaaday si edeb leh oo baqdini ku jirto u weydiiyay;
COD_06085.wav,balse waxaa ku yimid dhib u dhac kadib markii uu u baaqday imaanshaha Madaxweyne Xasan Sheekh Maxamuud ee magaaladaas.
COD_04969.wav,"Cabdibilihii foori ayuu intaa nala dabajoogaa, annaguna lama soconno oo adduun kale ayaannu ku jirnaa. "
COD_05325.wav,waxay luuqadi leedahay qaab dhismeed inoo kala muujinaya qeybaha kala duwan ee uu leeyahay hadalku
COD_07094.wav,"midkanna waxa uu noqonayaa marathon-kii ugu horreeyay tan iyo labada kun sagaal iyo tabankii, markaas oo uu galay kaalinta shanaad. "
COD_03305.wav,Waa inaan warbaahinta adeegsano iyagoo culimada banaanka usoo baxaya  oo macneenaya diinta muqadaska ah
COD_00319.wav,"Wuxuu weeraraa iyadoo darka biyaha ku jirta, iyadoo abaar joogta, iyadoo dhalaysa, meeshuu kasoo gaaro ayuu ka goostaa. "
COD_07049.wav,isagoo markan si gaar ah u xiisaynaya.
COD_03897.wav,"In kabadan hal qarni kadib, ereyadiisu waxay u dhawaaqayaan wax sii sheegid. "
COD_03652.wav,"Ugu dambeyn waxaan isku cadaadiyey in niyadda ka goosto oo aan isaga tago oo dib dambena u sheegan in aan aniga dhalay, "
COD_04449.wav,Laakiin golihii baarlamaanku wuxuu kayimid haldhinac oo ahaa dhinaca Xukuumadda.
COD_04843.wav,"Haddana, waa dhibaysaa in uu gurigiisa ku wada hayo dad aan lahayn xil iyo xishood."
COD_02066.wav,Markii aan ka soo baxay ayaan soo maray isgoyska Baar-Ubax.
COD_02716.wav,Sxbkey Aqwaan Xasan Jidhi oo ay Deris ahan jireen ayay Falis isku arkeen Carwada horteda 
COD_01308.wav,"Waxaa xusuusahayga ku jira sheekooyin iyo dhacdooyin aad ii warisay waayihii wacnaa ee aan ku soo wada qaadannay xaafaddii Labadhagax ee aan deriska ku ahayn, "
COD_02431.wav,"wixii ku dhaca annagey nagu dhaceen  wixii annaga nagu dhacana way naga naxayaan  waan isku baahanahay makalo maarano,  "
COD_02205.wav,Waxaana ugu jawaabay: wixii dhacay kaliya ayaan u sheegay. 
COD_00102.wav,"Bishii Sebtembar, Raxma waxay isku keentay laba ka mid ah saaxiibbadeeda, waxay abaabuleen xaflad gaar ah oo lagu soo bandhigayio gabayada dumarka."
COD_01074.wav,"Inta la istaagay oo kaamirada furay ayuu dadkii meesha dhoobnaa ku aaddiyay, "
COD_07073.wav,"oo Khliifa uu kamid yahay ayaa ka qayb gali doona tartan ka dhici doona dalka Tanzania bisha 3-aad ee sannadkan,"
COD_00844.wav,Faysbuug kaligaa ma joogtid ee khalqi Ilaahey ayaa dhooban. 
COD_02130.wav,Xalay ayaan Cabdullaahi ku kulannay xafladda Habeenka Astaan oo uu ka mid ahaa shaqaalihii lagu dhiirrigelinayay. 
COD_06012.wav," Waqti kala duwan jadwal lacag bixinta,"
COD_04696.wav,Maareynta noloshu waxay la macno tahay in wax la qabto si loo gaadho ujeedooyinka nolosha.
COD_03512.wav,isla habeenkii ayuuna wuxuu igu amray in cawska oo ahaa Jaad uu cunaayey aan afka u gel-geliyo.
COD_02054.wav,"Kadibna ticket ayay u soo jartay, waxayna siisay mushaarkii ay ka qaadan laheyd labo sano."
COD_00186.wav,ciyaarta ayaa waxay sidaas ku noqotay barbardhac hal iyo hal ah.
COD_05235.wav,ogow welwelka iyo walaacu waxey ka mid yihiin saadaasha iyo sahanka mustaqbalka.
COD_06800.wav,War-murtiyeed laga soo saaray shirkii madaxda Soomaaliya iyo dalalka safka hore
COD_03500.wav,"waayo Af Soomaaligaba dhib ayuu igu ahaa, waayo maqabiyo aan dadka la sheekeysan oo keligeed qol ku jirta ayaan ahaa."
COD_07317.wav,qalabka dharka ku xidhan ayaana leh Bluetooth ku xidhmaya appka qofka ugu jira moobilka.
COD_04188.wav,Nin reer woqooyi ah ayaa waxuu soogalay masaajid oo salaadii makhrib markaas laga baxay. 
COD_05469.wav,Teknolojiyad cusub oo dhalinyarada ka caawineysa qorshaha guurka
COD_03297.wav,"ama ciidanka la shaqeeya dhibaateeya haddee qasbiyan waxuu wajahayaa sharciga, "
COD_04645.wav,Inaad dedaasho waa waajib kaa saaran naftaada. 
COD_00643.wav,looma jeedo dadka abuuris ahaan baahiyaha gaar-ka qaba
COD_04578.wav,Hadda waxaad joogtaa meel aad uga dhow inaad bilowdo ganacsi. 
COD_07359.wav,haddana dalkii burburo way ka celin waayeen.
COD_04159.wav,Qalbigiisa ayaa rumayn waayey maqalkiisa.
COD_05364.wav,Miskiin xanaaqay madaxaa daala.
COD_04007.wav,Isku day Inaad Runta Sheegto Ama Xaqiiqda Ka Hadasho 
COD_05862.wav,Kiiskan ayaa dareenka caalamka kusoo jeediyey sharciyada ciqaabta adag ee ilaalinta xuduudaha ee dalkan ka tirsan Midowga Yurub.
COD_06405.wav,"Dhamaan xubnaha ayaa u tagay Baydhabo ka qeybgalka Shirka Dib-uheshiisinta Koonfur Galbeed,"
COD_00048.wav,waxaana inqilaab dalkii ku la wareegay Askartii Kacaanka.
COD_06991.wav,si gaar heerkii musuqmaasuq ee tobankii sano ee u danbeeyey. 
COD_01883.wav,"Wixii inqilaabkaas ka dambeeyay, wuxuu Maxamed Siyaad shaki weyn ka qaaday dadkii la shaqaynayay. "
COD_02814.wav,"Markaasey tidhi, war Libaax, xoolihii wax kuu raaca ma heshey. Markaasuu yidhi, maya. "
COD_06719.wav,Qaar kamid ah Wasiirada Difaaca Bariga Afrika oo ku shiraya Muqdisho WAR-SAXAAFADEED
COD_00320.wav,Laakiin dhurwaagu armuu meel xoogaa uga fiican yahay siyaasigeenna? 
COD_03982.wav,Noqo Garsoore Daacad Ah
COD_00285.wav,iyo meelo kale oo ay tahay inay guddigu u degdegaan dayactirkooda si aysan u sii darsan kharashka ku baxaayana uusan u sii badanin. 
COD_04585.wav,"Adiga kaliya ayaa awood u leh in aad abuurto ganacsi guulaysan kara, "
COD_01698.wav,"Waxaan bannaanka guriga ka maqlayaa dhawaq aanan waayahaan maqlin, "
COD_05807.wav,"waxyaabihii ugu waaweynaa ay ka banaan-baxayeen dhalinyaradaasi qaarkoodna,"
COD_04331.wav,"Kacdoonka SSC waxa uu abuuray midnimo bulsho, mid dhaqaale iyo waliba mid siyaasadeed oo quusgooyey Somaliland, "
COD_06126.wav,Xarardheere sidoo kale waxeey Khawaarijta u ahayd goob ay u isticmaalaan isku gudbinta Hubka iyo Waxyaabaha Qarxa 
COD_03939.wav,"uguna war bixiyay dhibka iyo sida loohaayo, ama xanuunka uu qabo."
COD_00277.wav,"waxaa sidoo kale mahadsan walaalaha isu xilqaamay inay hawshaasi qabsoonto guddigana aad ugu cadaadiyey,"
COD_05192.wav,naftaada markaad ku kalsoonaato ayaa hiigsan kartaa waxaad rabto.
COD_02475.wav,"waxaana dhaqan u noqday musuq iyo qabyaalad, markaas ayuu candhuuftiisii dib u laqay, "
COD_04311.wav,ayna yaalaan bootaro Boolbaro midabo badan leh. 
COD_05253.wav,Isku leyli mahad naqa xamdi naq.
COD_07009.wav,"Baarlamaanka oo su'aalo ka weydiinaya wasiirka maaliyadda bajet-ka kuwaas oo aan qaarkood laga jawaabin,"
COD_03256.wav,"waan soo aragnay  2012ka, waa tii baarlamaanka la xiray  oo hawshii baarlaamka loo weeciyay saxiixayaal, "
COD_03351.wav,"dhalinyaradaasi  wuxuu ku yiri  hadal taariiq ah  wuxuu ku yiri naga raali  ahaada saddex jeer  naga raali ahaada naga raali ahaada oo naga raali ahaada, "
COD_02437.wav,"dowlad wanaag waxaa waaye wadashaqeyn udhaxeysa waxay ka bilaabanaysaa madaxweynaha  iyo Raiisulwasaaraha,  "
COD_04024.wav,oo ragii ayey halkii isku laayeen Mustaf iyo ragii intii ay is heysteen ayaa ay inantiina carartey.
COD_04815.wav,"Halkaas kuma joojine, jaamacad buu inta bilaabay, iyana soo afmeerey. "
COD_01435.wav,War waxaas ma fahmi karo ee i sug waan kuu imaanaahe.
COD_01769.wav,meel caddaaladdu sugan tahay oo daalimku uusan helayn cid garab istaagta 
COD_04683.wav,"Maalin kasta, qorshahaaga hakuu diyaarsanaado. Hana ku mashquulin hawlo aan faa’ido kuu lahayn."
COD_01265.wav,"Wuxuuse boqolkaas maalmood quus iyo qalbijab ku soo dhoweeyay qofkii odaynimo, damqasho, lexajeclo iyo waxqabad ka shinsanayay. "
COD_02109.wav,Inta warqaddii ii dhiibay ayuuna kala fireeyay. 
COD_04530.wav,Yaysan ku qaadanin duruufahaaga
COD_05158.wav,Wasiirka gaashaandhigga ayaa sheegay in ciidamadan ay ka qeyb qaadan doonaan howlgallada lagula dagaallamayo Al-Shabaab.
COD_03737.wav,"Waxaa jira dunida qawaaniin ay dalalka dunidu leeyihiin oo agteenna yaab ka noqonaya, "
COD_04040.wav,Nafteydaay hogaamisey ladhi waayey hurdada halkeed baad Canabey u soctaa.
COD_00482.wav,"Sidoo kale ma illoobi jirin saca ama wanka  dad dilka ah ee i hertiya, oo markaan meel fog ka arko waa ka carari jirey"
COD_03014.wav,Waxay tidhi hayee xoolahaagu waa maxay. 
COD_00066.wav,"Mursal markuu yaraa wuu jeclaa gabayada, muusiga iyo suugaanta. Wuxuu in badan dhegaysan jiray abwaannada iyo odayaasha la ixtiraamo. "
COD_07182.wav,Isniintii waxaa soo baxay war lama filaan ah oo sheegayay in daafac-dambeedka midig ee Manchester City
COD_01588.wav,"Aroortu waa goor barakeysan, oo uu Nabigu u duceeyay. "
COD_06845.wav,ayada soo kabasho deg deg ah u rajeysay dhaawacyada.
COD_04383.wav,markasaa waxaa ay dhaheen tolkiisa aanu ka soo aarsano oo usoo aarno willkeena. 
COD_03892.wav,Waxaa laga yaabaa inaan hadda ku soconayno mid ka sii ballaaran.
COD_06183.wav,Ma cadda waxa dhaliyey carada ka dhanka ah Ireland oo hadda ka mid ah 15-ka dal ee xubnaha ka ah Golaha Ammaanka QM.
COD_05868.wav,"oo ku dooday in Mohamed, oo ah 29 jir aabe u ah afar caruur, si khaldan xukun loogu riday."
COD_01510.wav,"Sababta oo mar kasta lacagta uga diro ayaan waydiiyay,"
COD_01618.wav,Ma aqaan qof Soomaaliya u qabtay inta uu isagu u galay. 
COD_02710.wav,waxayna kusoo aragtay Jiif Qurux-badan oo lagu Sharaxay Midabka Calanka Soomaaliya.
COD_03611.wav,"waan u sheegay dad ka cararay ayaa lahaa ayaan dhahay, "
COD_03851.wav,raadinta milatariga Mareykanka waxay si toos ah uga qeyb qaadatay burburinta deg degga ah ee deegaanka Afghanistan. 
COD_00332.wav,"Waxaan baraha bulshada ku arkay sheekada dad la leeyahay shahaadooyinkooda oo dhan ayay gubeen, Ka dib markii ay shaqo waayeen "
COD_04316.wav,"Jiirkii badnaa waxay u digeen saaxiibkood oo ay ku yidhaahdeen, waar inaga keen meesha Bisadihii waa kuwane. "
COD_01540.wav,"Wuxuu xirtay kabihii caseeyaha, wuxuuna ku yiri: kabaha fasalka iigu keen markii aad ii caseyso. "
COD_05012.wav,dadkuna wada qurux badan yihiin aad moodidna inay jawiga wanaagsan iyo dadku is heleen.
COD_04276.wav,Cabbaar ayuu halkii ka daawaday oo marka ay qaarka sare biyaha kala baxdaba eegmada kula suuxay.
COD_01083.wav,"Waxaan hubaa in ay lexajeclo badan ka hayso dadkiisa iyo deegaankiisa, oo uu xogogaal u yahay xaaladda iyo duruufaha ka jira degmada loo dhiibay. "
COD_01319.wav,"waana sababta ay ardaydeenna badankooda u barteen caafimaad iyo Injineerin, waayo waxaan baahi badan u qabnay dhakhtar dadka daweeya, iyo injineer dalka noo dhisa. "
COD_01858.wav,Yuusuf Garaad wuxuu ka sheekeeyay dhacdo sawir ka bixineysa dhiirranaantii Mucallimuu iyo duruufihii uu ku shaqeynayay. 
COD_04849.wav,"Gabadhiina furi, waxa uuna siiyey meherkeedii iyo siyaado oo caddaan ah."
COD_06898.wav,"Si kastaba ha ahaatee, kuwa u safri doona wadamada Shenjen markoodii ugu horeysay "
COD_03517.wav,"Isla habeenkii ayaa waxaa ii bilaabatay noloshii ugu mugdiga badneyd oo adduunkaan uu ku soo maro qof bani’aadam ah, "
COD_03212.wav,"Siday kolba guriga dhexdiisa dhinac ugu ordayeen ayaa mid kamidii kabad aqalka ku dhisnayd oo jilisan afka ku daloolisay, "
COD_03158.wav,"Dadk soomaalidu waxa lagu yaqaanay marti soorka fiican iyo deeqsinimada, iyaga oo aan hanti badan lahay."
COD_02188.wav,Maalinkaas waxaa Darca isugu soo baxay shacab dalbanayay in carruurta xabsiga laga sii daayo. 
COD_00949.wav,Markii ay buug isku soo sawiraan waxay comment ugu qorayaan Lajanow buuggaan ayaan kula akhrisanaa ee PDF ahaan iigu soo dir nooh.
COD_05362.wav,Nin buka nin baahan barax looguma dhiibo.
COD_01163.wav,Suuqa Bakaaraha oo aan deris nahay waa saldhigga muqaawamada. Habeenkii inta soo baxaan ayay weeraraan Itoobiyaanka Xamarbila fadhiya. 
COD_03091.wav,Baabuurta magaalada oo dhan ba isaga ayaa iska leh. 
COD_04154.wav,"Wuxuu yidhi, tolow i maqal, waxaa idinku jira oo kaliya hal nin wax caqli iyo garasho dhamaystirin Eebe siiyey. "
COD_01115.wav,Waxa inta badan dadka dhibi jirey waxaa ka mid ahaa rag ay isku jilib hoose ahaayeen. 
COD_04961.wav,"Jac baa ku dhegtay oo, waa iska laabtay."
COD_00130.wav,"Laakin saaxiibadeed markay arkeen hibada ay u leedahay gabayga, ku dhiira-galiyay inay bulshada la wadaagto."
COD_04577.wav,"Ogaaw, wixii aad qortay waa adiga qorshahaaga. Waana khariidaddaada guusha. "
COD_04390.wav,wxaaa qoray cunug yar oo kenyaaati uraaayo ah
COD_04030.wav,ka dibna waxay ugu jawaabtey runtii waxaad tahay wiil aad iyo aad u wanaagsan 
COD_01255.wav,Good iyo abees baa is beddelay garanna maysaane
COD_05157.wav,"Ciidamadan maanta Muqdisho gaaray ayaa isugu jira qeybaha kala duwan ee ciidamada, sida kuwa badda sida ay dowladdu sheegtay ."
COD_06925.wav,Dadka dhaleeceeyay ee caanka ahaa waxaa ka mid ahaa Xoghayihii hore ee Ciidamada Mariiniska Mareykanka
COD_01486.wav,"Goobtaan ayaa lagu xasuuqay dad ka badan 250,000 oo qof intii uu Rwanda ka socday dagaalkii-sokeeye"
COD_02355.wav,Madaxweyne inaad meesha ka saarto siyaasada kooxaysan  oo loo aanaynaayo kala irdhaynta bulshada umaddna aad dhex u noqto.
COD_00694.wav,"Safarkan waxaan ku tegay magaalada Vienna ee caasimadda dalka Austria oo ah hooyada aqoonyahannada, qorayaasha iyo abwaannada ugu caansan taariikhda Yurub."
COD_01638.wav,Halkan waa bukaan-jiifka dadka waaweyn. 
COD_02696.wav,"Eeddo Mahadsanid, Maalmahan Shaqo ayan raadinaayay, waxaadsa i bartay si fudud oo Lacag ku sameyn karo anigoo Gurigeyga jooga. "
COD_07326.wav,"Sirdoonku wuxuu ka shaqaynayaa basaasidda, baacsiga iyo sumcad dilka mucaaradka, cabsi ku haynta kuwa daacada u ah rajiimka,"
COD_02506.wav,Waagaas Tiyaatarka waxaa ka bixi jiray barnaamij sanadle ah oo warfaafinta lagu xuso oo uu Siyaad Barre ka soo qeybgeli jiray. 
COD_05141.wav,Guddoomiyaha Gobolka Banaadir ayaa xafiiskiisa ku qaabilay wafdi uu hogaaminayay Safiirka Dowladda Turkiga u fadhiya Soomaaliya
COD_01195.wav,Wuxuu xubin firfircoon ka ahaa Majmaca Culimada Soomaaliyeed oo uu guddoomiye ka noqday
COD_03003.wav,"Muddo kadib ayaa waxay kulmeen wiil guur doon ah, wiilkii ayaa ku yidhi gabadhyahay waxaan rabaa inaan ku guursado. "
COD_01024.wav,Hadda Xamar waa ku sii yaraanayaan dadkii qofkii ay arkaanba dhihi jiray: waa lagu waayay. Reer waqooyi ayaa meel naga saaray. 
COD_06283.wav,"Guddoomiyaha ayaa tilmaamay inay jiraan dhimasho iyo dhaawac badan oo ka dhashay qaraxyadaas ismiidaaminta,"
COD_00858.wav,Sanado ka hor buug ayaa dhiig laga keenay. 
COD_06144.wav,waxaa gacantooda ka baxaya Tobaneeyo Qabiil oo xornimadoodu saamayn ku leedahay dhul Balaaran 
COD_03275.wav,xildhibaanadu iyagaa keenay madaxda  iyagaa dooratay iyagaa dhalay     
COD_03696.wav,"Sidoo kale, waxaannu meel marinnay siyaasado iyo shuruuc kala duwan oo ay ku jiraan kuwo caalami ah, "
COD_06137.wav,5- Xoolaysiga Khawaarijta.
COD_01506.wav,"Ceymiska kaliya ee maanta qofka Soomaaliga ah ku jiro, uuna oggol yahay in uu wax ku bixiyo waa qabiilka. "
COD_06739.wav,Ciidanka Midowga Afrika ee ATMIS iyo Ciidanka aan ATMIS ka tirsaneyn ee Soomaaliya jooga.
COD_02056.wav,Waa la baaray. In aysan kansar qabin ayay jawaabtii noqotay. 
COD_05329.wav,"Waa caawiye tilmaame, falkaab kale ama fal."
COD_06018.wav,Chelsea ay haysato noocyo kala duwan oo dhibaatooyin ah
COD_02542.wav,maadaama uu biyaxireenkaasi cuuryaamin doono biyaha wabiga Niil oo ay Masar ku tiirsan tahay. 
COD_00958.wav,"Maalmo ka dib, wariyihii ayaa Faysbuug soo dhigaya sawir uu siyaasigii la soo galay, oo uu ku ammaanayo in uu yahay masuul hufan oo indheergarad ah. "
COD_00083.wav,Waxaan jeclahay in aan bulshada kala hadlo waxyaabaha anfacaya adduun iyo aakhiraba
COD_02753.wav,"Nin doonayay in uu iibsado dameerka ayaa qabtay Seyntii Dameerka, markaasuu haraati ku jiiday."
COD_01635.wav,Qeybtaan waa bukaan-jiifka carruurta. 
COD_05065.wav,Eebe kama xishoodo inuu tusaale u yeelo kaneeco iyo waxkasareeyaba
COD_03004.wav,Gabadhii ayaa tidhi xoolahaagu waa maxay. 
COD_00372.wav,Maxaa ka halis badan markii arday soo koreysa looga dhigo macallin
COD_05483.wav,"Ma ahan buunbuunin, in la dhoho shirkaddaas teknolojiyadda ma guuleysan lahayn haddii aysan ahayn dadaalka adag ee uu ku bixiyay Jeff Bezos."
COD_03233.wav,"Wiilwaal ayaa ku jawaabay awawgaa la cadaabaye abti ha i odhan, ee waxaan ku idhi: xoolo maxaad ka timid?"
COD_03784.wav,"kadib dameerkii oo hurda ayaa waxaa qaaday biyihii daadadkii isagoon dareemayn, "
COD_05021.wav,Waad mahadsan tahay. Waxaan abaalkaaga ku gudana garan mayo.
COD_03481.wav,"aabe si uu naftiisa u badbaadiyo ayuu u sheegay meelihii waxa keyd ah noogu jireen oo dhan, "
COD_03567.wav,"ugu dambeytii waxaa yara qabowday rasaastii, "
COD_04138.wav,War ninku miyuu waashay mise wuu soo wataa ayaa gees walba ka yeedhay. 
COD_02345.wav,balse taas badalkeeda waxaan si dhab ah u jeclahay madaxweynuhu xilka uu umadda u hayo in alle ku asturo umaddana uu wanaag iyo cadaalad ku hogaamiyo 
COD_05414.wav,BBC masuul kama ahan macluumadka bogga kale ee dibadda.
COD_04992.wav,"Dhammaan 11-kii nin ee uu ku sheegay gabayga, waxay awood u isticmaaleen si caqliga ka baxsan oo xad-dhaaf ah."
COD_00578.wav,"halkaasoo ay iyaguna tababar iyo khibrad kusoo qaadan jireen, dadkana ay ugu gargaari jireen, hadba inta aqoontoodu le’egtahay. "
COD_06976.wav,Hay'adda ayaa sidoo kale waxa ay sheegaysaa in dalkaas uu  si khaldan  u isticmaalo ciqaabta dilka 
COD_01196.wav,Duruuf adag oo halgan iyo hal-adeyg ku suntan ayuu soo jiray. 
COD_04774.wav,kaas oo lagu eedeeyay in halis ku yahay qaran-ka.
COD_00879.wav,Waana waajib damiiri ah oo saaran qof kasta oo qadiyadda Somaliland taageersan in uu maanta gumaadkaas ka dhiidhiyo.
COD_00174.wav,"Qeybta labaad ee dheesha marka dib leysugu soo laabtay labada dhinac ayaa waxay soo bandhigeen qaab ciyaareed aad u wanaagsan,"
COD_00992.wav,Malaha surwaalka soddon iyo afar dolllar lagaa siiyay haddii aad gorgorin lahaydna waxaad ku heli lahayd labaatan iyo shan dollar. 
COD_02378.wav,"waa naqaanaaa waa masuqmaasuq ,burcad badeed, xagjir  iyo waxbadanoo oo lamida mana ahan inaan  baahideena dhaqaale  iyo midda ammni  aan ku filnaan weyno."
COD_02882.wav,halkii ayuuna ninkii ugaadha usoo dabi jiray xaaskiisa oo ay sidaa kuwada noolaayeen. 
COD_00941.wav,Hadda Raysulwasaare Xamsa ayaa amar ku bixiyay in qof kasta shaqada yimaado. 
COD_02860.wav,Wuxu yidhi tuugii faraskaygu isha midig ayuu la’ayahay. 
COD_03006.wav,Waxay tidhi aniga ayaa kula socodsiin wakhtigaan diyaar noqdo. kabbacdi sidaa ayaa ku kala tagay.
COD_02164.wav,"Madaxda oo ay ku hareeraysan yihiin dad aan runta iyo xaqiiqada u sheegin ayaa waxaa jaanis ku helay dad xogogaal ah oo aan fursad ku heli jirin, "
COD_00724.wav,"waxaan hawada ku sii jirnay 8 saacadood, waxaana 4:30 galabnimo ee maalinkii Axadda ee maalinkaas ka horreysay ka degnay garoonka magaalada "
COD_00910.wav,"Casirliiqii ayaan Gallibaax marnay, waxaa gabbaldhicii ka gudubnay Ceel-Bacad"
COD_05878.wav,islamarkaana uu isaga kala wareegay si uu u badbaadiyo dadkii saarnaa.
COD_05908.wav,marar badan ayeyna ka hadashay.
COD_01471.wav,"Kuwa kalena waxaan kula dardaarmayaa in ay waxbartaan, oo xirfado yeeshaan, waayo qofka jaahilka ah wuxuu u nugul yahay dhaqanxumada."
COD_04883.wav,Laakiin gabadha kale sidaas ma ahayn. 
COD_00625.wav,Tusaale ahaan maxay tahay sababta ay uga welwelsan yihiin erayada Ilaah iyo Rasuul 
COD_00221.wav,wuxuu u qaatay wiilkii in hoos u dhac ku yimid.
COD_01498.wav,"Burburka jidadka iyo dhiiqada waxaa u sii dheer jaam joogto ah, "
COD_80009.wav,way wanaagsanayd inaan kula hadlo
COD_80062.wav,Lacag ma rabtaa
COD_80008.wav,Ma jeclaan lahayd inaan socod aado?
COD_80073.wav,Abaayo xanuunkii see ka noqotay
COD_80098.wav,Aabe xajkuu aaday
COD_80065.wav,Hilib ari ma cuntaa
COD_80024.wav,Iska warran
COD_80043.wav,Maanta waa sidee?
COD_80023.wav,soo dhawow
COD_80095.wav,Adi ii cun
COD_80084.wav,dhulka ka kac
COD_80052.wav,Cashirka ma fahamtay
COD_80082.wav,mahadsanid cadde
COD_80088.wav,dadka qaarkood wax ma fahmaan
COD_80070.wav,Dugsiga goorma aade
COD_80099.wav,Hooyo sanadkan waa hartay
COD_80059.wav,I dhageyso
COD_80091.wav,shaqo maa haysaa
COD_80042.wav,Waad ku mahadsan tahay.
COD_80016.wav,waan kaa helay
COD_80047.wav,Kursigaan soo qabo
COD_80086.wav,muhiim waaye
COD_80035.wav,Aad baa u naxariis badan tahay!
COD_80026.wav,Ii warran
COD_80079.wav,dhalinyarada iska ilaali
COD_80081.wav,Xariiftan qurux badanaa
COD_80037.wav,Halkee ku nooshahay?
COD_80093.wav,Waan ka dhergay
COD_80045.wav,Waan ku soo dhaweynayaa.
COD_80053.wav,Ma quraacatay
COD_80051.wav,Macalinka u dhiib
COD_80021.wav,Waan ka xumahay
COD_80089.wav,orod jiifto
COD_80061.wav,Jalaato maku siinaa
COD_80097.wav,Ma soontay
COD_80067.wav,Masjidka ma aaday saakay
COD_80077.wav,waa ku sugaayay
COD_80003.wav,Waxaan jeclahay inaan casho kugu casumo
COD_80055.wav,Salaada ma dukatay
COD_80044.wav,Waan  jeclahay Soomaaliya.
COD_80056.wav,Biyahan cab
COD_80010.wav,waxaas maxaa lagu dhahaa afkaaga sheeg
COD_80019.wav,Subax Wanaagsan
COD_80034.wav,Waa maxay magacaagu
COD_80033.wav,"Socdaal wanaagsan, Safar Salaama"
COD_80028.wav,Maxaad sheegtay?
COD_80090.wav,waqti kasta waa isoo wici kartaa
COD_80076.wav,si xunaa ii gashay
COD_80025.wav,"Alhamdulillah, waan iska fiicanahay"
COD_80072.wav,Aabe maanta ma la hadashay
COD_80068.wav,Kitaabka makuu dhamaaday
COD_80017.wav,Habeen Wanaagsan
COD_80046.wav,Dhowr maalmood kadib.
COD_80100.wav,"Adeer cali, ii wrn"
COD_80005.wav,Magac qurux badan baa leedahay
COD_80020.wav,Ingriis miyaad ku hadashaa?
COD_80074.wav,waan kuu xiisay
COD_80031.wav,Guul wanaagsan!
COD_80001.wav,"Aad baan u jeclahay, aad baan uga helay!"
COD_80092.wav,aduunyo mashquul kama dhamaado
COD_80000.wav,Maxeey tahay shaqadaadu?
COD_80063.wav,Sariirta aad
COD_80013.wav,waxaan ahay saddex iyo soddon jir
COD_80075.wav,ma samayn
COD_80085.wav,soo orod
COD_80002.wav,Firaaqo ma leedahay berri fiidkii?
COD_80048.wav,Fasalka iiga bax
COD_80007.wav,Aad iyo aad beey nafteeydu uga heshay
COD_80004.wav,IImeelkaaga ma i siin kartaa?
COD_80096.wav,Maanta waxba ma cunin
COD_80050.wav,Sabuuradda eeg
COD_80027.wav,Iska warran?
COD_80078.wav,waan ku aaminsanahay
COD_80054.wav,Wax ma cuntay
COD_80038.wav,Immisa jir baad tahay?
COD_80066.wav,Ciida maxaa kuu qorsheysan
COD_80018.wav,Galab Wanaagsan
COD_80011.wav,waxaan jeclaan lahaa qol aan sigaar lagu cabin
COD_80036.wav,Waxaan ka imid Mareykanka
COD_80014.wav,waan ku jeclahay
COD_80080.wav,baahin maa ku haysa
COD_80015.wav,Ma i caawin kartaa?
COD_80083.wav,saacada waa imisa
COD_80057.wav,Shaah makuu shubaa
COD_80032.wav,"Soo dhawoow, ha is martiyeeyn, guriga waa gurigaagii"
COD_80022.wav,Fadlan ku celi
COD_80012.wav,dhakhtar baan u baahnahay
COD_80041.wav,Go'aankan ayaa kasoo baxay dowlada hoose
COD_80040.wav,Aad iyo aad beey nafteeydu uga heshay
COD_80029.wav,Waan ku farax sanahay la kulan kaaga
COD_80039.wav,teleefan nambarkaaga ma heli karaa ama ma i siin kartaa?
COD_80087.wav,daacad noqo
COD_80058.wav,Aamus
COD_80064.wav,Musqusha maa u socotaa
COD_80069.wav,Shiikha ma imaaday
COD_80006.wav,"Kani waa odaygeeyga, ninkeeyga"
COD_80049.wav,Macalinka dhageyso
COD_80060.wav,Badda ma aadnaa
COD_80030.wav,Guul ayaan kuu rajaynayaa!
COD_80071.wav,Hooyo goorme imaane
COD_80094.wav,Midkalaa taalo
COD_08101.wav,Cunsirayadu weligeed dhamaan mayso ilaa iyo inta dharka madow laga hor dhaqayo dharka cad.
COD_08102.wav,"Afrikaanku waa umadda gabdhihii dhaadheeraa ay doonayaan wiilal dhaadheer, gabdhihii gaagaabnaana ay doonayaan wiilal dhaadheer, hadaba waa iga su'aale yaa u maqan wiilasha gaagaaban."
COD_08103.wav,"Hadaad aragto nin daaqada gaadhiga ka furaya gabadh marka ay galayso iyo marka ay ka dagayso, kama ahan jayacl ee gaadhiga ayaa cusub ama gabadha ayaa cusub."
COD_08104.wav,Marka ay gabadhu dhagaysto caqligeed in ka badan inta ay dbagaysato caloosheeda gabadhaasi waxay awoodaa inay xidhiidh la samayso nin shiid ah oo faqiir ah.
COD_08105.wav,Markaad shuminaysid gabar u dhalatay wadan kale si fiican ushumi waayo wadan dhan ayaad matalaysaa.
COD_08106.wav,Hablaha gaagaaban ee dhexda qabsada marka ay sawirka galayaan waxaan idin leeyahay joojiya markaan idin arko waxaan idinku soo xasuustaa bakeeriga.
COD_08107.wav,Hadii la xiri lahaa meheradaha lagu gado make upka caruur badan ayaa hooyadood garan waayi lahaa.
COD_08108.wav,Afrika waa meesha keliya ee gabadh dhar ka amaanaysatay saxiibteed ay la kulmayso wiil qol ka amaanaystay saaxiibkii.
COD_08109.wav,"Dadka qaar kamid ah kama jawaabaan fariimaha yaryar ee ay idiin soo direen dadka aan waxba idinka rabin oo idin salaamayay un, markaas ayaad rabtaan in ilaahay ka jawaabo ducooyinkiina waaweyn."
COD_08110.wav,Inaad gabdho badan shukaansato waa xeellad aad ku jahawareerinayso cadawgaaga si aysan u bartilmaameedsan gacalisadaada gaarka ah. laakiin gabdhuhu ma fahmayaan xeelladaas.
COD_08111.wav,"Waan necbahay wiilasha aan Baabuurta wadan, waxa sidaa tiri gabadh aan xitaa baaskiil wadan."
COD_08112.wav,Hadii aad fool xun tahay balse aad lacag leedahay gacalisadaadu kuuma waayayaso wax ay kugu amaanto waxaa macquul ah in ay ku tiraahdo gacaliye xitaa hadhkaagu wuu qurux badan yahay.
COD_08113.wav,Aroosku waa meel ay isugu yimaadaan dad badan oo labo ka mid ah ay ka fekerayso galmo inta soo hadhayna ay ka fekerayso cunto.
COD_08114.wav,Dumarku waa kuwo been badan oo aan la aamini karin waxaa laga yabaa inaynu maalin un ogaano in foosha iyo dhalmadu aysanba xanuun lahayn.
COD_08115.wav,Xaaskaaga waligaa haku oran waad qaylo badan tahay laakiin waxaad ku tiraahdaa gacaliso aamusnaanta ayaad ku qurux badan tahay.
COD_08116.wav,Daanyeerku hadii uu hanti lahaan lahaa dumarka waxaynu ku arki lahayn kaymaha.
COD_08117.wav,Ha dhunkan gabadh afrikaan ah adigoo indhaha isku haysta sababto ah shalay ayaa sidaa mobilkayga la igaga xaday.
COD_08118.wav,Waxaan ogaaday in afrika ay ka wanaagsan tahay yurub kadib markaan ka waayay gidaar aan kaadi isla taago.
COD_08119.wav,Magaranaysaa sababta nabi aadam ugu noolaa nolosha wanaagsan ee farxada leh sababtu waa inuusan lahayn sodoh.
COD_08120.wav,Afrika waa meesha kaliya ee laga helo nin san weyn oo haddana gabadh ku leh adiga la'aantaa ma neefsan karo.
COD_08121.wav,"Hadii shaydaanku taajir ahaan lahaa waxaad arki lahaydeen iyadoo dumarku ay ugu yeedhayaan magacyo qurux badan sida shaydaankayga, shaydaan qurux iyo kuwo kale oo lamida ah."
COD_08122.wav,Hadaad fool xuntahay gurigaaga ha isku qarin ee dibada u soo bax oo soo wareeg waxa laga yaabaa inaad kasoo dhex muuqato film horor ah.
COD_08123.wav,Masaaricadu waa wax lagu qoslo waa meel ay joogaan niman u dagaallamaya suun iyagoo aan surwaalba wadan.
COD_08124.wav,"Cunsuriyada cadaanku waxba ima yeelayso, ilaa iyo inta aan isticmaalayo warqada cad ee musqusha oo aan weli dabadayda madow ku tirtirayo, waan faraxsanahay."
COD_08125.wav,Waqtigii schoolka wax walba way dhacaan laakiin Macalinka xisaabtu weligiis ma xanuusto.
COD_08126.wav,Haddaad doonayso inaad shumiso gabadh kaadheer waa sida adoo doonaya inaad biyo ka cabto showerka qubayska.
COD_08127.wav,Afrika hadaad aragto lamaane guriga hortiisa fadhiya ha umalaynin jacayl iyo in ay waqti wada qaadanayaan ee waxaa ka maqan korantadii.
COD_08128.wav,Qubayskii ugu horeeyay qofba kuu qubeeyay qubayska ugu danbeeya ee xiliga dhimashadana qofbaa kuu qubayndoona haddaba adigu ha kibrin ahow qof is dhuldhiga.
COD_08129.wav,Hadii aad is leedahay noloshu way kugu adag tahay bal ka waran. ninka weli bixinaya lacagtii uu arooskiisa soo amaahday xaaskiina ayba kala tageen.
COD_08130.wav,"Adduunka aad ku noloshahay adigoo keli ah ayaad timid, si la mid ah adigoo kali ah ayaad ka tageysaa."
COD_08131.wav,Walaalkayoow waligaa ha guursannin naag wadata hal ilmo waayo ma jirto ciyaar ku bilaabmata hal iyo eber.
COD_08132.wav,Qofna ha u oggolaan inuu maskaxdaada kula socdo cagihiisa wasakhaysan.
COD_08133.wav,Ma ihi maqane jooge. laakiin joogitaanka maskaxdayda ayaa waxuu iga dhigayaa mid aan ka warqabin waxyaalaha kale.
COD_08134.wav,Yaysan ku maamulin cabsida maskaxdaada ku jirta. Laakiin haku Hogaamiso riyooyinka qalbigaaga ku jira.
COD_08135.wav,"Waxaa laga yaabaa inaad u maleyso inaan jidh ahaan u yarahay, laakiin waxaan madaxa ku leeyahay wax sida adduunka u weyn waana maskaxdayda."
COD_08136.wav,Wax akhrisku wuxuu maskaxda u yahay waxa jimicsigu jidhka u yahay.
COD_08137.wav,Maskaxdaada ama adiga ayaa maamula ama iyada ayaa ku maamusha.
COD_08138.wav,Maskaxdaada kama baxsan kartid laakiin waad barnaamij gareen kartaa oo waad qurxin kartaa.
COD_08139.wav,"Dhammaan xudduuduhu waxay ku jiraan maskaxda oo keliya, waxaana looga gudbi karaa maskaxda oo keliya."
COD_08140.wav,"Marka ay maskaxdaadu kuu sheegto inaad dhammaysay, oo aysan suurogal ahayn inaad sii wado, waxaad ogaataa inaad samaysay boqolkina 40% kaliya."
COD_08141.wav,Dunidu waxay u baahan tahay maskaxo kala duwan si ay u wada shaqeeyaan.
COD_08142.wav,Farxaddu waa xaalad maskaxda ah. Waad faraxsanaan kartaa ama waxaad noqon kartaa mid aan faraxsanayn.
COD_08143.wav,Weligaa ma heli doontid xasillooni maskaxeed ilaa aad dhageysato qalbigaaga.
COD_08144.wav,Maskaxdu waxay kaa dhigtaa wax walba. Waxa aad ka fikirto ayaad noqonaysaa.
COD_08145.wav,Ku tababar maskaxdaada inay waxkasta dhanka wanaagsan ka aragto.
COD_08146.wav,"Si aynu maskaxda u dejino, waxaynu u baahanahay inaynu iska casilno xilka maareeyaha guud ee caalamka."
COD_08147.wav,Maska aan haragg beddelan karin waa uu dhintaa. Sidoo kale maskaxda aan fikir bededli Karin. Waa maskax dhimatay.
COD_08148.wav,Socodka degdega ahi waa calaamad muujinaysa maskax aan degganayn.
COD_08149.wav,"Maskaxdu maaha weel la buuxiyo, ee waa dab la shido si uu wax u ifiyo."
COD_08150.wav,Cadowgaaga ugu weyni waa maskaxdaada.
COD_08151.wav,"Waxaa laga yaabaa inaad miskiin tahay, kabahaagu ay googo'an yihiin, laakiin ay maskaxdaadu qasri tahay."
COD_08152.wav,Fikirka badani waa dilaa. Marka aynu ka fakarno wax walba Waxaynu nafteena u dilaynaa si tartiib ah. maskaxda bini'aadamku Waxay noqon kartaa dabin dhimasho.
COD_08153.wav,"Maskaxdaada adigu maamul, waxaa laga yaabaa waligeed inaysan maskax qofkale ku maamulin."
COD_08154.wav,Jawaabuhu maskaxda ayay buuxiyaan. Su'aaluhuna maskaxda ayay balaadhiyaan.
COD_08155.wav,Farxaddu waa xaalad maskaxeed. Waxayna ku xidhan tahay sida aad u eegto waxkasta.
COD_08156.wav,Wax kasta oo aad maskaxdaada si joogto ah ugu hayso waa wax aad la kulmi doonto noloshaada.
COD_08157.wav,"Haddii aad adigu rumaysan karto, maskaxduna way xaqiijin kartaa."
COD_08158.wav,"Waxaan aad uga baqaa inaan lumiyo maskaxdayda. Sababtoo ah Waxaad luminaysaa aqoonsiga qofka aad tahay, meesha aad joogto iyo meesha aad usucoto."
COD_08159.wav,Maskaxdii mar iftiimtay mar kale ma madoobaato.
COD_08160.wav,Mar walba waxaa jira dagaal u dhexeeya maskaxda iyo qalbiga. Wa dagaal u dhexeeya waxyaalaha aad taqaan iyo waxyaalaha aad dareemayso. Wa dagaal u dhexeeya waxaad rabto iyo waxaad u baahan tahay.
COD_08161.wav,"60% jidhka bini'aadamka waxa laga yaabaa inuu ka samaysan yahay biyo, laakin in ka badan 80% maskaxda bini'aadamku waxay ka samaysan tahay sheekooyin."
COD_08162.wav,Xornimada ugu weyn waa inaan ka xorowno maskaxdeena.
COD_08163.wav,"Maskaxdu waa garoon la dayacay. Oo laga tagay wakhti hore, hadda waxaa ka buuxsamay qashin. Hadaba Dib u fekeridu waa sida aad uga saari karto qashinka. Si aad mar labaad ugu ciyaari karto."
COD_08164.wav,Maskaxdaada oo su'aalo badan is waydiisaa waa isa sixid iyo is toosin.
COD_08165.wav,"Degenaansho, debecsanaan, aamusnaan, is-xakameyn iyo daacadnimadu: kuwani waa habdhaqanka maskaxda."
COD_08166.wav,"Hadii aynaan waxba diirada saarin, maskaxdeenu waxay samaysataa dhibaatooyin si ay u xaliso, hadii aad hadaf leedahay oo diirada aad saarto adiga ayaa koraya, dhibaatooyinka maskaxdu samaysatana way baaba'ayan."
COD_08167.wav,"Quruxdu maaha in la yeesho waji qurux badan ee waa in la yeesho maskax qurux badan, qalbi qurxoon iyo naf qurux badan."
COD_08168.wav,"Farxaddu maaha hanti la qiimeeyo, ee waa tayada fikirka maskaxda."
COD_08169.wav,Dhibaatooyinka oo dhani waa khiyaali ay maskaxdu abuurto.
COD_08170.wav,Dagaalada ugu waaweyn waa kuwa aynu la galno maskaxdeena.
COD_08171.wav,"Awoodda maskaxda soo jeeda, waa mid ka mid ah waxyaalaha ugu Xoogga badan adduunka."
COD_08172.wav,"Ilaahay, ma weydiisto maal badan, laakiin waxaan weydiistaa xigmad badan si aan caqligayga uga faa'iidaysto, taasi waa awooda aan ku maamuli karo maankayga oo aan u jihayn karo wax kasta oo aan doonayo."
COD_08173.wav,Ma jiraan wax ka awood badan maskax rumaysan kartideeda iyo waxa ay awoodo.
COD_08174.wav,"Maskaxdaada faaruqi, oo ha u dhigin hal qaab, noqo sida biyaha oo kale, haddaad biyo ku shubtid koob waxay la mid noqonayaan koobka, hadaad ku shubto dhalo waxay la mid noqonayaan dhalada, noqo sida biyaha oo kale qof aan ka biqin isbadalka."
COD_08175.wav,Waxa aysan maskaxdu fahmin waa ay ka baqdaa.
COD_08176.wav,"Ma jiraan wax xannibi kara maskaxda aadanaha, ma jiraan caqabado hortaagan horumarkeena marka laga reebo kuwa aan nafteenna u samayno."
COD_08177.wav,Maskaxda sida wanaagsan u fikirtaa waxay heshaa hab waxkasta loo samayn karo; maskaxda sida xun u fikirtaana waxay raadisaa dhammaan siyaabaha aan loo samayn karin.
COD_08178.wav,"Sida ay u jiraan madaxyo badan waxa jira maskaxo badan, sidoo kale sida ay u jiraan qalbiyo badan ayay jacaylo badani u jiraan."
COD_08179.wav,"Marka aad noqotid boqorka maskaxdaada, wax walba adigaa bogor u ah."
COD_08180.wav,"Haddii aad ogaan lahayd sida ay u awood badan yihiin fikradaadu, weligaa wax xun kamaadan fikirteen."
COD_08181.wav,Ma jiraan Wax ku xadayn kara aan ka ahayn maskxadaada.
COD_08182.wav,"Ha inkirin ama ha dhibsan dadaalka qof isku dayaayo inuu kusoo xiriiriyo, Waqtigan la joogo wey adag tahay in la helo qof si dhab ah kuu daneeya."
COD_08183.wav,"Ugu dambeyn dhamantena waxan rabnaa qof dadka oo dhan naga doorta markasta, iyo xaalad kasto la joogo."
COD_08184.wav,Marnaba si dhab ah uma ogaan kartid inta aad qof jeceshahay ilaa aad qofkas aragto isago qof kale la faraxsan.
COD_08185.wav,"Xushmeey nafsadaada xitaa haddii aadan lacag haysan, ha isku qasbin dad aan adiga ku rabin, berito ayaad qof weyn noqon doontaa insha Allah."
COD_08186.wav,"Haddii aanaan meel lagaa casuumin ha tagin meeshaas, haddey asxaabtada wax kuu sheegi waayaan ha weydiinin, haddii aakhiru saac infitashan lagu soo diro si xushmad leh iskaga diid, waayo haddii muhiim laguu arki lahaa koow ayaa laguu soo diri laha."
COD_08187.wav,"Seddex waxyaabood qofna hala wadaagin: Koow, sirta guushaada, Labo, dhibaatooyinkaga khaaska ah Seddex,  hadafyadaada nolosha."
COD_08188.wav,Dadka kugu jasaara dadkaas keliya waxay ka cawaadaan halka sheey ee aad u sameyn weysay intey kugu mahad celin lahaayeen kumanaanka kale ee aad u sameysay.
COD_08189.wav,"Saaxiibka beenta ah wuxuu aamini doonaa xanta lagaa sheegaayo, lkn saaxiibka dhabta wuxu ogyahy wanaagaaga, wuuna ku difaaci dona markaa maqan tahay."
COD_08190.wav,"Dadka noloshaada ku jiro waa iney ahaadaan dad murugta kaa yareyn kara, laakiin waa ineysan murugta kugu siyaadin."
COD_08191.wav,Qofkasta wuxuu rabaa inuu qofka kale u noqdo qoraxda iftiimineysa noloshiisa. Lakiin maxaa loo heli la'yahay qof dayaxa noqdo oo iftiin ku siiya waqtiga ugu mugdiga badan ee noloshaada.
COD_08192.wav,"Ma jiro suuq lagu iibiyo dareemaha. so marnaba ha xayeysiinin dareemahaaga, keliya dabecadaada saxda ah dadka tus."
COD_08193.wav,"Noloshu waa mid sii adkaan karta maalinba maalinka kasii dambeysa, dad badan ayaa kaa tagi doona, asxaab iyo ehelba lkn ogoow marwaliba Allah waa mid kuu dhow."
COD_08194.wav,"Ka fogoow dadka aan marnaba raali gelin ka bixin khaladaadkooda, kuwaas waxay marwaliba ku darensin doonaan inaad khaladka adiga leedahay oo kale."
COD_08195.wav,Iska iloow kuwa ku dhawacay shalay. Laakiin ha iloobin kuwa maalinkasta ku jecel Iska iloow tagtadii kaa ilmeysiisey oo Diirada saar joogtada hadda kaa dhola cadeysiisa.
COD_08196.wav,Iska aamus ama waa in erayadaadu ka qiimo badan yihiin aamusnaantaada.
COD_08197.wav,Ha isku dayin inaad qaladkaaga ku daboosho erayo been ah laakiin qaladkaaga ku sax imtixaan.
COD_08198.wav,Ma jiro qof xor ah oo  aan awoodin inuu naftiisa xakameeyo.
COD_08199.wav,"Haddii iftiin jiro waxa jira gudcur, haddii qabow jiro waxaa jira kulayl, haddii barwaaqo jirto waxaa jirta dhibaato, haddii nololi jirto waxaa jirta geeri."
COD_08200.wav,"Shirgudoonka Baarlamaanka, Xildhibaanada Labada Gole, Xisbiyada Qaranka, Marti Sharafta, Warbaahinta kala Duwan, waxaan idinku salaamayaa salaanta Islaamka: Asalaamu Calaykum Waraxmatullaahi Wa Baraakatuhu."
COD_08201.wav,Gudoomiye:Marka hore Waxaan halkan mahadnaq balaadhan iyo Hambalyo uga soo jeedinayaa Xildhibaanada labada Gole Qaran ee Wakiilada ee uu kamid yahay Guurtida
COD_08202.wav,aniga oo idiinka mahadnaqaya wada shaqayntii qiimaha lahayd ee ina dhexmartay Xukuumad ahaan sanadkii la soo dhaafay iyo mudadii aan Xilka hayay
COD_08203.wav,taasoo laga dheehan karo dheelitirka milgaha dawladnimo iyo xidhiidhka golayaasha Baarlamaanka iyo xukuumada
COD_08204.wav,wada shaqayntaas oo haddii aanay jirin aanu Qarankani ku talaabsadeen horumarka uu sameeyay.
COD_08205.wav,Waxa kaleoo aan jecelahay inaan halkan mahadnaq uga soo jeediyo Dadweynaha reer Somaliland ee geesiyaasha ah
COD_08206.wav,"oo mar kasta ku hawlan sidii ay Qarankooda u horumarin lahaayeen, kuwaasoo si ay wadaniyadi ku dheehan tahay ee mar kasta u garab taagan Xukuumadooda."
COD_08207.wav,Gudoomiye iyo Mudanayaasha sharafta leh
COD_08208.wav,"Sida uu Distoorka Qarankani igu Waajibiyay inaan sanadkasta Hor Imaado Fadhigan loo Dhan Yahay ee labada gole,"
COD_08209.wav,waxaan idiin soo gudbin doonaa Warbixin Balaadhan oo aan kaga hadli doono wixii inooga qabsoomay qorshihii sanadkii ina Dhaafay ee 2012-kii
COD_08210.wav,"waxaa kale oo aan Faahfaahin ka bixin doonaa Qorshaha Xukuumada ee Sanadkan cusub ee 2013-ka, iyo guud ahaan xaalada guud ee Dalka."
COD_08211.wav,Doorashooyinkii Golayaasha Deegaanka iyo Furitaankii Ururrada Siyaasada
COD_08212.wav,"Aniga oo si fiican u Fahamsanaa Culayska Siyaasadeed, Dhaqaale, Nabadgelyo iyo Bulsho ee ay lahayd furitaanka Urrurrada Siyaasada iyo Qabashada doorashooyinka Dawladaha hoose"
COD_08213.wav,waxaa mar kasta noo muuqatay in Qarankan Somaliland ay dantiisu ku jirto Kobcinta geedi socodka Dimuqraadiyada iyo Hirgalinta Doorashooyin joogto ah oo ay dadweynuhu ku soo doortaan hoggaankooda kala duwan.
COD_08214.wav,"Aniga oo tix-galinayay rabitaanka dadweynaha iyo ballantii aanu ummada u qaadnay xiligii ololaha doorashooyinkii Madaxtinimada,"
COD_08215.wav,Iyadoo xukuumad ahaan nalaga sugayey dhaqaalaha doorashada ku baxaya 25%
COD_08216.wav,iyadoo weliba aanu ururadii tartamayey gacan ka siinay gaadiidka muraaqibiinta ay ku qaadayeen oo aanu ka bixinay kharash ka badan Hal Bilyan oo Shillinka Somaliland ah
COD_08217.wav,"Gudoomiye iyo Mudanayaasha sharafta leh,"
COD_08218.wav,"Waxa aanu Mamnuucnay in Ololaha Doorshada loo adeegsado Hantida Qaranka sida Gaadiidka Dawlada,"
COD_08219.wav,"iyada oo aanu Shaqaalaha Dawlada u diidnay in ay sinnaba uga qayb qaataan ololaha doorashada,"
COD_08220.wav,"Waxaa dalka si nabadgelyo ah uga qabsoontay doorashadii golayaasha degaanka, taasoo ay ku tartameen toddobo Xisbi iyo Urur"
COD_08221.wav,"waxaana gebagebadii ku guulaystay sadexda Urur ee Kulmiye, Wadani iyo Ucid."
COD_08222.wav,"Waxaa hadhay afar Urur iyo kun iyo sideed boqol iyo lixdan iyo shan Xildhibaan,"
COD_08223.wav,halkaas oo aad ka dareemi kartaan baaxada hawsha doorashada aynu kasoo gudubnay.
COD_08224.wav,Somaliland waxay halkan kusoo gaadhay siyaasi u tudha iyo oday samo-talis ah
COD_08225.wav,Miisaaniyada iyo Korodhka Dakhliga Qaranka
COD_08226.wav,"Maanta iyo maalintii aan xilka la wareegay waxaanu dedaal aad u balaadhan ugu jirnay sidii dhaqaalaha dalka aanu u kobcin lahayn korna aanu ugu qaadi lahayn Dakhligiisa,"
COD_08227.wav,si looga midha-dhaliyana waxaanu samaynay: tababarka iyo tayaynta shaqaalaha dawlada
COD_08228.wav,wacyi-gelinta bulshada ee bixinta cashuuraha ku waajiba
COD_08229.wav,Xukuumadu waxa ay hirgelisay in la kordhiyo 5% Cashuurta Sigaarka iyo Qaadka taasi oo lagu guulaystay in laga fuliyo dhamaan Kastamada dalka.
COD_08230.wav,"Hirgelinta xaraynta kirada Guryaha Dawladda, iyada oo laga bilaabay masuuliyiinta iyo shaqaalaha dawlada ee Qaranka mushaharka ka qaata"
COD_08231.wav,"Arrimaha Gudaha, Amaanka iyo Difaaca Qaranka"
COD_08232.wav,Waxaanu si weyn u xoojinay una balaadhinay Dhismaha Ciidamada Qaranka
COD_08233.wav,"Waxaanu kobcinay Tababarradooda, Taakulayntooda iyo Qalabayntooda"
COD_08234.wav,"ciidamada sida gaarka ah u tababaran ee kamaandawsta, kuwaas oo ku qalabaysan saanad iyo gaadiid cusub oo ay kaga hawlgeli-karaan dhammaan xaduudaha Somaliland"
COD_08235.wav,inay kaalin laxaad leh ka qaadan-doonaan difaaca dalka iyo guud ahaan xoojinta amaanka Qarankan.
COD_08236.wav,waxaanu diyaarinay dhammaan Derajadii Ciidamada
COD_08237.wav,waa himilo uu qaranku muddo dheer ku taamayey
COD_08238.wav,waxaana aan ku kalsoonahay in bixinta derajadu ay kor u qaadi doontaa Milgaha iyo Sharafta Ciidamadeena
COD_08239.wav,Gudoomiye iyo Mudanayaasha sharafta leh
COD_08240.wav,Waxaanu ciidamada Booliska ku xoojinay Askar da’ayar ah oo aad u tiro badan
COD_08241.wav,Ciidanka Booliiska waxaa lagu kordhiyay illaa saddex dufcadood
COD_08242.wav,oo dhamaantood soo dhamaystay dugsiga tababarka ciidamada booliiska ee Mandheera.
COD_08243.wav,Ciidamada sida gaarka ah u tababaran ee ka Jawaabista Xaaladaha Deg-dega ah
COD_08244.wav,Waxaana noo qorshaysan inaanu sii balaadhino si ay mar walba heeggan ugu noqdaan ilaalinta amaanka Qaranka.
COD_08245.wav,iyada oo aanu wax ka bedelnay Qaab dhismeedka Ciidamada Booliska.
COD_08246.wav,Wax bar carruurta ma jiri doonto in loo baahdo in bulshada la ciqaabo.
COD_08247.wav,Marka aynu xanaaqsan nahay waa inaynu ka fogaannaa hadalka iyo ficilka labadaba.
COD_08248.wav,"Ku raaxayso inaad si fiican u qabato waajibaadkaaga, kuwa kalena u dhaaf inay kaaga hadlaan siday rabaan."
COD_08249.wav,Haa iyo maya waa Erayada ugu da'da weyn uguna gaaban waana kuwa loogu baahida badan yahay.
COD_08250.wav,Dooro inaad nafsad ahaan u xoog badnaato intii aad jidh ahaan u xoog badnaan lahayd.
COD_08251.wav,Waxkasta waxaa ka sarreeya inaad naftaada ixtiraamto.
COD_08252.wav,Qofna yuusan kugu qancin inaad sameyso hadal ama facil aan kuu fiicnayn.
COD_08253.wav,Daruuraha mugdiga ah waxaa ka sareeya xiddigo iftiin badan.
COD_08254.wav,Inta badan dadku ma lahan hab ay ku hormariyaan maalkooda iyo awooddooda laakiin waxay leeyihiin awood ay ku hormariyaan aqoontooda.
COD_08255.wav,"Si kastoo aad isu dhaafdhaafiso, si kastoo aad isu ilowsiiso xaqiiqadu waa geerida iyo inaad dhimandoonto."
COD_08256.wav,Milixda dhanaan waxay ka dhalataa waalidka ugu wanaagsan ee qorraxda iyo badda.
COD_08257.wav,"Si loo dagaalamo waxaa loo baahan yahay shan shay xanuun jidhka ah, jaahilnimo maskaxda ah, caadifad jidhka ah, fidno magaalada ah iyo khilaaf reeraha ah."
COD_08258.wav,Numbarku wuxuu xukumaa caalamka.
COD_08259.wav,"Diid oo haku socon jidadka caamka ah ama jidadka dadweynaha, ku soco waddooyin aysan cidna kusocon."
COD_08260.wav,"Sida ugu dhakhsaha badan sharciga lagama maarmaanka u ah dadka, waa dadku hadda kuma haboona xorriyadda."
COD_08261.wav,"Waxaa inagu waajib ah inaynu noqono dad saaxiibo ah oo aynaan cadaw ka dhigan saaxiibadeen, isla markaana aynu saaxiib ka dhiganno cadawgeenna."
COD_08262.wav,"Had iyo jeer dooro waddada kuula muuqata mida ugu wanaagsan, si kasta oo ay u qallafsan tahay waqtiga ayaa dhawaan ka dhigi doona mid fudud oo la aqbali karo."
COD_08263.wav,Saaxiibadu wax walba way wadaagaan.
COD_08264.wav,"Caradu waxay ku bilaabmataa nacasnimo, waxayna ku dhammaataa toobad keen."
COD_08265.wav,Weynaantaada ha ku xukumin dhererka hadhkaaga markay qorraxdu sii dhacayso.
COD_08266.wav,Aamusnaantu waxay ka wanaagsan tahay erayada maalaayacniga ah.
COD_08267.wav,"weligaa ha ka daba ordin oo ha raadin farxada, waayo mar walba adigay kugu jirtaa."
COD_08268.wav,"Waxkasta oo ay adiga kaa aaminsan yihiin, samee waxa aad sax u aragto."
COD_08269.wav,"Si isku mid ah u qaabil eedda iyo ammaanta, oo midna yaysan waxba ku yeelin."
COD_08270.wav,Dib ha eegin markii aad baxayso.
COD_08271.wav,Dharbaaxo ka timid saaxiibkaa waxay ka wanaagsan tahay dhunkasho ka timi cadowgaaga.
COD_08272.wav,"Cadaalad ku dhaqan ficil iyo hadalba, hana caadaysan inaad fikir la'aan waxkasta jisho."
COD_08273.wav,weligaa ha aaminin saaxiib xumaan ka sheega saaxiibadiis kale.
COD_08274.wav,"Waa inaad sameysaa waxyaalo waaweyn, ma ahan inaad balan qaado waxyaalo waaweyn."
COD_08275.wav,Way adag tahay in hal mar lagu socdo waddooyin badan oo nolosha ah.
COD_08276.wav,Awooddu waa deriska dhow ee lama huraanka ah
COD_08277.wav,"Isla marka aad soo toosto, siday ukala horeeyaan u qorshee ficillada la qabanayo maalinta soo socota."
COD_08278.wav,Kartida iyo baahida shay loo qabo ayaa aad isugu dhow.
COD_08279.wav,Wakhtigu waa ruuxda aduunka.
COD_08280.wav,"Sida runta oo kale, qaladku ma leeyahay kuwa jecel."
COD_08281.wav,"Nacaska waxaa lagu gartaa hadalkiisa, fariidkana waxaa lagu gartaa aamusnaantiisa."
COD_08282.wav,Xigmad si dhib badan lagu bartay waligeed lama ilaawo.
COD_08283.wav,Welwelku waa inuu inagu dhiiri galiyaa ficil ee ma ahan inuu ina niyad jabiyo.
COD_08284.wav,"Saaxiibadu waa sida asxaabta safarka, kuwaas oo ay tahay inay is caawiyaan si ay safarka nolosha u helaa nolol farxad leh."
COD_08285.wav,Side ugu wanaagsan ee farxad loogu noolaan karo waa in la noolaado wakhti xaadirka la joogo.
COD_08286.wav,"Haddii aad noqon karto gorgor, ha isku dayin inaad noqoto tuke."
COD_08287.wav,Sakhraannimadu waa jimicsiga waallida.
COD_08288.wav,Qofka beera midho dagaal iyo xanuun ma goosan doono farxad iyo jacayl.
COD_08289.wav,Qofka shucuurtiisu ka adkaato xor ma noqon karo.
COD_04046.wav,"Nin baa maalin wuxuu tagay baalbayeeri si uu tinta usoo jarto, "
COD_01692.wav,"saddexda gabdhood ee kalena jaamacadad ayay noo dhigtaan, Alle mahaddii."
COD_07074.wav,sida uu noo xaqiijiyay xidhiidhka Feerka Soomaaliya.
COD_02698.wav,isagoon shareysan ayay iridka isku marxabeeyeen 
COD_07322.wav,Saamaynta kaliya ee ay sheegtay in ay leedahay ayaa ah in caadadu ay ka culus tahay sidii caadiga ahayd.
COD_04289.wav,"Waa ay isku xanaajisay, markii uu hadal u bilaabayna huruuf ayey ugu jawaabtey. "
COD_06841.wav,in Soomaaliya  ay si weyn u cambaareyneyso falalkan dambiyada ah
COD_00545.wav,uuna  mar hore isagoo yar uu ka sameeyey dukaankii Mr. Jones
COD_04384.wav,Cigaal shidaad ayaa loosheegay inay ragu ku tala galeen inay usoo araan wiilkii uu adeerka u ahaa.
COD_05624.wav,"Waxaa shirkaddiisa shaqaale ka ah sagaal boqol labaatan iyo shan ruux, sannad kasta dakhliga soo gala wuxuu gaaraa in ka badan  shan boqol oo milyan. "
COD_05205.wav,Taasna waxaa inoo iftiiminaya gabaygan
COD_00636.wav,Waxaan ka codsanayaa ururrada afka iyo dhaqanku inay dood noocaas oo kale ah oo caafimaad qabta qabanqaabiyaan sida bahda Laashin iyo Dhaxalreeb. 
COD_03136.wav,"muddo ayay laantii cinabka ahayd eegtay, kolna ninkii oo bud wayn haysta."
COD_00225.wav,Ma diyaaradda qaaca jiidda ayaa qaaca naga yareyneysa? 
COD_01185.wav,"Muqdisho in ay holcaysay waxaa u sii dheereyd in uusan ka jirin daryeel caafimaad, oo dadku si fudud u dhimanayeen. "
COD_03236.wav,"abtigii xoolo waxaan ka imid laba kadin oo geela, xarrago waxaan ka imid boqol fardo ah, "
COD_01229.wav,"Kana shaqeyno in aan noloshaas aan dhammaadka lahayn u hormarsanno sahay ay nafteennu janno ku mudan karto,"
COD_01135.wav,Tolow sidaas ma loogu hambalyeyn lahaa haddii ay tahay shahaado sax ah oo uu qof Soomaali ah guddoonsiinayo. 
COD_02014.wav,Balse waxay ku soo arkeen xaalad nololeed oo waxbarasho ugu sii daran. 
COD_00417.wav,"wuxuu yiri hadal taariikhda galay: Arreey haddow go'aye, ratiga ka dejiya meydka, "
COD_02971.wav,"oo ah dhakhtar u dhashay waddanka Australia, oo ku takhasusay cilmi-nafsiga. "
COD_01278.wav,"War shaah kuuma dirsan ee kobashiin ii keen, sokortana iigu soo sameey ayaad leedahay. "
COD_06678.wav,Muse qataar waa daacad. Waayo qaa'in uma suurta gasheen inuu sifud ku ogaado
COD_04133.wav,Gabadhiisii ayuu hiifay ileen iyadaa usoo xambaarisay cadkan baasee. 
COD_02039.wav,Alle dadka wuxuu ugu jecel yahay qofka dadka kale u waxtar badan; 
COD_03326.wav,maxaan ugu jirnaa inaan noqono dadka ugu xun dunida?  
COD_01895.wav,"Waxaan ku biiray ururkii Qareennada Soomaaliyeed, waxaana xafiis nootaayo ka furtay Muqdisho."
COD_01527.wav,Dhul weyn oo aan lahaa ayaan go’aansaday in aan ka dhiso xarun carruurtaas lagu xannaaneeyo. 
COD_02213.wav,Ciidanka dowladdu waxay asbuuc kahor Muqdisho ku dileen dad shacab ah oo bannaanbaxayay. 
COD_01550.wav,Kaam xaafadda Weydow ku yaalla ayaan ku soo koray. 
COD_06385.wav,"oo ku kacaya balaayiin dollar iyo saldhigyo loogu talo galay ciidamada gaarka ah,"
COD_03918.wav,Shekadan waxay dhex martay nin rer badiyo ah oo dega badiya ha iyo nin degan magalda muqdisho.
COD_04509.wav,"Haddii aad rabto inaad naftaada beddesho, waa inaad marka hore ku bilowdaa beddelidda fikradahaaga."
COD_03201.wav,Dadkii oo leh waa hadalkiisa aan macnaha lahayne inaga daaya ayaa halkii ku dhaafay. 
COD_04678.wav,"Halkaas, waxaanu ka baran karnaa in qofka inta ay goor tahay maskaxdiisa si fiican ugu shaqeysiiyo. "
COD_03381.wav,wuxuu ahaa nin amaradiisa ka socoto degaanka u dhaxeya Harar iyo Jigjiga iyo dhulka dariska la ah. 
COD_01968.wav,"Wax badan ayay wadaagayeen oo cusbada, caleenta, xawaashka iyo dhuxusha ayay kala qaadanayeen. "
COD_00444.wav,"Dameerkii si dhoohanaan  ku jirto ayuu dhurwaagii ugu jawaabay isagoo yiri Nacas, waxaan maa geesa u malaysaa? waxaan dhega lee waaye. "
COD_02570.wav,"balse Abul-Caas ayaa ku yiri: Zeynaba, aniga iyo adigu siima wada noolaan doonno, hadda wixii ka dambeeya waaxaad ku laabaneysaa guriga aabbahaa. "
COD_02733.wav,Dabagaaluhu maalin walba wuxuu ka soo baxaa biyaha isaga oo daalan. 
COD_03563.wav,"taroomadii ayaa igu soo kacday, cadaabta adduunka ayaan dareemay, "
COD_01328.wav,"Waxaan Eebbe waydiisanayaa in uu nagu kulmiyo jannooyinkiisa nicmadu dhooban tahay tan ugu sarreysa, "
COD_00580.wav,"Ikhyaarteey intii hore dayacaad iyo khalad ha idinkugu filnaato, dhaqaaqa, haddii aadan dhaqaaqin, cid idiin dhaqaaqi doonto ma jirto "
COD_01511.wav,"wuxuuna igu yiri: gabadhaan ilma-habaryar ayaan nahay, isku gurina waan ku soo kornay. "
COD_00459.wav, iyadoo loo sameeyey keyd xogeed oo ka dhexeeya dugsiyada iyo wasaaradda 
COD_02026.wav,Xusuustayda kama go’do dhacdo ay Maryan Mursal uga warrantay wareysi uu Cumar Seerbiya 2017 uga qaaday Goobjoog.
COD_06411.wav,halka Madaxweynaha maamulkaas uu ku adkeysanayo in sanadkaas ay u kordhiyeen Baarlamaanka uu dhameysanayo.
COD_04580.wav,Marna ma jiri doonto daqiiqad ku habboon. 
COD_05023.wav,Waxaan go’aansaday inaan Qur’aanka wax ka gaarsiiyo odayga-bukaanka.
COD_04950.wav,Jeerka uu ogaado in dhab loo jecel yahay ayaa yasmo iyo karaahiyo ku bilaabataa. 
COD_01990.wav,Waxay ku raaxaystaan in ay ka sheekeeyaan halgankii ay soo mareen. 
COD_06083.wav,halka Madaxweyne Laftagareen uu isna ka qeyb geli doono shirkaas.
COD_05123.wav,"Waxaan rajaynayaa in aan jaamacadda wada dhameysanno, xitaa isaga ayaa iga dhibco sarreeyay"
COD_05888.wav,"kuwaas oo ka barbar dagaallamay ciidamada Ethiopia, balse aan qayb ka ahayn xabbad joojinta."
COD_07130.wav,"In walaxdaas la helay, waxa ay tilmaamaysaa buu yiri Massey, baadigoobkii ugu horreeyay ee xiddigga iftiinka badan ee loo yaqaan Pole, "
COD_00691.wav,Waxaan tegay magaalada Baariis oo ah saldhigga xadaaradda Faransiiska. 
COD_01644.wav,Dad ay hayaan xanuunno kala duwan ayaa hadda la keenay. 
COD_04450.wav,"February, 1982 General Maxamed Siyad wuxuu booqday Washington. "
COD_06285.wav,Waxaa jiro warar sheegaya in qaraxyada ka dhacay degmada Maxaas ay ku dhinteen taban hal qoys
COD_03921.wav,Ninki degana magalda muqdisho waxuu dhahay saxib ana kaa muqalasaynayo wana ay sahlantahay inad gasho dalka maraykanka 
COD_06526.wav,"Madaxweynaha Dawlad Gobaleedka Jubbaland, Axmed Maxamed Islaam Axmed Madoobe ayaa magacaabay La-taliyihiisa arrimaha Bulshada."
COD_01594.wav,Soomaaliya oo holcaysa oo qof kasta oo awoodi karay uu naftiisa iyo xoolihiisa kala cararay ayuu doortay in uu naftiisa iyo hantidiisa ku biimeeyo. 
COD_03467.wav,"Xilli galab ah ayaa waxaa gurigeena, oo ahaa seddax dabaq kuna yaalay agagaarka Koodka, noogu soo galeen koox maleeshiyo ah "
COD_01469.wav,"Anigu iskuul iyo jaamacad waan dhammeeyay, waana shaqeystaa. "
COD_01164.wav,Xaafadda nagu dheggan ee Labadhagax oo ahayd xaruntii bareefadyada Muqdisho waa lagu kala cararay. 
COD_07053.wav,"Sidoo kale waxa uu sheegay in uu ogaaday inay jiraan tartamo, "
COD_01837.wav,"Badweynta Atlaantiga gadaasheeda ayaan kaa soo salaamayaa, kaagana soo duceynayaa ee Alle haku garabgalo gabadheenna birlabka aheey, Maryan Qaasim."
COD_03394.wav,"dhinac kale wiilka uu Wiil-waal Abtiga u aha isma aynan arag Weligood, "
COD_00828.wav,Allow barakeey oo nabadgeli magaaladeyda iyo dadkeeda gobannimada ku suntan.
COD_01574.wav,waxaana boqolkii maalmood uga harsan 50 maalin oo ay ku jirto magacaabista iyo ansixinta Golaha Wasiirrada.
COD_04798.wav,"In kasta oo uu barwaaqo darduuranayey, haddana, ma uusan jeclayn in uu ku sii nagaado baddiyaha. "
COD_02341.wav,"Ugu horayntii Mulkiga iyo talada hogaanka iyo kursiga waxa bixiya alle xumaan ka nasahane,"
COD_04560.wav,kuwaas oo kale weligood uma muuqdaan inay horumar samaynayaan. 
COD_01999.wav,"mar kasta oo kiiskaas wax ku soo kordhaanna wuxuu la hadli jiray warbaahinta, wuxuuna shacabka uga warbixin jiray halka ay wax marayaan."
COD_05945.wav,"waxaana ay sheegtay in muddo dhow 30 sano ay ku jirtay karinta Shaaha,"
COD_05898.wav,Gabadh Uu Dhalay Madaxweyne Hore Ee Dalka IRAN Oo La Xukumay
COD_04011.wav,Xiriiri  Qof kii Ku gooya 
COD_01695.wav,"Gabadheyda ayaa ugu jawaabtay: Ma hilmaamin, abaalna waad idinkaga hayaa maalinkii aad darteey u gaajooteen si aan u gaaro heerka aan joogo"
COD_04122.wav,Wuxuu ugu tagay raggii amarka la siiyey oo mid walba cad soo qaaday mid walbana ka kale ka qarinayo cadka uu doorbiday. 
COD_05095.wav,markaas oo ahayd lix bilood uun ka dib dhalashada wiilkiisa.
COD_02711.wav,"Qanciye ayay xalayto tusisay Sawirada Jiifka ay kusoo aragtay Guriga Walalked, "
COD_02581.wav,"Zeynaba oo sanado ka dib ka dhimaneysa, iyo Abul-Caas oo murugo kala kulmay geerideeda."
COD_06055.wav,"maadama ay yihiin kuwa aan arxan lahayn, kuwaas oo ku fidaya deegaano horleh."
COD_03844.wav,markii Taalibaan ku dhawaad ​​kala diray iyadoo laga hortagayo weerar militari oo caalami ah. 
COD_05682.wav,"Waxay u arkayeen in ninkii geel lihi si fudud u gashi bixi karo, "
COD_03664.wav,"Gabadhani waa gabar aad u qurux badan, laakiin ay ka muuqato in ay soo martay dhibaato badan, "
COD_05789.wav,ujeedada koobaad ee ingiriisku u dhisay cisbitaalkaasina waxay ahayd in goob caafimaad loo hello haweenka umulaya.
COD_04684.wav,Waxaa laga yaabaa inaysan jirin isku-dhaf qumman oo hadafyada nolosha ah 
COD_06504.wav,Labada dhinac ayaa ka siman kuraagida xukunka.
COD_01264.wav,wuxuuna shacabka u sheegi jiray in uu dalka ka saari doono darxumadaas Farmaajo baday. 
COD_03888.wav,"Tirada dhimashada ayaa si dhif ah loo fahmi karaa maanta, "
COD_07087.wav,"Waa ay wanaagsan tahay in aad dadka macsalaamaysid, waxaanan filayaa inay noqon doonto mid qiiro leh. "
COD_01821.wav,Hadda ayaan fahmay in wixii khatar loo arko naga celiso adiguna aad u bareeri jirtey.
COD_03506.wav,oo nimanka kale aysan ii soo dhowaan. 
COD_02350.wav,Nasiib daro in mudo ahba waxa ka hanoqaaday gayigayaga siyaasad kooxaysan  oo ku qotonta kala qaybinta iyo kal irdhayta umadda walaalaha ah 
COD_05067.wav,"hana ku khaldina xaqa baadilka, ood qarisaan xaqa idinkoo og"
COD_02511.wav,"Tiyaatarkii oo la buuxo, Maxamed Siyaadna uu fadhiyo ayay Saado Cali heestii qaadday, "
COD_06149.wav,"Labada dhinac ayaa intii uu kulunku socday waxay ka wada hadleen xoojinta xiriirka ka dhexeeya Soomaaliya iyo Midowga Yurub,"
COD_02951.wav,wuxuu isla markiiba isha ku dhuftay Silsilad dheeman ah. 
COD_03072.wav,"Kadib kii kale ayaa wuxu ugu jawaabay adigu sideed ku keentay inaad kaligaa xoolo ilaahay waydiisato, "
COD_05389.wav,kaas oo 21 jir ah marka uu furmo suuqa kala iibsiga ciyaartoyda bisha January
COD_04249.wav,Wuxuu ku raaxaysanayaa dhulka iyo waxa dul saaran ee uu daawashadooda indhaha iyo nafta ku quudinayo. 
COD_00309.wav,Waxaan ku leexday masjidkaas oo markaas suuqa cabbaar u jiray maadaama uu suqu markaas aad u yaraa. 
COD_06986.wav,heerka musuqmaasuq ee dalkaas ka jira. 
COD_03187.wav,"Waxay daganaayeen hawd guntii, gaar ahaan meel u dhaw magaalada burco. "
COD_06591.wav,"M.BIIXI oo maleeshiyaad horleh keenay LAASCAANO, iyo Taangiyada SSC"
COD_02630.wav,Falis waxay Hooyaded u sheegtay inay ka reysatay Noloshii hore ee Qarfadka ahed 
COD_01493.wav,"taas oo sababtay in uu dameerkii silco, shamiidadii uu siday qaarkeedna ay dhiiqada ku dhex dhacdo. "
COD_00093.wav,"Gabaygu wuxuu ka dhashaa dareen, taasi oo ka dhigan in qofku markii uu wax dareemo ee ay hibaduna ku jirto uu wax curin karo, "
COD_04506.wav,Sida ninka qalbigiisa u fikiro ayuu isna yahay.
COD_02070.wav,Waxaan u socdaa xaafadda Labadhagax oo aan degganahay. 
COD_06680.wav,Lascano garaadadu hadey ku midoben. Ujeedo kalaa ale meesha kalaa.
COD_00047.wav,"kow iyo labaatankii Oktober kun sagaal boqol lixdan iyo sagaalkii, waxa gondaha loo laabay qarankii Soomaaliyeed ee curdanka ahaa, oo ku dhisnaa nidaam qori-isu-dhiib ah,"
COD_00288.wav,Maalin kasta wuxuu go'aansan jirey inuu maanta warkiisa caddaysto oo gabadhana u sheegto dareenkiisa.
COD_05756.wav,"Intaas oo keli ah kuma koobna e, markii naqu gabaabsiyo ee maalinfoof waxba lagu soo waayo,"
COD_05678.wav,Xagga farsamada waxaa la bari jiray farsamooyinka qofku wax ugu taro dadkiisa iyo dalkiisa.
COD_04938.wav,"Wiilkii inta uu aad u la dhacay quruxda iyo dhaylanimada inanta, ayuu inta isla markiiba istaagay oo horjoogsaday. "
COD_02800.wav,"Cunugga ugu yar carruurta waxaa la sheegaa inuu mar kasta yahay kan waxyaabaha xiisaha leh iskiis u raadsada, "
COD_02006.wav,"oo malaha ma jirto mar uu hadlay oo uusan arrinkaan soo hadalqaadin, "
COD_05572.wav,waxayna ku sugneyd magaalada Melbourne ee waddanka Australia.
COD_00355.wav,Wuxuu midba qeyb ka akhriyey buugaag iyo kitaabbo uusan midkoodna si fiican u fahmin. 
COD_01043.wav,ustaadow talo ayaan kaa rabaa ee goormee kulmi karnaa? 
COD_01543.wav,Wuxuu ka mid ahaa cashirradii ugu qaalisanaa ee aan jaamacadda ku soo dhigtay. 
COD_06874.wav,"Codsiyada waxaa laga yaabaa inay shaqeeyaan 2026. Kadib shanta sano ee xilliga kala guurka ,"
COD_00692.wav,Intii aan joogay Faransiiska waxaan u dalxiisay jasiiradda Mont-Saint-Michel oo ay ku taallo buur ka mid ah kuwa ugu quruxsan caalamka.
COD_06856.wav,ayaa ujeedkiisu yahay in la fududeeyo codsiyada fiisaha Shenjen iyo in fiisaha laga dhigo mid u adkaysta tuugada iyo wax is daba marinta.
COD_03097.wav,"Wuxuu arkaa habeen kasta xoolihii oo qof dumar ahi ka lisayso, kadibna qof kale oo xerada afkeeda jooga weel caano ah u dhiibaysa."
COD_04677.wav,iyo in feker la’aantoodu ay gayaysiisay in aysan gaarin hadafkooddii. 
COD_05848.wav,"oo uu sababay dhakhtarkii cisbitaalka Hargeysa,"
COD_05212.wav,baasaysiguna waxa uu ka mid yahay asbaabaha ugu waawayn ee kuu diidan inaad noloshaada ka gaadho guul
COD_05045.wav,"Aniga khaladkayga ma ahayn sababta oo ah anigu rigoorada ma khasaarin, masuuliyadayna ma ahayn"
COD_03008.wav,Ninkii ayaa ku jawaabay anigu lo’da ayaan hodan ka ahay. 
COD_06881.wav,"Iyada oo loo marayo akoonkan, waxay buuxin doonaan foomka codsiga oo ay ku dhejin doonaan dhukumentiyada loo baahan yahay."
COD_02976.wav,"Waxa daris la ahaa wiil dhalin yar ah oo qurux lagu manaystay, kaas oo ninka xaaskiisu ay dusha ka jeclayd. "
COD_07186.wav,haddii u uku biirana waxa uu noqon doonaa ciyaartoygii 26-aad ee ay soo iibsadaan xilli ciyaareedkan.
COD_05198.wav,Inaad naftaada ku kalsoonato oo aadan cidna la barbar dhigin waa jidka guusha.
COD_04197.wav,Waxaa uu sheegay inuu sheego oo kaliya waxa uu u sheego oo qudha. 
COD_03514.wav,"in aan fahmi karina isaga wuu ogaa, intuu igu qoslay ayuu i dhahay hadaadan garaneyn waa lagu baraa. "
COD_04625.wav,Qof kasta oo naga mid ah wuxuu ku hamminayaa sidii uu u gaari lahaa guul wax ku ool ah. 
COD_03546.wav,"Sidaas anigoo ku jirra ayaan ku dhalay seddax caruur ah oo mid tahay gabar, labana yihiin wiilal, "
COD_00676.wav,Waxaan booqday magaalada Al-Aqsar ee dalka Masar oo aheed caasimaddii Boqortooyadii Fircooniga.
COD_05315.wav,Qof waliba oo muslim ah waxaa ku waajib ah in uu aqoon raadiyo.
COD_00720.wav,"Dalkii iigu saameynta badnaa ee aan tegay wuxuu ahaa Jabbaan, oo aan ku soo arkay wax badan oo ay igu adagtahay in aan qoraal ku sheego."
COD_05089.wav,"Wuxuu sidoo kale ka mid ahaa aas-aasayaashii Jaamacadda Kismaayo, isaga oo kasoo noqday macallin iyo guddoomiye ku xigeen."
COD_04391.wav,waxaa dhacday in cigaal faras dhereeya lasiiyo. 
COD_03118.wav,Riyuhu haddaba waxa jira astaamo ay la wadaagaan dadka iyo duunyadaba.
COD_03207.wav,"Gorayooyinka habeenkii ayaa guryo lagu xerayn jiray, subaxiina waa la dareerin jiray si ay u soofaan."
COD_03146.wav,"Waxa la yidhi, dameer ayaa lagu yidhi waar dameeroow marka aad xilahaaga wax ka qaadanayso maxaad dhibka intaa leeg u martaa. "
COD_00192.wav,"Daqiiqadii 76-aad Manchester United ayaa hoggaanka u qabatay dheesha waxaana eber iyo hal  ka dhigay Rashford, kaddib markii uu ka caawiyay Bruno Fernandes."
COD_02744.wav,"Hooyadii ayaa la yaabtay oo tidhi:hooyo maxaa kuugu dhacay,"
COD_04525.wav,"Sidaa darteed caafimaadku maaha oo kaliya jirka, laakiin sidoo kale wax badan oo ku saabsan maskaxda."
COD_01186.wav,"Dalka inta wax looga qaban waayay, ayaa Dubai lagu soo daweeyay. "
COD_01659.wav,Midigteyda fog waxaa ku lugabaxsanaya dad waaweyn oo bukaan-jiif ah. 
COD_06446.wav,"Madaxweynaha Dawlad Gobaleedka Galmudug, Axmed Cabdi Kaariye Qoorqoor ayaa boggaadiyay ciidamada xoogga dalka"
COD_03840.wav,"Qaado, tusaale ahaan, qabsashadii Afgaanistaan, halkaas oo 18 sano ka dib Mareykanka laga yaabo inuu ku dhowaado inuu heshiis nabadeed la gaaro Taliban. "
COD_04716.wav,Waxay gaaraan go’aamo ka dib markay si taxadar leh u baaraan doorsoomayaasha tixraaca waqti fiican. 
COD_04179.wav,Marka laysku soo uruuriyo waxay isku haystaan wuxuu isugu imanayaa hawo adduun iyo hunguri sida Wiil Waalba caddeeyey.
COD_06319.wav,Moussa Faki xarunta Midowga Afrika ee Addis Ababa.
COD_03193.wav,"Mar marka qaar wuxuu sheegi jiray waxyaabo aanay dadku fahmi Karin, "
COD_01835.wav,"balse taasi ma hanjebinin oo wali waa daaciyad, mufakir aragti ummadeed xambaarsan, "
COD_01994.wav,"In ay Kenya ka baxdo dhageysiga dacwadda badda waa libin u soo hoyatay Soomaaliya, "
COD_02181.wav,Madashaan waxaan ku bartay dad qiimo badan. 
COD_00719.wav,"waxaase isticmaalo dad ka yar kun qof oo ah madaxda dowladda, xitaa shaqaalaha riyadka looma ogola."
COD_05080.wav,"Lix qof ayaa markii hore la xidhay, hase ahaatee afar ka mida ayaa dacwad lagu soo oogay"
COD_04120.wav,"Farxad, isu hambalyeyn iyo is mahadin ayna muujinin ayaa saaqay."
COD_04300.wav,Habeen habeenada ka mid ah ayuu guure galay. 
COD_02868.wav,Arrinkii ayaa waxay ula tageen dad waawayn oo wax garad ah. 
COD_06038.wav,si buu yiri ay halyeeyada dhabta ahi u helaan bilado geesinimo ay mudnaayeen.
COD_00379.wav," sida Sargax, oo KUTUBAXOOR AH."
COD_01316.wav,Marka hore waxaan kuugu hambalyeynayaa safarka waxbarashada iskuulka ee maanta kuu soo idlaaday. 
COD_02491.wav,"sabataas ayuuna Muqdisho uga cararay, uguna biiray jabhadihii dowladda ku kacsanaa ee Itoobiya joogay,"
COD_00757.wav,"Xukuumadda hadda jirta waxaa ka muuqdo caajis badan, oo waxay u daallan tahay sidii dowlad 4 sano joogtay, oo hadda xilka ka sii degaysa. "
COD_02843.wav,"Ninkii ayaa tuugii ku yidhi faraska soo kaxee ilaa gurigaygii, tuugii baa yidhi waayahay. "
COD_04288.wav,Wuxuu ku sigtay in uu ku boodo oo isku duubo oo ku ooyo.
COD_05934.wav,dhibaatooyinka ay shacabka u gaystaan ururka alshabaab.
COD_03382.wav,"colaadd iyo nabadgalyabba wuxuu ahaa hormood somali ku dhaarato, gabayo culusna lahaa."
COD_02998.wav,Marka la is afgarto kadib ayuu guurku dhici jiray.
COD_00711.wav,"Waxaan tegay waddada Nanjing ee magaalda Shanghai oo ah waddada ugu dheer caalamka ee laga dukaameysto,"
COD_03161.wav,"Wakhtigu waxa uu ahaa goor xun oo abaara, baad iyo biyo toonana dhulku aanu lahayn. "
COD_00299.wav,"Waddan carruurtii, iyagoon ogeyn la siinaayo dawooyin ‘laga roone’ ka dhigaaya, "
COD_02875.wav,"Nin guur doon ah ayaa bari gabadh doonay, "
COD_04519.wav,"Marka aan intaas samayno, nolosheennu waxay noqotaa mid qurux badan. "
COD_00051.wav,"isla habeenkaas, saacado uun ka hor, qarax magaalada ka dhacay baa waxa ku naf waayay haweenay, halka afar ruux oo kale ay ku dhaawacmeen."
COD_06081.wav,"Waxaa sidoo kale halkaas ku sugan Midowga Musharrixiinta mucaaradka oo diidan muddo kororsiga Madaxweyne Laftagareen uu sameystay,"
COD_05147.wav,waxaana durba murugo iyo walwal hor-leh ay ka qaadeen lacago ay ku sheegeen 'sharci daro' oo lagu soo rogay.
COD_06034.wav,waxay kaloo jahwareerisay qadarrintii iyo cisigii uu shacabku u hayn lahaa geesiyada sababta u ah guusha dagaalka 
COD_00443.wav,"Saxiibow, adiga khataraaba tahay, maxaa waaye geesahaan saan u dheedheer? "
COD_02657.wav,"halkaasna ugama harine iyadoo Dhagar Damacsan ayay Maanta Dukaanka Qanciye soo gashay, "
COD_06376.wav,Ukraine: Shacab ku la'day weerar uu Ruushku ku qaaday dhisme rayid
COD_00090.wav,"Waxaan inta badan niraahnaa Soomaaliya waa Umaddii Abwaanada, anigana tani waxay iiga dhigan tahay inaan nahay ummad caqli badan oo maskax caafimaad leh qabta,"
COD_03064.wav,"Fiqishinni ayaa yidhi  boqorow aan kuu ducaynee wiilka yar ha dilin. Waxa dhici doonta in uu isagu dhulka u talin doono, adiguna waad garab fadhiisan doontaa."
COD_06573.wav,"ID card iyo damiin  Wakiil beey gobolka kusoo geli doonaan,"
COD_00546.wav,"Wuxuu qoraagu hoosta ka yiri Alla Mr. Jones, muxuu dayn culus ii dhaafay . "
COD_01145.wav,"Nasiib wanaag, markii dagaalku billowday waxay burcaddii dadka dhici jirtay u tallaabeen waqooyinga Muqdisho, "
COD_05740.wav,Midba dhan u tiri Kuuma dhaartoo Kuuma dhiidhiyin
COD_02821.wav,Ninkii waxaa qalbigiisa soo yadha galay kalsooni aan sidaa usii badnayd balse ugu dambeyntii wuxuu go'aan saday inuu Imaan naftiisa ku beero.
COD_02214.wav,Shacab bannaanbaxay oo ay ciidanka dowladdu uga falceliyeen xabsi iyo xabbad waa halkii uu burburka Suuriya ka soo billaawday.
COD_07036.wav,"Wuxuu sheegay inuu wax barashada u goyn jiray mararka qaar, "
COD_05425.wav,"taas oo u dhigmi karta in la dhimo ilaa boqol sideetan iyo sideed kun, sideed boqol sideetan iyo sideed lacagta yuan ee Shiinaha oo u dhiganta labaatan iyo sideed kun labo boqol taban iyo sideed ama  labaatan iyo seddax kun labo boqol sideetan iyo sagaal."
COD_01182.wav,"Adduunyo waa hooska labadiisa geline, quustaas iyo rajadaas ayaan ku dhex nooleyn."
COD_06234.wav,"Cirro, ayaa ka codsaday inay faraha kala baxaan,isagoo ugu baaqay Xukuumadda Madaxweyne Muuse Biixi Cabdi in guddi loo saaaro arrintan."
COD_04916.wav,adigu calooshaada bannaaanka ha keenin oo wax isku la har.      
COD_03562.wav,"Markii ay rasaasta is qabsatay, waxaa soo xasuustay maalintii lay soo afduubaayey, "
COD_00419.wav,"Sidii uu odaygu saadaaliyey ayay noqotay oo 'Cali' waa la dilay wax yar ka dib, qisada iyo suugaanta ka dhalatayna waa badan tahay."
COD_02668.wav,Falis oo Qolka Fadhiga ku jirto oo Dhabanada heysata ayuu u galay. 
COD_01457.wav,waxaana ka gaabsaday TikTok oo aan waqti badan gelin jiray. 
COD_02639.wav,waxaysa isla garten iney muhiim tahay in Maamadu ku qanacdo Hab-Nololedkoda.
COD_04433.wav,Isla wakhtigaas Itoobiya iyo Kiinya waxay wada saxiixdeen heshiis dhinaca milateriga ah oo Soomaaliya ka dhan ah. 
COD_04438.wav,waxayna inqilaabeen xukuumaddii Ra'iisal-wasaare Maxamed Ibrahim Cigaal 
COD_00137.wav,"Qaybtii hore ee ciyaarta ayaa lagu kala nastayn hal iyo eber, iyadoo xulka qaranka Soomaaliya uu hoggaanka u dhiibay Cabdi Xaafid."
COD_03670.wav,Hadad iyada ahan lahaydse maxad ciyaalkaa ku samayn lahayd?
COD_07072.wav,Koox feerayanno ah oo ka kooban ilaa shan ciyaaryahan oo ka socda xidhiidhka feerka Soomaaliya
COD_01040.wav,oo Facebook u yimid in ay mashaakilka dadka kale xalliyaan.
COD_01495.wav,"In uu xamaasho oo shamiidadaas uu wado ka helo quutulyoomka carruurtiisa ayuu u soo kallahay,"
COD_02579.wav,Waxay tiri: Waayahay. soo dhowoow ina habaryarteeyow. Soo dhowaaw carruurteyda Aabbahoodow.
COD_00070.wav,"Waxa uu ku dhashay kuna barbaaray miyiga Galgaduud ee bartamaha Soomaaliya,"
COD_03221.wav,Sheekadan dhalin ileeye waxa ka dhashay hadal murti ah oo dadku inta badan adeegsadaan. 
COD_03226.wav,wiilwaal ayaa yidhi aniga wiil nacas ahi abti i odhan maayo.
COD_04648.wav,Guusha waxay leedahay sharciyo la maro.
COD_04192.wav,Hadana marlabaad ayuu ninkii gacanta oogu midaaray inuu qaldan yahay. 
COD_02055.wav,"Haweeneyda oo asbuuc kasta aadi jirtay isbitaalka, si loola socdo heerka uu maraayo kansarka dhigiiggeeda ku faafaaya ayaa u tagtay dhaqtarkeedii. "
COD_00008.wav,"Dhaqanku waa abuurmaa, koraa, cudud iyo awoodna yeeshaa, ka dibna abaabadaa  oo hogaansamaa sida uu sheegay Mufakirkii weynaa ee Maalik Ibnu Nabi."
COD_02763.wav,Caruurtii waraabuhu waxa ay heleen toban Ido ah.
COD_00190.wav,"kaddib markii ay kaga soo adkaatay eber iyo hal, ciyaar qeyb ka ahayd horyaalka Premier League."
COD_01615.wav,Dadkiisana ma dayicin ee mashaariic horumarin iyo samafal ah oo ay dad badan ku nacfiyeen ayuu dalka ka hirgeliyay. 
COD_00987.wav,"Waxaa is dhahee, bal maanta soo dhiirrigeli, oo ka soo adeego. "
COD_01190.wav,"Wuxuuna abaal aan duugoobeyn ku leeyahay dhallinyaro badan oo uu deeqo waxbarasho ugu diray Suudaan, "
COD_03584.wav,waxaase nasiib iyo nasiib daro is biirsaday ahaa in meydkiisa lay hor dhigay oo siddii uu aabahey iigu hor dilay isagana la iigu hor dilay
COD_06683.wav,"faaraxow, waxaan baar baaray website yada soomaalida, anoo adeegsanaya  semilarweb  dhowr website baan eegay,"
COD_05074.wav,kuwa xaqa rumeeyow waxa laydinku wajibiyay soonka
COD_01852.wav,"Yuusuf wuxuu ka sheekayay aqoonta uu leeyahay Mucallimuu, "
COD_00615.wav,Fiicnaan leheedaa inuu fahamsiiyo inay suurta gal tahay in adiga iyo shaqaalahaaguba aad wada guulaysataan.
COD_05647.wav,"Afrikada galbeed sidaan horay u soo aragnay waxay weligeed xidhiidh ganacsi la lahayd Afrikada waqooyi,"
COD_05148.wav,"Waa lacag baad ah, ma aha canshuur. Canshuurta dowladda halkan ayaan ku bixiinnaa , tan kirada diyaaraddana Kenya ayaa lagu bixiyaa."
COD_01779.wav,Wax kasta oo kula yar lama naco. 
COD_00567.wav,"Haddaba munaasab ma tahay inay magaalooyinka waaweyn joogaan boqollaal ama kumannaan dhakhtar iyo xirfadlayaal kale oo caafimaad oo shaqo la’aan ah, "
COD_06807.wav,ee la xiriira dagaalka ay Soomaaliya kula jirto kooxda Al-Shabaab.
COD_00079.wav,"Mursal gabayadiisa waxay ku saabsan yihiin is-dhexgalka bulshada, nabadaynta iyo dowlad wanaagga iyo weliba jacaylka."
COD_03442.wav,"Madaxweynaha ayaa ugu baaqay dadka Soomaaliyeed in ay u gurmadaan walaalahooda hantidooda ku waayey masiibadan, "
COD_01845.wav,"Cabdullaahi wuxuu noo dhigay cashir dahabi ah oo aan baahi badan u qabno, ayna bulshadeennu ka arradan tahay. "
COD_03107.wav,Markaasaan is yidhaa; xooluhu yaanay dadkii lahaa ka lumine soo dabbaal. 
COD_00966.wav,Maalmo ka dib ayaad Facebook ku arkee xariifkii oo xaflad u shidan tahay. 
COD_00032.wav,"dhaqan walba oo oggol in horumar iyo wax ka bedel lagu sameeyo, wuu ka wanaagsan yahay dhaqanka aan diyaarka u ahayn, in isbedel lagu sameeyo."
COD_02243.wav,Xer Suufi ah oo fadhigeedu ahaa dooxada Nugaaleed ayuu kutubo ka raacday. 
COD_01393.wav,Aniguna buug aan watay ayaan akhrisanayay oo si fiican ulama sii hadlin. 
COD_00193.wav,"Ugu dambeyntii ciyaarta ayaa ku dhammaatay eber iyo hal ay kaga soo adkaatay Manchester United, "
COD_01155.wav,"Arrinta ugu murugada badan waa marka ay madaafiicdu qoysas ku habsadaan, oo reer dhan sidaas ku ba’o, "
COD_02422.wav,Kaabayaasha dhaqaalaha waa inaan soo celino  
COD_02547.wav,Abul-Caas ayaa nabi Muxamad naxariis iyo nabadgelyo korkiisa ha ahaatee ka soo doontay gabadhiisa Zeynaba. 
COD_00034.wav,"ummad walba oo dib dhacda, waxa loo sababeeyaa inta badan dhaqanka ad-adag ee aan ogolayn in la horumariyo."
COD_03424.wav,"Waxaa Xeer Madaxweyne lagu joojiyey heshiis kasta oo ku saabsan kala wareejinta, iibka, kireynta iyo qaab kasta oo la xiriira ka macaashka dhulka danta-guud, "
COD_06462.wav,"Waxaa keliya haray deegaanka ceelbuur oo ah deegaanka ugu dambeeya ee gacanta khawaarijta ku harsan, "
COD_07015.wav,oo ah warbixinta sannadlaha ah ee qortay tilmaanta hormuudka u ah musuqmaasuqa caalamiga ah ee qaybaha dawladda. 
COD_03680.wav,"Sidoo kale, Madaxweyne Farmaajo ayaa cambaareeyey weerarkii argagixiso ee maanta ay kooxaha arxanlaaweyaasha ahi la beegsadeen Xarunta Villa Hargeysa, "
COD_01950.wav,"Hambalyo walaalkey Adan Ibrahim Adan. Adduun iyo aakhiraba waxaan u rajeynayaa nolol fiican iyo mustaqbal ifaya oo aad mahdiso, Alle idankiis."
COD_04108.wav,Odaygii ayaa dhiiranaanta iyo isku kalsoonida gabadha yar ka muuqata la yaabay. 
COD_04778.wav,tani waxay u muuqataa in dililka qorsheysan loogu gol leeyahay in lagu ciribtiro dadka sidda aadka loo doondoonaayo.
COD_06096.wav,kadibna uu xigay dagaal toos ah.
COD_07042.wav,ka dib markii tababarihiisii ugu horreeyay oo waddada kasoo qabtay uu geeyay meel lagu taba baro da  yarta xiisaysa feerka.
COD_00881.wav,"waase in ay aayahooda si dhab ah uga tashadaan, oo ay tintoodu hal dhinac u xiiraan, iskana diidaan in ay dhibbanayaal u noqdaan siyaasiyiin danleey ah, "
COD_03634.wav,"Adeerkey maalin maalmaha ka mid ah wuxuu i weydiiyey sidda aan ugu dhaxjiro noloshaan baas ee shidada badan, "
COD_01499.wav,Waxaana bajaajleyda iyo dadka saaran  maalin kasta sidaas uga qasaarto saacado badan oo ay shaqeysan lahaayeen. 
COD_05866.wav,waxaana garsooraha maxkamadda uu amray in lasii daayo ayada oo loo xisaabinaayo mudadii uu hore xabsiga ugu soo qaatay iyo hab dhaqankiisa wanaagsanaa.
COD_02619.wav,Wuxuu dareensiiyay in erayada iyo ficilada Romantic-ga ah oo ay ka daawato Filimada aysan aheyn Nolosha saxda ah ee Jiliyaashu ku heestaan Guryahooda.
COD_05262.wav,Waxyeelo aad ah ayeey leedahay in caruurta aay ku noolaadaan rabshad qoys.
COD_03325.wav,"waddanka ugu horreeyana waa Denmark,  maxaa noo diiday inaan Denmark latartano?  "
COD_01109.wav,"Waxaan xasuustaa in qaar ardaydii ka mid ah soo jeediyeen in lacag la iska aruuriyo, "
COD_05540.wav,Meheradaha Shaaha lagu iibiyo ee Jigjiga
COD_00415.wav,"iyadoo jufadiisiina ay ku shirbeyso Kor geelow koofi leeyehee, kalaan ma u xumey kartaa?"
COD_06884.wav,Codsadayaashu waxay awood u yeelan doonaan inay la socdaan halka ay marayaan codsiyadoodu.
COD_01367.wav,maadaama la cunsuryeeyo oo aysan shaqooyin fiican ka helin shirkadaha dalkaan.
COD_00091.wav,Waxaan filayaa in ku guuleystayaashayada sanadkan ay ka tarjumayaan xaqiiqooyinkaas.
COD_06065.wav,waayo waxaan geeri ahayn oo ay la ordayaan ama ay wataan ama ay jecel yihiin inay suurtowdo majiraan 
COD_00215.wav,"Dhawr wiil ayaa u kala cararay iyagoo afka taagaaya, markaasuu kii ugu hormaray afka ugu riday bulac mulac uu gacanta ku qarinaayay"
COD_04902.wav,"Wiilkii, waxa uu mashquulay dhawr habeen in uu gadaal u raaco dadkii ay wada sheekaysan jireen sannado ka hor. "
COD_06380.wav,Warbixin ay VOA arrintan ka qortay waxaa soo jeedinaya Xuseen Barre.
COD_03213.wav,markaasay ka dhex baxday aqalkii oo ay dibada is taagtay.
COD_03759.wav,"Ugu dambeyn, muwaadinka u dhashay Kuuriyada Waqooyi looma ogola inuu u dhoofo dibadda, "
COD_02271.wav,Si ay iigu xaqiijiso ayayna infiito iigu soo taagtay. 
COD_04351.wav,"oo intii dagaalku socday oo dhan illaa gabbal-dhicii Somaliland waxay madaafiic ku garaacaysay guryaha shacabka iyo cisbitaalka weyn ee Laascaanood,"
COD_03880.wav,"Ilaa iyo inta dhibaatadu ka fogaato dhulweynaha Mareykanka, "
COD_06679.wav,Muse inu firkeeni yaha shaki kuma jiro. Salaan sare curad keeniyoow. Oo kaaga timid kuwii kaa yaraa
COD_07252.wav,iyo sida uga go'antahay badbaadinta hooyada la daalaa dhaceysay xaaladda caafimaad darro.
COD_04581.wav,Had iyo jeer waxaa jiri doona sababo aad dib uga dhigi karto hadafyadaada ganacsiga. 
COD_05190.wav,waa inaad garataa inaad garab isku tahay oo aad kaligaa wax qabsan kartid.
COD_06870.wav,ee u safraya aagga Shenjen qalab aad u casri ah oofudud in la isticmaalo aaminna ah.
COD_03527.wav,"wuxuuna ii sheegay inuu aniga ii soo gaday, "
COD_04274.wav,"Haa, gabadh dhallin yar ayaa biyaha ku jirta. "
COD_06386.wav,si ay u difaacaan Imaaraadka Carabta. 
COD_00953.wav,"War waxaan ma akhrin karo, ee comment iyo like waa iga haysayaa ee macasalaamo."
COD_03501.wav,"Markii gurigii lay keenay, waxaa bilaabatay shuux-shuux iyo in faraha laygu soo taagtaago, "
COD_00263.wav,"Maxaa asxaabta, qaraabada ka tira badan tiro ahaan ,laakiin ka tira yar markaad u baahato "
COD_05622.wav,"Maanta shirkadda Rusty uu leeyahay ee lagu magacaabo DGO waxay leedahay 60,000 oo ceel oo isugu jira saliid iyo gaas. "
COD_06726.wav,"Muqdisho, 31 January 2023: Soomaaliya ayaa maanta martigelineysa shir ay magaalada Muqdisho ku yeelanayaan Wasiiirrada Gaashaandhigga"
COD_00383.wav,sidaa darteed inta u tageen ayay yiraahdeen Adeer waxaan isku haysannaa labadeenna kan uu weysa qaadkiisu khaldan yahay ee noo gar qaad.  
COD_02703.wav,Talaaladii waxa ay sheegtay inuu Dhimtay Cawralo  ay deris ahayen Caruurnimadedii ayna u baahantahay afartan dollar ay Tacsidaas ku aaddo; 
COD_04697.wav,maaraynta ururku waxay la macno tahay in wax lala qabto dadka kale si loo gaadho ujeeddooyinkeeda.
COD_03215.wav,"Gorayadii ayaa orod is bidday iyadoo kabad ama heeryo dhabarka ku wadata, "
COD_06390.wav,"taasoo xataa sababtay inay qabsadaan markab shidaal oo laga leeyahay dalka Kuuriya Koonfureed, sannadkii 2021."
COD_04017.wav,Aqriso qisan dhabta ah ee ku dhacdey qoraha bagekan
COD_02745.wav,ma waxaad garan weyday in aad suuqa xadhig ka qaadatid kaddibna neefka surka ama qoorta kaga xidhid  markaana aad soo kaxaysid?
COD_07336.wav,halbeega guushana welwelka  farxada Madaxweynaha ayuu ka dhigay.
COD_03295.wav,"agabkoodu waa inuu u dhanyahay,  qalab kaste waa inay haystaan oo ninka askariga ah waa inuu kala hortagi karaa cadowga,  "
COD_03687.wav,Munaasabadda Maalinta Shaqaalaha Adduunka ee kowda May. 
COD_00484.wav,"Dadkii ay waagaas hooyadey i bartey qaarkood weli waa noolyihiin iyagoo gaboobay, markaan midkood arkana waxaan soo xasuustaa hooyo"
COD_05685.wav,Ma geela ayaa korammo idiin ku jiraan? 
COD_05580.wav,"waxay dareemeen in la joogo waqtigii ay go'aan ku gaari lahaayeen inay soo afjaraan xaaladdaas, sida ay sheegtay Abigail."
COD_03657.wav,igamana aheyn in aan wax ka faa’iido ee waxey iga aheyd in aan jawiga ku fahmo si aan u bixi karo.
COD_03997.wav,Haxaqirin Qofka Wanaagiisa
COD_04841.wav,"Aad bay u dhibaysaa in uu adeerradi la socod siiyo hawsha oo uu ceebeeyo ilma-adeerradi, uuna dhaawacmo qalbiyada adeerradi."
COD_06002.wav,"Maamulaha Shakhtar Palkin ayaa hadda xaqiijiyay in labada kooxoodba ay bixiyeen lacag isku mid ah 22-jirkan,"
COD_04042.wav,sheeko gaban oo xaqiiqo ah kana dhacday south africa.
COD_00932.wav,"Dhadhan iyo xiiso gaar ah ayay ii leedahay, oo waa markii ugu horreysay oo aan bad, xeeb, markab iyo doon arkayo. "
COD_01918.wav,"Aug 03, 2008 Nuur Cadde ayaa Wasiirro cusub u magacaabay Wasaaradihii la iska casilay. "
COD_02105.wav,Makiinadda cajiin oo carwo itko ku taalla ayaan marayaa. 
COD_06087.wav,"kaas oo sababay inuu dagaal dhexmaro oo gacan ka hadal ah, "
COD_03453.wav,War ilmaha dhiiqada ka daya amnigooda ma sugi kartine
COD_06239.wav,"Shirkaan oo lagu soo bandhigay cilmi-baarisyo laga sameeyay wax-yaabaha ugu badan ee hadda dadku ay maandooriye ahaan u isticmaalaan,"
COD_01161.wav,Waxaana badan in la toogto dad goynaya ee halkaas meydkiisa eeyuhu ku feentaan. 
COD_00589.wav,Waxaa dhaqan u ahayd in markii qof yimaado oo qaato mid ka mid ah kirliyada uu ku qeyliyo 
COD_06307.wav,kaas oo u dhaxeeya ciidanka dowladda oo garabsanaya Eretereya iyo maleeshiyaadka Amxaarada oo dhinac ah iyo xoogaga TPLF.
COD_03983.wav,Muuji Waji Furfurnaan
COD_05582.wav,"Si dhab ah ayaan fadhiga uga kacnay, ayey tiri haweeneydan oo hadda 48 jir ah."
COD_05221.wav,Qofka guulaystaa waa kan leh hadaf kaas oo aan weligii ka niyad jabin.
COD_03065.wav,"Wiilkii yaraa goyaal dambe markuu waynaaday ayaa wuxuu noqday boqorkii deeegaanka oo dhab, isaga ayaana la wareegay boqortooyadii oo dhan."
COD_04117.wav,"Calool adayg waa Alla wehelkii, ee hadday dan mooddo baddunna buurta ha talowdo ayuu isku tirtirsiiyey. "
COD_04051.wav,Gabadhii baa kujawaabtay Adiga usheeg waa kan tinta kuu jaraayee
COD_00207.wav,"kaddib markii xiddiga reer Portugal uu wareysi taleefishin ah la yeeshay saxafiga Piers Morgan, "
COD_06696.wav,taasi waa gebagebadii riyadii  Jamhuuriyadda Somaliland . 
COD_00428.wav,Macallin Baay wuxuu ahaa macallinkeygii ugu horreeyey ee wax i baray marka laga yimaado Hooyo iyo Abbe.
COD_05602.wav,"waxayna shaqo adag soo mareen xilli aysan dunida casri ahayn, si ay u maareeyaan nolosha qoysaskooda."
COD_04612.wav,Shahaadooyinka waa xirfad aad adiga dooratay si aad ugu shaqeysato. 
COD_02253.wav,"Haddii ay ragga waxbartay ka gambadaan gabdhaha jinkooda ah, "
COD_03152.wav,"Magaalada iyo nolosheeda ayay ka sheekaysteen, "
COD_03761.wav,"China Lama ogola in Ruuxda qofka dhinta ay isku soo matasho nooc kale Geerida ka dib, "
COD_02139.wav,"Wuxuu keenay xafiiskiisa, wuxuuna waydiiyay sababta uu la murugaysan yahay. "
COD_03842.wav,ku dhawaad ​​labaatan sano oo dagaal ah tan iyo markaa waxay umuuqataa in aysan u adeegayn wax ujeeddo siyaasadeed ah. 
COD_05840.wav,isagoo gacan dhaqaale ka hellay xukuumadda Somaliland.
COD_00205.wav,"Waa markii ugu horreysay uu Cristiano Ronaldo ka baxo qaaradda Yurub, kaddib markii uu horay ugu soo ciyaaray kooxaha Sporting Lisbon, Manchester United, Real Madrid iyo Juventus."
COD_02692.wav,"Caku Doqonimadaada, Naa anigu Sagaal nin oo aan soo guursaday mid aanan Kuus Lacag ah kala harin kuma jiro "
COD_04314.wav,Jiirkii aad ayuu isula dhacay oo isku maleeyey in uu dahab ka kooban yahay. 
COD_02335.wav,sidaasi darteedna la yaab ma leh in madax badan oo waqtigan casriga ah jooga ay ku wanaagsanyihiin jeedinta khudbadaha 
COD_04722.wav,"Intaa waxaa dheer, isgaarsiinta waxay saameyn ku yeelan kartaa maamulaha iyo shaqaalaha inay isfahmaan."
COD_06004.wav,"Laakiin haddii aad eegto gudaha qaybta go'an iyo gunnooyinka, gabi ahaanba way ka duwanayd. "
COD_04479.wav,si ay ugu barato habka loo moofeeyo kalluunka 
COD_03062.wav,markaa haddaan mid kale kuu sameeyo wax ay kuu tarayso ma jirto. Kolkaa qardhaas kale samayn kari maayo.
COD_00016.wav,"Nidaamkaasi waxa uu ka kooban yahay tiirar kala duwan, tiir walbina waxa uu leeyahay kaalin ka duwan midka kale,"
COD_06748.wav,loogana sifeyn lahaa argagixisada caadeystey daadinta dhiigga shacabka 15 kii sanno ee la soo dhaafey..
COD_02182.wav,Waxaan ku kulannay asxaab aan muddo is arkin iyo dad  Baraha Bulshada iska arki jiray. 
COD_06624.wav,Hoos ka Akhriso qoraalka uu Facebook ku daabacay Xildhibaan Kulane.
COD_03276.wav,"waxaa waaye waa qeyb ka mida caburin, "
COD_01091.wav,"waxaa sharcigii laga ansixiyay labada gole ee Baarlamaanka, waxaana 2020kii lagu soo saaray digreeto Madaxweyne."
COD_05007.wav,"Illeen qabiil ma xisaabtamo qabyaaladna ma dhammaatee,"
COD_06764.wav,Markuu arkay: Dastuurka Dowladda Puntland Qodobkiisa 80-aad.
COD_02596.wav,"waxana laga yaabaa inan ku kala tagno Khilaafkaan, marka waxan sugayaa muddo Asbuuc ah, "
COD_03137.wav,Goortay laantii ka quusatay ayay tidhi ilaahay baa mahad leh aan xaaraantaa waxba iiga qorin.
COD_00251.wav,"Badso ama yareyso, wax kasta oo aad waalidkaa kula dhaqanto abaalkeeda waxaad ku heli doonta adduunka, inta aadan gaarin aakhiro."
COD_06311.wav,"Dagaalka sokeeye ee Itooboya ayaa qarxay bishii November ee sannadki 2020-ki,"
COD_03144.wav,"Sidaa darteed ayay soomaalidu tidhaahdaa: war kaasi waa dameer nacas ah, oo aan faai’do lahayn."
COD_00909.wav,Geel hoyaad ah ayaa daaqaya hareeraha waddada. 
COD_01452.wav,2018 ayaan sameystay TikTok oo la odhan jiray Musical. 
COD_00160.wav,"waan ognahay inay harsan yihiin natiijooyin kale, laakiin waxaan ognahay in guusheena ay ku xirnaan doonto waxa aan sameyno kaliya kulamadeena, "
COD_00264.wav,"Allow cid aan adiga ahayn ha ii baahinin, hana iga dhigin kiil cid kale dul saaran, Allow iga dhig mid ka maarma intaan adiga ahayn"
COD_05732.wav,Oo haddana weli Soo horaay iyo Hoobey la hayaa
COD_00986.wav,Qolo aad qaraabo tihiin ayaa furanaysa carwo dharka lagu iibiyo. 
COD_06903.wav,oo xubin ka ah laguna beddelo hal barnaamij oo codsi oo ah heerka Midowga Yurub.
COD_00640.wav,inta badan qofka aad aragto isagoo si gaar ah ugu dheggan Carabiga markaad tixraacdo waxaad ku arkaysaa astaamo loo fahmi karo inay dhinacaas u janjeeraan. 
COD_03730.wav,"Badda Cas ayaa qaadatay inta badan dhulkaas, wuxuuna noqday marin ganacsi oo muhiim u ah dunida. "
COD_04347.wav,waxayna laysay dad shacab ah oo u badan haween iyo carruur.
COD_05345.wav,"Casharkan waxaa loo la jeedaa in la fahmo qiimaha dhirtu deegaanka ay u leedahay,"
COD_01286.wav,"Inta dad kale oo iyagana loo adeegi waayay adeeg u dirsadaan ayuu wuxuu sokortii kuu keenayaa taban daqiiqo kaddib, "
COD_04967.wav,"Haddii aad Soomaaliya joogto, ma Cabdibile ayaa la hor socon karaa?"
COD_04924.wav,Indhaheedii cadcaddaa waxa ay isu beddeleen guduud god dheer ka soo muuqda.
COD_04896.wav,Waxaa jiray wiil iyo gabar isqabay. 
COD_00569.wav,"Haddaba dhakhaatiirta, sheybaaristeyaasha, kalkaaliyaasha, umulisooyinka iyo kuwa kaleba waxaan idiin soo jeedinayaa inaad ka baxdaan riyada aad ku jirtaan, "
COD_01488.wav,"250,000 oo qof ayaa ku aasan xaruntan oo lagu kaydiyay magacyadii, sawirradii, lafihii iyo madaxyada dadkii halkan lagu xasuuqay"
COD_01141.wav,Markaas wixii ka dambeeyey waxaa Wadjir iyo Dharkeynley maamulkii ka dhisnaa isu sii beddelay maamul beeleed barax la’
COD_06805.wav,War-murtiyeed shirka laga soo saaray ayaa lagu sheegay 
COD_06196.wav," Ayada oo ay tahay isku daygii ugu dambeeyey, waxaan heli karnaa fursad aan kaga wadatashano"
COD_04983.wav,"Ninkaasi, waxa aan siiyey lacagtii aan kula soo heshiiyey maantaas laba jibbaarkeed."
COD_03447.wav,lana garab istaagaan duco iyo taakuleyn inta ay garaan.
COD_01048.wav,"Jaceyl iyo xiiso aan macallinnimo u qabo uma dooran ee waxaan u galay in ay ii noqoto il kale oo dhaqaale,"
COD_01863.wav,"Haddii aan xor u ahay in aan shaqadeyda wato, waxaan rabaa in aan ninkaan ku ag fadhiya ka wareysto sababtii uu igu xiray."
COD_00206.wav,"Waxaa xusid mudan in Manchester United ay heshiiskii Cristiano Ronaldo ku baabi'isay is-afgarad,"
COD_07066.wav,"iyo inaan matalo dalkay Soomaaliya ee aan ku faano, ayuu yiri."
COD_04885.wav,"in ay ka hormarto ma aysan oggolayn, ma na jaclayn in ay waalidka u dhawaato."
COD_06815.wav,War-murtiyeedka ayaa intaa ku daray in madaxa ay qireen codsiga dowladda federaalka Soomaaliya 
COD_01964.wav,Sidaas ayay u akeyd noloshii iyo derisnimadii aan Dac ku soo arkay. 
COD_06769.wav,"Xeerkaani wuxuu dhaqan gelayaa markuu Madaxweynuhu saxiixo, Wuuna saxiixay."
COD_02636.wav,ogoowna ishiisa laga arag ushiisaa lagu dilaa ayay ku tiri
COD_06525.wav,Axmed Madoobe oo magacaabis sameeyay
COD_04161.wav,"Wuxuu is yidhi malaha odaygu fikradda maba keenin, xujadiina ma furin. "
COD_03520.wav,Nolosheyda waxey soo martay dhawr weji oo aad u xanuun badan.
COD_06075.wav,Wararkii ugu dambeeyay shirka dib u heshiisiinta Koonfur galbeed somaliya oo maanta ka furmayo Baydhabo
COD_00624.wav,Waxay ku doodaan in af-soomaaliga laga nadiifiyo afafka soo galootiga ah laakiin waxaa muuqata inay si gaara u beegsanayaan af-carabiga. 
COD_03835.wav,ciidamada Mareykanka waxaa lagu qiyaasey inay ka saareen karbaash hal dhibic labo bilyan oo carbon ah jawiga. 
COD_01771.wav,Maqaamka Muqdisho halkaas ayuu ka billawdaa 
COD_04366.wav,markasuu cigaal baqay wiilka afka ku soo taagaya ee ku soo socda 
COD_07004.wav,"Warbixinta saddex meelood ayaa laga soo qaadaa, bangiga adduunka iyo IMF."
COD_03746.wav,"Haddii shakhsi uu dambi galo, qoyskiisa oo dhan ayaa u qoollan ciqaabtana la qeybsanay."
COD_02278.wav,Subixii markii aan shaqada soo gelayo ayuu hadal kaftan ah igu tuuri jiray. 
COD_01078.wav,Naago ayay iiga shakisan tahay oo waxay rabtay in ay ogaato halka aan joogo.
COD_00122.wav,"Kadibna waxaan ogaaday inaan leenahay dhaqan wanaagsan iyo in Maansada ay qeyb weyn ka tahay dhaqanka Soomaalida, "
COD_03616.wav,siddii ayaan ku noqday marwo assaay reer u sidda oo la yara tixgelinaayo.
COD_01332.wav,Waxaan shaqa ka billaabay in aan baabuurta dhaqo. 
COD_03063.wav,Boqorkiiba intuu cadhooday yidhi  haddaa wiilkan yar ayaan dilayaa si aan qardhaasta uga soo saaro calooshiisa. 
COD_01949.wav,"Nasiib wanaag, mid ka mid ah maamulka Dahabshiil Group oo madasha ka hadlay ayaa ballanqaaday in Dahabshiil Group ay shaqo siinayso Aadan Ibraahim. "
COD_03308.wav,Sirdoonka inaan xoojino baabuurtaan qarxaya maalin walba waxaa waaye sirdoonka
COD_04590.wav,"waxbarashadaada jaamacaddeed ay saameyn kugu yeelan waydo, ogaaw waxbaa qaldan."
COD_01694.wav,"Midkood ayaa maalin igu yiri: oo maxaad isu dhibtaan, oo qadadaan noogu keentaan? "
COD_05497.wav,waxayna maskaxdiisa mar walba ku xiran tahay qancinta macaamiisha.
COD_04041.wav,Dhinaca kale CANAB CADAAN ayaa waxay dareemeysey maalintaas neecaw jaceyl
COD_04165.wav,Wiil Waal ayaa mar qudha haw fadhigii kasoo yidhi oo dhammaan intii madasha joogtay soo jeediyey. 
COD_01976.wav,Hooyadey ayaa igu tiri Waxaan xusuustaa in aan marmar idiin waayi jiray kunkii shilin ee aad Khamiista macallinka u geyn lahaydeen
COD_07287.wav,"Waxaan u maleynayaa inaad ula jeeddo 'waan xoog badanahay, ayuu yiri Wallace."
COD_03971.wav,"oo idhahday geeraarkan hore ayan u aqristay wuxu kuyaalaa buuga noocaas iyo noocaas ah, "
COD_00262.wav,Mid aadan abtirsiimo wadaagin ayaa laga yaabaa inuu kaaga soka maro kii ay hooyadaa iyo aabbahaa dhaleen. 
COD_05606.wav,Markii horeba ma daneyn jirin. Runtii waa shaqo aad u adag.
COD_02175.wav,Wax aad xirato kuuma furneyn ee ka carar meesha ayuuna iigu jawaabay.
COD_02624.wav,"Tarmuus Shaah, Garaafo Cabitaan ah iyo Baaquli Daango ah ayaa dhexdooda yaallay, "
COD_03495.wav,"mana jirin qof wax gurmad ah noo sameeyay, waloow ay jireen dad ka xun waxa nagu dhacaya, "
COD_03599.wav,"waloow ay ku feker ahaayeen oo aysan weligood dhihin gabadhaan islaameed iska fasax ama meherso, "
COD_01589.wav,Allow umaddeyda u barakeey kallahaadda
COD_03811.wav,iyo adeegsiga aan dhammaadka lahayn ayaa had iyo jeer ahaa mid aad u badan oo wax laga weydiiyo meeraha ay kheyraadkiisu kooban yihiin. 
COD_02909.wav,"Hooyadii waxay ku waanisay gabadheeda inay quraan akhrisato, waxaa laga yaabaa in daalki ka bataye"
COD_04859.wav,"Goor barqo dheer ah ayuu ninkii, sidiisii, gurigii isa soo taagay. "
COD_05247.wav,Dheelitir noloshaada . Dhakhtarada nafsigu waxay qabaan in caafimaadku yahay nolol dheelitiran
COD_02494.wav,wuxuuna 1983-dii curiyay maansada Halgankeennu waa labo 
COD_05088.wav,Madaxweyne Xasan Sheekh Maxamuud ayaa goor dhaweyd Ra'isul Wasaaraha Soomaaliya u magacaabay Xamse Cabdi Barre
COD_02241.wav,"Ciidankii Daraawiishta ayuu unkay, wuxuuna halgan saddex geesood ah oo 21 sano socday la galay gumeystihii Ingiriiska, Talyaaniga iyo Xabashida. "
COD_00911.wav,"Fiidkii ayaan ka soo dhacnay Caddaan-Laxey, oo uu ka leexdo jidka dheer ee Al-Kowthar ka dhaca."
COD_01673.wav,Waxaan keydiyay kun kasta oo i soo galay si aan gabdhaheyga wax ugu baro. 
COD_01478.wav,Dhallinyaro badan ayaa dalka dibaddiisa wax ku soo baratay. 
COD_00836.wav,"Ninkii Muqdisho iyo horumarkeeda ka hadlay wuxuu subixii soo kacay screenshot qoraalkiisii laga qaaday oo Facebook la wareejinayo,"
COD_00904.wav,"Waxaan macsalaamaynay Galgaduud, waxaana foodda gelinnay Shabeellada Dhexe. "
COD_05842.wav,sawirkii ugu horeeyey ee lugtiisa laga qaaday uu soo saaray in xabadii lagu dhuftay oo ku jirta
COD_01276.wav,oo u wacato kabalyeeri halkaas maraya oo degdeg ku furan yahay. 
COD_00188.wav,kaddib barbardhacan Barca ayaa wali farqi goolal ah kaga hoggaamineysa Real Madrid miiska kala sarreynta horyaalka La Liga dalka Spain.
COD_06300.wav,"ay ula dhaqmayaan dadka mudddaharaadka ka wada magaalada Laasacaanood ee gobolka Sool,"
COD_01405.wav,Kaddibna taleefankii ayuu ka qaatay maadaama uu nambarkii ugu qoran yahay. 
COD_01793.wav,Baro inaad dulqaad ku gaarto dantaada 
COD_01553.wav,"Saddexda iskuul mid waxaa looga qadeeyaa bariis, mid cambuulo, kan kalena soor."
COD_06092.wav,kaas oo u dhaxeeyay ciidanka dowladda iyo kuwa Al-Shabaab.
COD_02574.wav,"Muddo lix sano ah oo ay kaligeed ku nooleed magaalada Madiina waxay mar waliba la kulmeysay codsiyo guur, "
COD_04191.wav,Markaas ayuu isyidhi waad yaraysee ee badi. 
COD_05350.wav,Waxay abuuraan dhir aay ku kordhinayaandeegaanka haddii ay jirto kuwa la jaray.
COD_02186.wav,"Maalmo kadib, carruur ku nooleed magaalada Darca ayaa darbi ku qortay: shacabku wuxuu doonayaa in ay dowladdu dhacdo."
COD_05164.wav,Waa maxay xiriirka ka dhaxeeya ilkaha iyo xanuunnada khatarta ah?
COD_04020.wav,"ilyartuna ay is qabatey waxayna aheyd casar jawiguna aad iyo aad kuu xiiso galinaayo,"
COD_01750.wav,Waxaa usoo dalxiis tegi jirey saraakiishii talyaaniga oo markaas deeganka xukumaayey
COD_03839.wav,In si caqli gal ah loo dhigo: Mareykanku wuxuu ku sumeeyey meerayaasha mashruucyo aan waxtar lahayn.
COD_07133.wav,Waqtiga ugu wanaagsan ee la eegi karo waa saacadaha hore ee subaxa Khamiista marka dayaxa uu sii xaroonayo.
COD_04204.wav,Waxaa waxyar ka bacdi albaabkii ugu yimid sadexdii tuug oo intay beertii ka soo dhargeen midwaliba uu wax gacanta ku wato. 
COD_00097.wav,"Qoyskayga way iga dhegaysan jireen gabayada, wayna iga sixi jireen marka aan qaldo tuduca"
COD_04884.wav,"Waa ay ximin jirtay, haddii ay qaldanto waxba uma aysan qarin jirin."
COD_05324.wav,"Naxwe waa xubin muhiim ah oo saldhig u ah dhismaha hadalka,"
COD_07258.wav,"Filimkan waxaa laga soo dhex xushay kumanaan aflaam ah, wuxuuna kamid ahaa filimadii lagu abaal mariyay Canada."
COD_00901.wav,"Waxaan ku hergelnay, kuna tukannay Galcad, oo ay degaan Cali Gaaf oo uu Madaxweyne Xasan Shiikh ka dhashay. "
COD_02005.wav,"wuxuuna ka dhabeeyay ballanqaadkiisii ahaa in uu u taagnaan doono qadiyadda badda,"
COD_01330.wav,Waxaan ka dhashay qoys danyar ah. 
COD_02809.wav,"Dacawada oo Soomaalidu ay ku tilmaanto in ay caqli badan tahay, ayaa Waraabihii waxay la yeelatay xidhiidh wanaagsan, "
COD_05039.wav,waxaa laysku raacsan yahay inay leedahay tilmaamo sugan
COD_04977.wav,"War bal sug, waryaa soo ninka ma aragtid, waa in oday ah oo masuul ehe, sideed ula dhaqmaysaa?"
COD_02037.wav,"Wax badan oo aan adiga wax kaa dhibeyn ayaa qof kale u tari kara wax weyn, "
COD_04917.wav,"Wa midda labaade, ha baabaarin moobeellada iyo baraha dadka kuugu dhaw."
COD_04828.wav,Waxaa inta badan guriga isla jooga xaaskiisa iyo ina-adeerkood.
COD_01570.wav,Boqolka maalmood ee ugu horreysa dhawr sharci oo dalkaan muhiim u ah ayaan horgeyn doonnaa Baarlamaanka. 
COD_04553.wav,"Gaaritaanka yoolalka waa weyn waxay ku dareen siinaysaa qof sharaf leh, oo wax qabsan kara. "
COD_01147.wav,"oo dadka marna qabiil ku beegsata marna hanti ku maagta, marna sabab la’aan dadka u waxyeelleeya. "
COD_01386.wav,Waa safar saameyn ku yaalan doona qofka aad mustaqbalka noqon doonto iyo kaalinta aad bulshada ka dhex lahaan doonto. 
COD_05040.wav,Jacaylka iyo xiisaha ay bani-Aadamku u qabeen sheeko-tebinta iyo dhegaysigeeda
COD_03244.wav,Xididkaana waa xil kula yaal ee ka fogow maahe talo kale kuuma hayo.
COD_02399.wav,"waxaan ka ballan qaaday arrimaha ammniga inaan xoojiyo,   "
COD_03609.wav,TABTA keliya ee aan u dareemay in aan kaga badbaadi karro in aan mooryaan kalle gacantiisa galo ayaa taas noqotay.
COD_02893.wav,Gabadhii talo ayaa ku ciirtay oo waxay ku noqotay laba daran mid dooro. 
COD_02665.wav,"Hadda saxiibken Qanciye oo Waxjira-Moog ah,Bacmadoow Qudaar ahna lasii liicayo ayaa Guriga kasii socda, "
COD_00196.wav,"Kooxda Al-Nasr ee dalka Saudi Arabia ayaa ku dhawaaqday fiidnimadii jimcaha inay la saxeexdeen xiddiga reer Portugal ee Cristiano Ronaldo, "
COD_06288.wav,waxaase xusid mudan in ciidamada qaraxyada lagu weeraray ay ahaayeen kuwii horay u qabsaday degaanka Wabxo balse dib ugu soo baxay.
COD_01947.wav,Sidaas waxaa yiri Aadan Ibraahim Aadan oo maanta ka qalinjebiyay Jaamacadda SIU. 
COD_03581.wav,"Anigii waxaan bilaabay in aan ku dul baroorto, waa cusub ayaa igu baryey oo maba jirin qof aan isaga aheyn oo aan aqaano, "
COD_07360.wav,"Waxay la mid tahay adoo yiri  ardayga ugu fiican waxbarashada Iskuulka ayaan ahay,"
COD_07096.wav,"2018 ayey aheyd markii uu kaalinta saddexaad galay   isla sannadkaas oo uu ku guulaystay tartankii Chicago, "
COD_02401.wav,"waxaan bilownay bixinta mushaaraadka  ciidamada ammniga, shaqaalaha dowladda iyo xildhibaanadii xiligaas joogay."
COD_00557.wav,Ma xasuusataa macallinkii wixii kaa khaldamamo si naxariis leh kuugu sixi jirey? 
COD_03531.wav,oo intaan qeyb ka mid ah iibiyey ayaan markii uu guriga ka maqan yahay ku soo gadan jirey rooti iyo moos 
COD_04920.wav,Waxa ay lugaheeda ku raadsatay cudur halis ah. 
COD_03413.wav,"Rag wax kasta ku dayay, dameerna u tu’iyey. "
COD_03603.wav,"Waxaan is dhahay MASHEEGTAA OO MA DHAHDAA HEBEL IMA QABINE XOOG AYUU IGU HEYSTAY, "
COD_03814.wav,"Xilligii qoraalkiisii, Dagaalkii Koowaad ee Adduunka ayaa socday. "
COD_01228.wav,Aan hubinno in aan ku joogno jidkii janno lagu tegi lahaa. 
COD_02867.wav,Tuugii ayaa yidhi  beentaa weeyaan oo anaa faraka iska leh. 
COD_03445.wav,waxaan fadliga bisha Ramadaan awgeed Alle uga baryayaa in uu ka siiyo beddel ka khayr badan hantida halkaas kaga gubatay.
COD_05289.wav,"Biyaha nadiifka ah waxaa laga helaa caafimaad,"
COD_02879.wav,Ninkii isaga oo gabadha jecel ayuu xoolihii oo dhan xerada ka dareeriyay odaygiina ku wareejiyay. 
COD_00875.wav,"iyo natiijada ka dhalan doonto shacab awood dowladeed lagu dulmiyay, oo waa duruuftii uu maamulkaasi ku samaysmay."
COD_02234.wav,Allow yaa Darwiishkii farriin dabacsan  gaarsiiya
COD_06580.wav,"Madaxweynaha Jabuuti Ismaaciil Cumar Geelle iyo Ra'iisul Wasaaraha Itoobiya Abiy Ahmed Ali, "
COD_00022.wav,Dhaqanku wuxuu kaalin weyn ka qaataa midnimadda iyo isku soo dhawaanshaha bulshadda. 
COD_03615.wav,"biilna meel la ii saaro inta aan asaayga wado, "
COD_01693.wav,"Marmarka qaar ayay curaddeydu gaarigeeda iigu qaaddaa shaqadeydii hore, waxaana la soo qadeynaa saaxiibbadeydii shaqada. "
COD_03390.wav,"Wiilwaal arrintaa aad buu uga xumaaday wuxuuna u arkay dhaawac weyn soo gaari-karo Haybaddii u dadkiisa ku dhex lahaa, "
COD_06036.wav,Wuxuu sheegay in ay wanaagsan in igu sawirta baraha bulshada qarqisay lagu beddelo muuqaalo dhab ah 
COD_00956.wav,"Wariye ayaa Facebook soo dhigaya qoraal uu siyaasi ku jafayo, oo uu ku eedeynayo in uu yahay tuug"
COD_06450.wav,Hoos ka Akhriso War-saxaafadeedka kasoo baxay Madaxtooyada Galmudug.
COD_04548.wav,Furaha ugu muhiimsan ee ganacsiga waa inaad taqaano suuqa aad beegsanayso iyo inaad u haysato dhaqaalle kugu filan. 
COD_04837.wav,Caqli iyo ciso midna ma leh.
COD_04497.wav,Maskaxdu waxay hagtaa raadkeena marka aynu ku sii socono dariiqa nolosha. 
COD_03980.wav,Noqo Mid Isku Kalsoon
COD_00630.wav,"Miyaan dadkaani ogayn in luuqadaha adduunka kuwooda ugu laandheereysan sida Faransiiska, Ingiriiska iyo Carabigu ay ku jiraan erayo afkooda ka mid ah laakiin asal ahaan afaf kale ah? "
COD_02095.wav,Waxaan hormarayaa shaleemo Walaalaha. 
COD_01532.wav,"Nasiib wanaag, muuqaalkaas wuxuu sabab u noqday in aan carruur badan ku qanciyo nolosha xarunta ka jirta. "
COD_02737.wav,"waxaan kuu sheegayaa saaxiibow waxyaalaha aad ciyaarta ka dhiganayso aniga waa dhimashadeyda, sidaa daraadeed kulama ciyaari karo."
COD_02748.wav,"Wiilkii suuqii ayuu tegay wuxuuna soo gaday digaaggii, "
COD_01953.wav,Waxna waa kala amaahan jireen. Fiidkii haweenka xaafaddu barxadda guriga ayay ku sheekeysan jireen.
COD_04770.wav,Kadibna waxay qiimeeyaan warbixinada hanjabaadaha waxayna la wadaagaan natiijooyinkooda kormeerayaasha.
COD_00698.wav,"Meelihii ugu quruxda badnaa ee aan tegay waxaa ka mid ah maagalada Sydney ee dalka Australia oo ah xarun ganacsi, dhaqaalo iyo ilbaxnimo."
COD_03335.wav,labadeena labadaa talo ayaan isku haynaaye  illeen dan gaara ma jirtee  talo fiican keena  
COD_02156.wav,Siyaasiyiintii aan Baraha Bulshada ka arki jirnay iyagoo kala hadlaya oo isku dhegahadlaya ayaa shirka ku wada hadlay. 
COD_07223.wav,Xaaska Qabri-qodaha: Jilaaga Soomaaliga ah oo shaaciyay sida uu guusha ku gaaray 
COD_00924.wav,Tuugo ayaa ka soo dhexbaxday dhul hawd ah. Halkaas ayaa nagula baartay. 
COD_02049.wav,Sababtaas ayaana igu qasabtay in aan cunuggaygii ka soo tago oo aan shaqadaan soo aado. 
COD_03110.wav,Markuu indhaha i saaro ayuu orod is qaadaa. 
COD_04393.wav,cabaar markuu ka hormaray dadkii oodhan ayuu cigaal shidaad is yiri war balaayadu amuu col iila galaa dhereyaa
COD_05655.wav,"kuwaas oo u ahaa Karraaniyaal. Maali madaxdeedu iyagu Muslim bay ahaayeen,"
COD_04631.wav,balse dadku waxay u baahan yihiin inay ogaadaan sheyga maskaxdooda ka guuxa wakhti intee la’eg ayey u baahan yihiin inay ku qaadato.
COD_04579.wav,ma jirto waqti ku habboon in la bilaabo ganacsi. 
COD_00594.wav,"Haddaba suldaanka kirliyada wuxuu joogaa meel kasta. Goobaha ganacsiga, waxbarashada, hay’adaha dowladda. "
COD_01127.wav,"Waxay Madiina noqotay Meesha kaliya ee Muqdisho ka mid ah oo uu qofku uusan u cabsanayn naftiisa, maalkiisa iyo sharaftiisa,"
COD_03658.wav,"Waan soo fakaday, waxaan aaday Kenya, "
COD_04619.wav,"waxay ku siinaysaa raynrayn, waxayna ku siinaysaa inaad ogaato inaad saamayn ku yeelatay adduunkan tartanka adag leh."
COD_01285.wav,Walaalow sokorta iigu soo sameey sow kuma dhihin
COD_01785.wav,"Qof kasta oo ku guul-guula kugu qeyliya, kuuma caraysna. "
COD_00141.wav,"waxayna dalka Ethiopia kala soo laabteen sharaf, maamuus iyo maqaam ay shacabka Soomaaliyeed ku hamminayeen."
COD_02255.wav,"Xuseen iyo Asma waxay ku mashquuleen waxbarashada dibada, waxaana hadda shaqada wado Caasho iyo Jamaal. "
COD_01132.wav,"Waa mahadsan tihiin family iyo friends, iyo qof kasta oo guusheyda iyo horumarkeyga ka qeybqaatay."
COD_03827.wav,daraasad dhawaan Qiimaha Dagaalkii Jaamacada Brown ee Mashruuca Dagaalku wuxuu xaqiiqsaday xaqiiqadan layaabka leh
COD_03938.wav,Nin xanuun iska dareemay ayaa dhaqtar u tagaymaalin 
COD_00825.wav,Isaga oo seexanayo ayuu Facebook soo dhigay sawir qurux badan oo laga qaaday Suuqbacaad oo ganacsi xooggan ka socdo. 
COD_05833.wav,wuxuu ii sheegay in markii danbe dhakhtar u yimid lana geeyay qolka qalliinka deg deg ah.
COD_04425.wav,waxayna muujisay sida dadka Soomaaliyeed diyaarka ugu yihiin in ay xoriyad helaan. 
COD_04636.wav,Fikradda guushu way ku kala duwanaan kartaa qof ilaa qof laakiin qof kastaa waxa uu haminayaa in uu ku guulaysto sida ugu wanaagsan ee kartadiisa ah. 
COD_04376.wav,"war maxaa kugu dhacay Cigaal?, "
COD_02123.wav,Waa 13 jir iskuulley ah. Masjidka xaafadda ayaan isku barannay. 
COD_04494.wav,sababta uu iyada u gu soo celiyayna oo ahayd in uu dareensiiyo anaanniyadda nafteeda
COD_00078.wav,Wuxuu ahaa gabaygiisii ugu horreeyay ee uu tiriyo meel fagaare ah oo ay dadwayne aad u tiro badan ku sugnaayeen.
COD_04032.wav,Mustaf oo aftahan ahaa ayaa ugu jawaabey abaayo macaanto runtii noloshu waa meerto 
COD_01748.wav,"oo goof wey iyo beer isi-saaran ku lahayd deegaanka Xamar, "
COD_00210.wav,wuxuu ahaa mid maad iyo fara ka ciyaar badan mar kastana sameeya wax dadka ka yaabiya ama ka qosliya.
COD_00508.wav,"Noqo shinnida oo kale, ha noqon barambarada tixsiga oo kale"
COD_01103.wav,Sidoo kale waxaan macallin ugu noqday iskuulkii Ramadan Private School oo aan ka dhigi jiray Ingiriiska. 
COD_03149.wav,"Dameer ayaa wuxuu ku jawaabay dhibka i haysta waan ogahaye, laakiin dameero ayaa dabar gu’i darteed ayaan sidaa u samaynayaa."
COD_04886.wav,Xitaa wiilka waa ku xamataa oo wanaagba uga ma sheegto.
COD_01218.wav,"Walaalkiis oo waxbarashada ka soo dhiibay ayaa ku yiri: Bajaaj ayaan kuu iibinayaa ee ku shaqeyso, hooyana ka biil."
COD_03891.wav,Waxaan ugu dambeyntii ka baxnay musiibadaas. 
COD_02406.wav,Mudanayaal iyo marwooyin waxaan si taas la mida maanta  hortiina ka balan qaadayaa  inaan dhiso xukuumad
COD_05903.wav,mase aanay bixin faahfaahin dheeraad ah.
COD_01314.wav,Maanta ayaan YouTube ka daawaday kalimaddii aad maalinkaas iskuulka ka jeedisay. 
COD_06558.wav,sida uu warbaahinta dowladda u sheegay sarkaal ka tirsan ha’adaha ammaanka.
COD_03117.wav,"Riyuhu waxay ka mid yihiin saddexda meesi amma nooc ee ay xooluhu u kala baxaan, Geel, Lo’ iyo Adhi. "
COD_04004.wav,Hayasin Dadka Ha Uliidin Waa Sabool
COD_05818.wav,"maamul xumo, aqoon xumo dhinaca hawl-wadeenadda caafimaadka ee ka shaqeeya ah,"
COD_00305.wav,"Miyaadan fahamsanayn sababta sharciyo deel-qaaf ah mar kasta  sanka laysaga gelinaayo? Ninaan quudkiisa heli Karin, go’aan ma leh."
COD_02525.wav,Eebbe ha u raxmado abwaan Cabdi Muxumed Amiin.
COD_00432.wav,"iyo haddii aan xanuunsado inta xaafadda yimaado Quraan i saari jirey, "
COD_07304.wav,Inta badan waxaa igu dhaca xanuun daran inta lagu guda jiro xilliga caadada. 
COD_05844.wav,taasina keentay caabuq Infection sameeyey lugtiisa.
COD_05211.wav,Rajada sani waxaa weeyaan waxaa ku tusayo mustaqbalka waxaad noqon lahayd
COD_01892.wav,"rajo kalena iima muuqan oo waa laga quustay in uu hoggaankii kacaanku hagaago,"
COD_06671.wav,Ninka Daarood ah oo mar dambe nabad ku baaqo waa xabis.
COD_02634.wav,Naa Qosolkiina uma begine isbar-qabo oo Ninka iska jir. 
COD_01961.wav,"Carruurta xaafaddu waa isku xirnaayeen, duruufo isku mid ah ayayna ku wada noolaayeen. "
COD_05318.wav,Dhawr waqtiga mar waliba
COD_04719.wav,Isgaarsiintu waxay ku lug leedahay la wadaaga fikradaha iyo fahamka dadka kale. 
COD_06370.wav,"waxaana dalkaas ka jira dhibaatooyin la xidhiidha dhinaca toogashada, "
COD_04793.wav,laakiin waxaa xaqiiqo ah in kala fikir duwanaanshaha dadka ay keenaan in lagu kaco waxyaabo aan qabin diinta.
COD_03789.wav,"qofka guriga iska leh uma diidi karo taas, haddii kale waxa uu wici karaa booliska, dacwana wuu ka gudbin karaa."
COD_00171.wav,Qeybta hore ee ciyaarta ayaa lagu kala nastay hal iyo eber ay ku hoggaamineysay kooxda martida loo ahaa ee Manchester City.
COD_06047.wav,ee ka dhanka ah khawaarijta  ayaa intaas lagu sii daray qoraalka.
COD_06125.wav,2- daabulista Hubka iyo Walxaha Qarxa.
COD_00006.wav,"oo la dhaho  'colore' , eraygaas oo macnihiisu yahay  beerid."
COD_04123.wav,"Way is fiirfiiriyeen, isfiirfiirin tuhun iyo Allow ceeb astur ku dheehan tahay. "
COD_03525.wav,meeshii ayaan ku dhalay wiilkeyga curadka ah ee aan meherka ku dhalan balse uu aabihii joogo. 
COD_06153.wav,Wariye shaaciyay inuu ka badbaaday qorshe ay dowladda Xasan Sheekh ku qaarijin rabtay
COD_04963.wav,Waxaa waday Bajaajtiisii nin garmadow ah oo markaasi jaad takhsiinnaa. 
COD_04231.wav,Inkasta oo uu muddo afar sannadood ah ka maqnaa geed geed ayuu u garanayaa. 
COD_03283.wav,waan isku tageynaa  ama haday nabad qaataan way fiicanyihiin  
COD_01710.wav,"iyo in ay rag u badnaayeen dadkii ku dhintay ama ku naafoobay dagaalladii dalka ka dhacay,"
COD_04431.wav,waxeyna sameyntiisa soo bilaabatay 1960kii.
COD_00880.wav,"Reer Laasacaanood waxaan u rajaynayaa in ay karaamo, xurriyad iyo nabad ku noolaadaan, "
COD_04919.wav,Habeenkii ay baratay balo ayey doonatay.
COD_03147.wav,"Waxan ku aragnaa adiga oo dameerta daba ordaya, iyaduna afka laag kaala dhacayso. "
COD_03180.wav,"Ninkii deeqsiga ahaa markii uu hadalkaa maqlay ayuu isku xishooday, kadib waxa uu keenay caanihii hasha labaad."
COD_03038.wav,laakiin marka jiilaalka la gaadho ayna qaarkood guur karayn.
COD_03356.wav,kuwa idin ka dambeeya  oo tiraahdaan markaan qalinka haysanay  wax waa idiin qaban weynay  oo dano shaqsiyaa qaadanay  
COD_05660.wav,"Faafinta diinta Islaamka, waxay gaarsiisnayd magaalooyinka waaweyn  iyo sayladaha,"
COD_02990.wav,"balse shimbirkii ayaa wuxu ku jawaabay xalay waxba kama war hayn oo roob biyo badan, oo aad xoogana wata ayaa da’ayay. "
COD_05601.wav,"Aabihiis iyo awooweyaashiisa waxay kasoo shaqeeyeen ceelasha saliidda iyo dhuumaha shidaalka qaada,"
COD_01817.wav,Hadda ayaan fahamay sababta anigoo aad u yar  waxbarasho iigu billowday iyadoo asaaggey ay meelaha isaga ciyaaraayaan. 
COD_03079.wav,"Intuu subaguu watay soo dajiyay ayuu dhulka ku qubay, "
COD_00524.wav,"Kan soo qabo, kan soo qabo, ilaa uu yaabay Mr. Jones oo weydiiyay adeer ma wadataa lacag waxaasoo dhan kuu goysa?, "
COD_06803.wav,Shirkan ka dhacay magaalada Muqdisho ayuu ujeedkiisu ahaa sidii la isaga kaashan lahaa looguna midoobi lahaa dagaalka ka dhan ah kooxda Al-Shabaab
COD_04373.wav,"waxuu isyiri alaylehe balada kuwaan dabada kawada yay ku haleeline kagaarsii oo baxso, "
COD_06548.wav,"Xukuumadda Dbeibah ayaa lagu soo dhisay hannaan ay Qaramada Midoobay taageertay sannadkii 2021-kii, "
COD_06161.wav,waxa qaabdarada ah laga duubo ee malaha laga iibiyo ama lagu bahdilo waa yahay bay dhaheen  
COD_03071.wav,"oo wuxu ninkii kale ku yidhi maxaad yeyda xoolaha iigaga diraysaa, miyaad waalantahay?. "
COD_04012.wav,Xaq Dhowr Deriskaaga
COD_06147.wav,Ra'iisul Wasaare Ku Xigeenka Xukuumadda Federaalka Soomaaliya Saalax Axmed Jaamac  
COD_00854.wav,"si aad hadiyaddaada ugu soo xulato gacantaada, waana tan ee iga guddoon xayaati."
COD_00566.wav,"lagana yaabo in dadkaas badnkooda xaaladoodu fudud yihiin, haddii ay meeshooda daryeel caafimaad oo asaasi ah ku heli lahaayeenna ay meelooda joogi lahaayeen. "
COD_05578.wav,Sidaas darteedna waxaa ka go'neyd inay isku dayaan sidii ay arrintaas wax uga qaban lahaayeen.
COD_02965.wav,qadar Alla markaanna guul kama keenin oo soo qaban waa silsiladii.
COD_04547.wav,Waa goormaa wakhtiga saxda ah ee aad bilaabi karto ganacsi?
COD_01428.wav,"Ma aqaan ninka oo meel taleefan la iiga dhacay ayuu iga soo waday, anigaa moobeel kuu iibinayaa ayuuna igu yiri, "
COD_01087.wav,"Waxa haya waa laguu yaqaan, oo waa cudurkii aabbahey u dhintay. Sidaas oo kale ayaa aabbe loo qabtay."
COD_03472.wav,"maleeshiyadii 5 ka mid ah ayaa markiiba guriga horey u soo galeen, "
COD_05238.wav,In ay hurdadu kugu adkaato.
COD_02889.wav,"Gabadhii ayaa baxday oo u tagtay ninkii ay dariska ahaayeen, "
COD_02811.wav,"Waraabihii wuxuu go'aansadey in ay is guursadaan isaga iyo Dawacadu, "
COD_06503.wav,marka laga reebo Madaxweynaha Puntland Siciid Cabdullaahi Deni oo diiday dhawaan in uu la fariisto.
COD_00166.wav,waxaana la rumeysan yahay in kooxda reer England ay ku dhowdahay inay hesho saxiixa ciyaaryahanka.
COD_03678.wav,"waxa uuna mar walba ku baraarujin jirey taageerada dowladnimada, midnimada iyo wadajirka shacabka Soomaaliyeed. "
COD_01442.wav,Waxaan ku dhashay deegaanka Gunburlibaax oo qiyaastii 40km koofurbari uga beegan magaalada Burco. 
COD_05181.wav,Sidaad u yeelan lahayd yool iyo hadaf. 
COD_04050.wav,"Ninkii baa kujawaabay, Waxaad ku dhahdaa asxaabteyda baan lasoo fiidsanaayaa"
COD_05122.wav,"Inkastoo maalmihii ugu horreeyay aan xishoon jiray, haddana gadaal baan kala qabsaday, oo wuxuu ii ahaa saaxiib"
COD_02221.wav,"Dadkii meesha marayay oo aan ka mid ahaa ayaa ku soo dhoobtay, waxaana saf dheer u galnay miisaankii, si aan u tijaabinno nasiibkeenna. "
COD_06201.wav,oo ay ku jiraan Tigray iyo gobollada deriska la ah ee Canfarta iyo Amxaarada.
COD_07048.wav,Balse sida uu sheegay markii uu dhammeeyay waxbarashada dugsiga sare ayuu mar labaad ku soo laabtay feerka 
COD_05163.wav,Dowladdii hore wuxuu ku dhaliilay qaabka ay u maamushay kiiska dhallinyaradaas.
COD_06536.wav,Block mar labaad I saar cawaan yahow.
